ERROR - 2026-03-08 02:00:56 --> Error connecting to the database: mysqli_sql_exception: Access denied for user ''@'localhost' (using password: NO) in C:\xampp\htdocs\lab11_ci\ci4\system\Database\MySQLi\Connection.php:201
Stack trace:
#0 C:\xampp\htdocs\lab11_ci\ci4\system\Database\MySQLi\Connection.php(201): mysqli->real_connect('localhost', '', Object(SensitiveParameterValue), '', 3306, '', 0)
#1 C:\xampp\htdocs\lab11_ci\ci4\system\Database\BaseConnection.php(419): CodeIgniter\Database\MySQLi\Connection->connect(false)
#2 C:\xampp\htdocs\lab11_ci\ci4\system\Database\BaseConnection.php(654): CodeIgniter\Database\BaseConnection->initialize()
#3 C:\xampp\htdocs\lab11_ci\ci4\system\Database\BaseBuilder.php(1649): CodeIgniter\Database\BaseConnection->query('SELECT *\nFROM `...', Array, false)
#4 C:\xampp\htdocs\lab11_ci\ci4\system\Model.php(254): CodeIgniter\Database\BaseBuilder->get()
#5 C:\xampp\htdocs\lab11_ci\ci4\system\BaseModel.php(675): CodeIgniter\Model->doFindAll(0, 0)
#6 C:\xampp\htdocs\lab11_ci\ci4\app\Controllers\Artikel.php(38): CodeIgniter\BaseModel->findAll()
#7 C:\xampp\htdocs\lab11_ci\ci4\system\CodeIgniter.php(951): App\Controllers\Artikel->admin_index()
#8 C:\xampp\htdocs\lab11_ci\ci4\system\CodeIgniter.php(497): CodeIgniter\CodeIgniter->runController(Object(App\Controllers\Artikel))
#9 C:\xampp\htdocs\lab11_ci\ci4\system\CodeIgniter.php(340): CodeIgniter\CodeIgniter->handleRequest(NULL, Object(Config\Cache), false)
#10 C:\xampp\htdocs\lab11_ci\ci4\system\Boot.php(417): CodeIgniter\CodeIgniter->run()
#11 C:\xampp\htdocs\lab11_ci\ci4\system\Boot.php(68): CodeIgniter\Boot::runCodeIgniter(Object(CodeIgniter\CodeIgniter))
#12 C:\xampp\htdocs\lab11_ci\ci4\public\index.php(59): CodeIgniter\Boot::bootWeb(Object(Config\Paths))
#13 C:\xampp\htdocs\lab11_ci\ci4\system\rewrite.php(44): require_once('C:\\xampp\\htdocs...')
#14 {main}

Next CodeIgniter\Database\Exceptions\DatabaseException: Access denied for user ''@'localhost' (using password: NO) in C:\xampp\htdocs\lab11_ci\ci4\system\Database\MySQLi\Connection.php:231
Stack trace:
#0 C:\xampp\htdocs\lab11_ci\ci4\system\Database\BaseConnection.php(419): CodeIgniter\Database\MySQLi\Connection->connect(false)
#1 C:\xampp\htdocs\lab11_ci\ci4\system\Database\BaseConnection.php(654): CodeIgniter\Database\BaseConnection->initialize()
#2 C:\xampp\htdocs\lab11_ci\ci4\system\Database\BaseBuilder.php(1649): CodeIgniter\Database\BaseConnection->query('SELECT *\nFROM `...', Array, false)
#3 C:\xampp\htdocs\lab11_ci\ci4\system\Model.php(254): CodeIgniter\Database\BaseBuilder->get()
#4 C:\xampp\htdocs\lab11_ci\ci4\system\BaseModel.php(675): CodeIgniter\Model->doFindAll(0, 0)
#5 C:\xampp\htdocs\lab11_ci\ci4\app\Controllers\Artikel.php(38): CodeIgniter\BaseModel->findAll()
#6 C:\xampp\htdocs\lab11_ci\ci4\system\CodeIgniter.php(951): App\Controllers\Artikel->admin_index()
#7 C:\xampp\htdocs\lab11_ci\ci4\system\CodeIgniter.php(497): CodeIgniter\CodeIgniter->runController(Object(App\Controllers\Artikel))
#8 C:\xampp\htdocs\lab11_ci\ci4\system\CodeIgniter.php(340): CodeIgniter\CodeIgniter->handleRequest(NULL, Object(Config\Cache), false)
#9 C:\xampp\htdocs\lab11_ci\ci4\system\Boot.php(417): CodeIgniter\CodeIgniter->run()
#10 C:\xampp\htdocs\lab11_ci\ci4\system\Boot.php(68): CodeIgniter\Boot::runCodeIgniter(Object(CodeIgniter\CodeIgniter))
#11 C:\xampp\htdocs\lab11_ci\ci4\public\index.php(59): CodeIgniter\Boot::bootWeb(Object(Config\Paths))
#12 C:\xampp\htdocs\lab11_ci\ci4\system\rewrite.php(44): require_once('C:\\xampp\\htdocs...')
#13 {main}
CRITICAL - 2026-03-08 02:00:56 --> CodeIgniter\Database\Exceptions\DatabaseException: Unable to connect to the database.
Main connection [MySQLi]: Access denied for user ''@'localhost' (using password: NO)
[Method: GET, Route: admin/artikel]
in SYSTEMPATH\Database\BaseConnection.php on line 465.
 1 SYSTEMPATH\Database\BaseConnection.php(654): CodeIgniter\Database\BaseConnection->initialize()
 2 SYSTEMPATH\Database\BaseBuilder.php(1649): CodeIgniter\Database\BaseConnection->query('SELECT *
FROM `artikel`', [], false)
 3 SYSTEMPATH\Model.php(254): CodeIgniter\Database\BaseBuilder->get()
 4 SYSTEMPATH\BaseModel.php(675): CodeIgniter\Model->doFindAll(0, 0)
 5 APPPATH\Controllers\Artikel.php(38): CodeIgniter\BaseModel->findAll()
 6 SYSTEMPATH\CodeIgniter.php(951): App\Controllers\Artikel->admin_index()
 7 SYSTEMPATH\CodeIgniter.php(497): CodeIgniter\CodeIgniter->runController(Object(App\Controllers\Artikel))
 8 SYSTEMPATH\CodeIgniter.php(340): CodeIgniter\CodeIgniter->handleRequest(null, Object(Config\Cache), false)
 9 SYSTEMPATH\Boot.php(417): CodeIgniter\CodeIgniter->run()
10 SYSTEMPATH\Boot.php(68): CodeIgniter\Boot::runCodeIgniter(Object(CodeIgniter\CodeIgniter))
11 FCPATH\index.php(59): CodeIgniter\Boot::bootWeb(Object(Config\Paths))
12 SYSTEMPATH\rewrite.php(44): require_once('C:\\xampp\\htdocs\\lab11_ci\\ci4\\public\\index.php')
ERROR - 2026-03-08 02:06:25 --> Error connecting to the database: mysqli_sql_exception: Access denied for user ''@'localhost' (using password: NO) in C:\xampp\htdocs\lab11_ci\ci4\system\Database\MySQLi\Connection.php:201
Stack trace:
#0 C:\xampp\htdocs\lab11_ci\ci4\system\Database\MySQLi\Connection.php(201): mysqli->real_connect('localhost', '', Object(SensitiveParameterValue), '', 3306, '', 0)
#1 C:\xampp\htdocs\lab11_ci\ci4\system\Database\BaseConnection.php(419): CodeIgniter\Database\MySQLi\Connection->connect(false)
#2 C:\xampp\htdocs\lab11_ci\ci4\system\Database\BaseConnection.php(654): CodeIgniter\Database\BaseConnection->initialize()
#3 C:\xampp\htdocs\lab11_ci\ci4\system\Database\BaseBuilder.php(1649): CodeIgniter\Database\BaseConnection->query('SELECT *\nFROM `...', Array, false)
#4 C:\xampp\htdocs\lab11_ci\ci4\system\Model.php(254): CodeIgniter\Database\BaseBuilder->get()
#5 C:\xampp\htdocs\lab11_ci\ci4\system\BaseModel.php(675): CodeIgniter\Model->doFindAll(0, 0)
#6 C:\xampp\htdocs\lab11_ci\ci4\app\Controllers\Artikel.php(38): CodeIgniter\BaseModel->findAll()
#7 C:\xampp\htdocs\lab11_ci\ci4\system\CodeIgniter.php(951): App\Controllers\Artikel->admin_index()
#8 C:\xampp\htdocs\lab11_ci\ci4\system\CodeIgniter.php(497): CodeIgniter\CodeIgniter->runController(Object(App\Controllers\Artikel))
#9 C:\xampp\htdocs\lab11_ci\ci4\system\CodeIgniter.php(340): CodeIgniter\CodeIgniter->handleRequest(NULL, Object(Config\Cache), false)
#10 C:\xampp\htdocs\lab11_ci\ci4\system\Boot.php(417): CodeIgniter\CodeIgniter->run()
#11 C:\xampp\htdocs\lab11_ci\ci4\system\Boot.php(68): CodeIgniter\Boot::runCodeIgniter(Object(CodeIgniter\CodeIgniter))
#12 C:\xampp\htdocs\lab11_ci\ci4\public\index.php(59): CodeIgniter\Boot::bootWeb(Object(Config\Paths))
#13 C:\xampp\htdocs\lab11_ci\ci4\system\rewrite.php(44): require_once('C:\\xampp\\htdocs...')
#14 {main}

Next CodeIgniter\Database\Exceptions\DatabaseException: Access denied for user ''@'localhost' (using password: NO) in C:\xampp\htdocs\lab11_ci\ci4\system\Database\MySQLi\Connection.php:231
Stack trace:
#0 C:\xampp\htdocs\lab11_ci\ci4\system\Database\BaseConnection.php(419): CodeIgniter\Database\MySQLi\Connection->connect(false)
#1 C:\xampp\htdocs\lab11_ci\ci4\system\Database\BaseConnection.php(654): CodeIgniter\Database\BaseConnection->initialize()
#2 C:\xampp\htdocs\lab11_ci\ci4\system\Database\BaseBuilder.php(1649): CodeIgniter\Database\BaseConnection->query('SELECT *\nFROM `...', Array, false)
#3 C:\xampp\htdocs\lab11_ci\ci4\system\Model.php(254): CodeIgniter\Database\BaseBuilder->get()
#4 C:\xampp\htdocs\lab11_ci\ci4\system\BaseModel.php(675): CodeIgniter\Model->doFindAll(0, 0)
#5 C:\xampp\htdocs\lab11_ci\ci4\app\Controllers\Artikel.php(38): CodeIgniter\BaseModel->findAll()
#6 C:\xampp\htdocs\lab11_ci\ci4\system\CodeIgniter.php(951): App\Controllers\Artikel->admin_index()
#7 C:\xampp\htdocs\lab11_ci\ci4\system\CodeIgniter.php(497): CodeIgniter\CodeIgniter->runController(Object(App\Controllers\Artikel))
#8 C:\xampp\htdocs\lab11_ci\ci4\system\CodeIgniter.php(340): CodeIgniter\CodeIgniter->handleRequest(NULL, Object(Config\Cache), false)
#9 C:\xampp\htdocs\lab11_ci\ci4\system\Boot.php(417): CodeIgniter\CodeIgniter->run()
#10 C:\xampp\htdocs\lab11_ci\ci4\system\Boot.php(68): CodeIgniter\Boot::runCodeIgniter(Object(CodeIgniter\CodeIgniter))
#11 C:\xampp\htdocs\lab11_ci\ci4\public\index.php(59): CodeIgniter\Boot::bootWeb(Object(Config\Paths))
#12 C:\xampp\htdocs\lab11_ci\ci4\system\rewrite.php(44): require_once('C:\\xampp\\htdocs...')
#13 {main}
CRITICAL - 2026-03-08 02:06:25 --> CodeIgniter\Database\Exceptions\DatabaseException: Unable to connect to the database.
Main connection [MySQLi]: Access denied for user ''@'localhost' (using password: NO)
[Method: GET, Route: admin/artikel]
in SYSTEMPATH\Database\BaseConnection.php on line 465.
 1 SYSTEMPATH\Database\BaseConnection.php(654): CodeIgniter\Database\BaseConnection->initialize()
 2 SYSTEMPATH\Database\BaseBuilder.php(1649): CodeIgniter\Database\BaseConnection->query('SELECT *
FROM `artikel`', [], false)
 3 SYSTEMPATH\Model.php(254): CodeIgniter\Database\BaseBuilder->get()
 4 SYSTEMPATH\BaseModel.php(675): CodeIgniter\Model->doFindAll(0, 0)
 5 APPPATH\Controllers\Artikel.php(38): CodeIgniter\BaseModel->findAll()
 6 SYSTEMPATH\CodeIgniter.php(951): App\Controllers\Artikel->admin_index()
 7 SYSTEMPATH\CodeIgniter.php(497): CodeIgniter\CodeIgniter->runController(Object(App\Controllers\Artikel))
 8 SYSTEMPATH\CodeIgniter.php(340): CodeIgniter\CodeIgniter->handleRequest(null, Object(Config\Cache), false)
 9 SYSTEMPATH\Boot.php(417): CodeIgniter\CodeIgniter->run()
10 SYSTEMPATH\Boot.php(68): CodeIgniter\Boot::runCodeIgniter(Object(CodeIgniter\CodeIgniter))
11 FCPATH\index.php(59): CodeIgniter\Boot::bootWeb(Object(Config\Paths))
12 SYSTEMPATH\rewrite.php(44): require_once('C:\\xampp\\htdocs\\lab11_ci\\ci4\\public\\index.php')
ERROR - 2026-03-08 02:06:25 --> Error connecting to the database: mysqli_sql_exception: Access denied for user ''@'localhost' (using password: NO) in C:\xampp\htdocs\lab11_ci\ci4\system\Database\MySQLi\Connection.php:201
Stack trace:
#0 C:\xampp\htdocs\lab11_ci\ci4\system\Database\MySQLi\Connection.php(201): mysqli->real_connect('localhost', '', Object(SensitiveParameterValue), '', 3306, '', 0)
#1 C:\xampp\htdocs\lab11_ci\ci4\system\Database\BaseConnection.php(419): CodeIgniter\Database\MySQLi\Connection->connect(false)
#2 C:\xampp\htdocs\lab11_ci\ci4\system\Database\BaseConnection.php(654): CodeIgniter\Database\BaseConnection->initialize()
#3 C:\xampp\htdocs\lab11_ci\ci4\system\Database\BaseBuilder.php(1649): CodeIgniter\Database\BaseConnection->query('SELECT *\nFROM `...', Array, false)
#4 C:\xampp\htdocs\lab11_ci\ci4\system\Model.php(254): CodeIgniter\Database\BaseBuilder->get()
#5 C:\xampp\htdocs\lab11_ci\ci4\system\BaseModel.php(675): CodeIgniter\Model->doFindAll(0, 0)
#6 C:\xampp\htdocs\lab11_ci\ci4\app\Controllers\Artikel.php(38): CodeIgniter\BaseModel->findAll()
#7 C:\xampp\htdocs\lab11_ci\ci4\system\CodeIgniter.php(951): App\Controllers\Artikel->admin_index()
#8 C:\xampp\htdocs\lab11_ci\ci4\system\CodeIgniter.php(497): CodeIgniter\CodeIgniter->runController(Object(App\Controllers\Artikel))
#9 C:\xampp\htdocs\lab11_ci\ci4\system\CodeIgniter.php(340): CodeIgniter\CodeIgniter->handleRequest(NULL, Object(Config\Cache), false)
#10 C:\xampp\htdocs\lab11_ci\ci4\system\Boot.php(417): CodeIgniter\CodeIgniter->run()
#11 C:\xampp\htdocs\lab11_ci\ci4\system\Boot.php(68): CodeIgniter\Boot::runCodeIgniter(Object(CodeIgniter\CodeIgniter))
#12 C:\xampp\htdocs\lab11_ci\ci4\public\index.php(59): CodeIgniter\Boot::bootWeb(Object(Config\Paths))
#13 C:\xampp\htdocs\lab11_ci\ci4\system\rewrite.php(44): require_once('C:\\xampp\\htdocs...')
#14 {main}

Next CodeIgniter\Database\Exceptions\DatabaseException: Access denied for user ''@'localhost' (using password: NO) in C:\xampp\htdocs\lab11_ci\ci4\system\Database\MySQLi\Connection.php:231
Stack trace:
#0 C:\xampp\htdocs\lab11_ci\ci4\system\Database\BaseConnection.php(419): CodeIgniter\Database\MySQLi\Connection->connect(false)
#1 C:\xampp\htdocs\lab11_ci\ci4\system\Database\BaseConnection.php(654): CodeIgniter\Database\BaseConnection->initialize()
#2 C:\xampp\htdocs\lab11_ci\ci4\system\Database\BaseBuilder.php(1649): CodeIgniter\Database\BaseConnection->query('SELECT *\nFROM `...', Array, false)
#3 C:\xampp\htdocs\lab11_ci\ci4\system\Model.php(254): CodeIgniter\Database\BaseBuilder->get()
#4 C:\xampp\htdocs\lab11_ci\ci4\system\BaseModel.php(675): CodeIgniter\Model->doFindAll(0, 0)
#5 C:\xampp\htdocs\lab11_ci\ci4\app\Controllers\Artikel.php(38): CodeIgniter\BaseModel->findAll()
#6 C:\xampp\htdocs\lab11_ci\ci4\system\CodeIgniter.php(951): App\Controllers\Artikel->admin_index()
#7 C:\xampp\htdocs\lab11_ci\ci4\system\CodeIgniter.php(497): CodeIgniter\CodeIgniter->runController(Object(App\Controllers\Artikel))
#8 C:\xampp\htdocs\lab11_ci\ci4\system\CodeIgniter.php(340): CodeIgniter\CodeIgniter->handleRequest(NULL, Object(Config\Cache), false)
#9 C:\xampp\htdocs\lab11_ci\ci4\system\Boot.php(417): CodeIgniter\CodeIgniter->run()
#10 C:\xampp\htdocs\lab11_ci\ci4\system\Boot.php(68): CodeIgniter\Boot::runCodeIgniter(Object(CodeIgniter\CodeIgniter))
#11 C:\xampp\htdocs\lab11_ci\ci4\public\index.php(59): CodeIgniter\Boot::bootWeb(Object(Config\Paths))
#12 C:\xampp\htdocs\lab11_ci\ci4\system\rewrite.php(44): require_once('C:\\xampp\\htdocs...')
#13 {main}
CRITICAL - 2026-03-08 02:06:25 --> CodeIgniter\Database\Exceptions\DatabaseException: Unable to connect to the database.
Main connection [MySQLi]: Access denied for user ''@'localhost' (using password: NO)
[Method: GET, Route: admin/artikel]
in SYSTEMPATH\Database\BaseConnection.php on line 465.
 1 SYSTEMPATH\Database\BaseConnection.php(654): CodeIgniter\Database\BaseConnection->initialize()
 2 SYSTEMPATH\Database\BaseBuilder.php(1649): CodeIgniter\Database\BaseConnection->query('SELECT *
FROM `artikel`', [], false)
 3 SYSTEMPATH\Model.php(254): CodeIgniter\Database\BaseBuilder->get()
 4 SYSTEMPATH\BaseModel.php(675): CodeIgniter\Model->doFindAll(0, 0)
 5 APPPATH\Controllers\Artikel.php(38): CodeIgniter\BaseModel->findAll()
 6 SYSTEMPATH\CodeIgniter.php(951): App\Controllers\Artikel->admin_index()
 7 SYSTEMPATH\CodeIgniter.php(497): CodeIgniter\CodeIgniter->runController(Object(App\Controllers\Artikel))
 8 SYSTEMPATH\CodeIgniter.php(340): CodeIgniter\CodeIgniter->handleRequest(null, Object(Config\Cache), false)
 9 SYSTEMPATH\Boot.php(417): CodeIgniter\CodeIgniter->run()
10 SYSTEMPATH\Boot.php(68): CodeIgniter\Boot::runCodeIgniter(Object(CodeIgniter\CodeIgniter))
11 FCPATH\index.php(59): CodeIgniter\Boot::bootWeb(Object(Config\Paths))
12 SYSTEMPATH\rewrite.php(44): require_once('C:\\xampp\\htdocs\\lab11_ci\\ci4\\public\\index.php')
ERROR - 2026-03-08 02:06:26 --> Error connecting to the database: mysqli_sql_exception: Access denied for user ''@'localhost' (using password: NO) in C:\xampp\htdocs\lab11_ci\ci4\system\Database\MySQLi\Connection.php:201
Stack trace:
#0 C:\xampp\htdocs\lab11_ci\ci4\system\Database\MySQLi\Connection.php(201): mysqli->real_connect('localhost', '', Object(SensitiveParameterValue), '', 3306, '', 0)
#1 C:\xampp\htdocs\lab11_ci\ci4\system\Database\BaseConnection.php(419): CodeIgniter\Database\MySQLi\Connection->connect(false)
#2 C:\xampp\htdocs\lab11_ci\ci4\system\Database\BaseConnection.php(654): CodeIgniter\Database\BaseConnection->initialize()
#3 C:\xampp\htdocs\lab11_ci\ci4\system\Database\BaseBuilder.php(1649): CodeIgniter\Database\BaseConnection->query('SELECT *\nFROM `...', Array, false)
#4 C:\xampp\htdocs\lab11_ci\ci4\system\Model.php(254): CodeIgniter\Database\BaseBuilder->get()
#5 C:\xampp\htdocs\lab11_ci\ci4\system\BaseModel.php(675): CodeIgniter\Model->doFindAll(0, 0)
#6 C:\xampp\htdocs\lab11_ci\ci4\app\Controllers\Artikel.php(38): CodeIgniter\BaseModel->findAll()
#7 C:\xampp\htdocs\lab11_ci\ci4\system\CodeIgniter.php(951): App\Controllers\Artikel->admin_index()
#8 C:\xampp\htdocs\lab11_ci\ci4\system\CodeIgniter.php(497): CodeIgniter\CodeIgniter->runController(Object(App\Controllers\Artikel))
#9 C:\xampp\htdocs\lab11_ci\ci4\system\CodeIgniter.php(340): CodeIgniter\CodeIgniter->handleRequest(NULL, Object(Config\Cache), false)
#10 C:\xampp\htdocs\lab11_ci\ci4\system\Boot.php(417): CodeIgniter\CodeIgniter->run()
#11 C:\xampp\htdocs\lab11_ci\ci4\system\Boot.php(68): CodeIgniter\Boot::runCodeIgniter(Object(CodeIgniter\CodeIgniter))
#12 C:\xampp\htdocs\lab11_ci\ci4\public\index.php(59): CodeIgniter\Boot::bootWeb(Object(Config\Paths))
#13 C:\xampp\htdocs\lab11_ci\ci4\system\rewrite.php(44): require_once('C:\\xampp\\htdocs...')
#14 {main}

Next CodeIgniter\Database\Exceptions\DatabaseException: Access denied for user ''@'localhost' (using password: NO) in C:\xampp\htdocs\lab11_ci\ci4\system\Database\MySQLi\Connection.php:231
Stack trace:
#0 C:\xampp\htdocs\lab11_ci\ci4\system\Database\BaseConnection.php(419): CodeIgniter\Database\MySQLi\Connection->connect(false)
#1 C:\xampp\htdocs\lab11_ci\ci4\system\Database\BaseConnection.php(654): CodeIgniter\Database\BaseConnection->initialize()
#2 C:\xampp\htdocs\lab11_ci\ci4\system\Database\BaseBuilder.php(1649): CodeIgniter\Database\BaseConnection->query('SELECT *\nFROM `...', Array, false)
#3 C:\xampp\htdocs\lab11_ci\ci4\system\Model.php(254): CodeIgniter\Database\BaseBuilder->get()
#4 C:\xampp\htdocs\lab11_ci\ci4\system\BaseModel.php(675): CodeIgniter\Model->doFindAll(0, 0)
#5 C:\xampp\htdocs\lab11_ci\ci4\app\Controllers\Artikel.php(38): CodeIgniter\BaseModel->findAll()
#6 C:\xampp\htdocs\lab11_ci\ci4\system\CodeIgniter.php(951): App\Controllers\Artikel->admin_index()
#7 C:\xampp\htdocs\lab11_ci\ci4\system\CodeIgniter.php(497): CodeIgniter\CodeIgniter->runController(Object(App\Controllers\Artikel))
#8 C:\xampp\htdocs\lab11_ci\ci4\system\CodeIgniter.php(340): CodeIgniter\CodeIgniter->handleRequest(NULL, Object(Config\Cache), false)
#9 C:\xampp\htdocs\lab11_ci\ci4\system\Boot.php(417): CodeIgniter\CodeIgniter->run()
#10 C:\xampp\htdocs\lab11_ci\ci4\system\Boot.php(68): CodeIgniter\Boot::runCodeIgniter(Object(CodeIgniter\CodeIgniter))
#11 C:\xampp\htdocs\lab11_ci\ci4\public\index.php(59): CodeIgniter\Boot::bootWeb(Object(Config\Paths))
#12 C:\xampp\htdocs\lab11_ci\ci4\system\rewrite.php(44): require_once('C:\\xampp\\htdocs...')
#13 {main}
CRITICAL - 2026-03-08 02:06:26 --> CodeIgniter\Database\Exceptions\DatabaseException: Unable to connect to the database.
Main connection [MySQLi]: Access denied for user ''@'localhost' (using password: NO)
[Method: GET, Route: admin/artikel]
in SYSTEMPATH\Database\BaseConnection.php on line 465.
 1 SYSTEMPATH\Database\BaseConnection.php(654): CodeIgniter\Database\BaseConnection->initialize()
 2 SYSTEMPATH\Database\BaseBuilder.php(1649): CodeIgniter\Database\BaseConnection->query('SELECT *
FROM `artikel`', [], false)
 3 SYSTEMPATH\Model.php(254): CodeIgniter\Database\BaseBuilder->get()
 4 SYSTEMPATH\BaseModel.php(675): CodeIgniter\Model->doFindAll(0, 0)
 5 APPPATH\Controllers\Artikel.php(38): CodeIgniter\BaseModel->findAll()
 6 SYSTEMPATH\CodeIgniter.php(951): App\Controllers\Artikel->admin_index()
 7 SYSTEMPATH\CodeIgniter.php(497): CodeIgniter\CodeIgniter->runController(Object(App\Controllers\Artikel))
 8 SYSTEMPATH\CodeIgniter.php(340): CodeIgniter\CodeIgniter->handleRequest(null, Object(Config\Cache), false)
 9 SYSTEMPATH\Boot.php(417): CodeIgniter\CodeIgniter->run()
10 SYSTEMPATH\Boot.php(68): CodeIgniter\Boot::runCodeIgniter(Object(CodeIgniter\CodeIgniter))
11 FCPATH\index.php(59): CodeIgniter\Boot::bootWeb(Object(Config\Paths))
12 SYSTEMPATH\rewrite.php(44): require_once('C:\\xampp\\htdocs\\lab11_ci\\ci4\\public\\index.php')
ERROR - 2026-03-08 02:06:26 --> Error connecting to the database: mysqli_sql_exception: Access denied for user ''@'localhost' (using password: NO) in C:\xampp\htdocs\lab11_ci\ci4\system\Database\MySQLi\Connection.php:201
Stack trace:
#0 C:\xampp\htdocs\lab11_ci\ci4\system\Database\MySQLi\Connection.php(201): mysqli->real_connect('localhost', '', Object(SensitiveParameterValue), '', 3306, '', 0)
#1 C:\xampp\htdocs\lab11_ci\ci4\system\Database\BaseConnection.php(419): CodeIgniter\Database\MySQLi\Connection->connect(false)
#2 C:\xampp\htdocs\lab11_ci\ci4\system\Database\BaseConnection.php(654): CodeIgniter\Database\BaseConnection->initialize()
#3 C:\xampp\htdocs\lab11_ci\ci4\system\Database\BaseBuilder.php(1649): CodeIgniter\Database\BaseConnection->query('SELECT *\nFROM `...', Array, false)
#4 C:\xampp\htdocs\lab11_ci\ci4\system\Model.php(254): CodeIgniter\Database\BaseBuilder->get()
#5 C:\xampp\htdocs\lab11_ci\ci4\system\BaseModel.php(675): CodeIgniter\Model->doFindAll(0, 0)
#6 C:\xampp\htdocs\lab11_ci\ci4\app\Controllers\Artikel.php(38): CodeIgniter\BaseModel->findAll()
#7 C:\xampp\htdocs\lab11_ci\ci4\system\CodeIgniter.php(951): App\Controllers\Artikel->admin_index()
#8 C:\xampp\htdocs\lab11_ci\ci4\system\CodeIgniter.php(497): CodeIgniter\CodeIgniter->runController(Object(App\Controllers\Artikel))
#9 C:\xampp\htdocs\lab11_ci\ci4\system\CodeIgniter.php(340): CodeIgniter\CodeIgniter->handleRequest(NULL, Object(Config\Cache), false)
#10 C:\xampp\htdocs\lab11_ci\ci4\system\Boot.php(417): CodeIgniter\CodeIgniter->run()
#11 C:\xampp\htdocs\lab11_ci\ci4\system\Boot.php(68): CodeIgniter\Boot::runCodeIgniter(Object(CodeIgniter\CodeIgniter))
#12 C:\xampp\htdocs\lab11_ci\ci4\public\index.php(59): CodeIgniter\Boot::bootWeb(Object(Config\Paths))
#13 C:\xampp\htdocs\lab11_ci\ci4\system\rewrite.php(44): require_once('C:\\xampp\\htdocs...')
#14 {main}

Next CodeIgniter\Database\Exceptions\DatabaseException: Access denied for user ''@'localhost' (using password: NO) in C:\xampp\htdocs\lab11_ci\ci4\system\Database\MySQLi\Connection.php:231
Stack trace:
#0 C:\xampp\htdocs\lab11_ci\ci4\system\Database\BaseConnection.php(419): CodeIgniter\Database\MySQLi\Connection->connect(false)
#1 C:\xampp\htdocs\lab11_ci\ci4\system\Database\BaseConnection.php(654): CodeIgniter\Database\BaseConnection->initialize()
#2 C:\xampp\htdocs\lab11_ci\ci4\system\Database\BaseBuilder.php(1649): CodeIgniter\Database\BaseConnection->query('SELECT *\nFROM `...', Array, false)
#3 C:\xampp\htdocs\lab11_ci\ci4\system\Model.php(254): CodeIgniter\Database\BaseBuilder->get()
#4 C:\xampp\htdocs\lab11_ci\ci4\system\BaseModel.php(675): CodeIgniter\Model->doFindAll(0, 0)
#5 C:\xampp\htdocs\lab11_ci\ci4\app\Controllers\Artikel.php(38): CodeIgniter\BaseModel->findAll()
#6 C:\xampp\htdocs\lab11_ci\ci4\system\CodeIgniter.php(951): App\Controllers\Artikel->admin_index()
#7 C:\xampp\htdocs\lab11_ci\ci4\system\CodeIgniter.php(497): CodeIgniter\CodeIgniter->runController(Object(App\Controllers\Artikel))
#8 C:\xampp\htdocs\lab11_ci\ci4\system\CodeIgniter.php(340): CodeIgniter\CodeIgniter->handleRequest(NULL, Object(Config\Cache), false)
#9 C:\xampp\htdocs\lab11_ci\ci4\system\Boot.php(417): CodeIgniter\CodeIgniter->run()
#10 C:\xampp\htdocs\lab11_ci\ci4\system\Boot.php(68): CodeIgniter\Boot::runCodeIgniter(Object(CodeIgniter\CodeIgniter))
#11 C:\xampp\htdocs\lab11_ci\ci4\public\index.php(59): CodeIgniter\Boot::bootWeb(Object(Config\Paths))
#12 C:\xampp\htdocs\lab11_ci\ci4\system\rewrite.php(44): require_once('C:\\xampp\\htdocs...')
#13 {main}
CRITICAL - 2026-03-08 02:06:26 --> CodeIgniter\Database\Exceptions\DatabaseException: Unable to connect to the database.
Main connection [MySQLi]: Access denied for user ''@'localhost' (using password: NO)
[Method: GET, Route: admin/artikel]
in SYSTEMPATH\Database\BaseConnection.php on line 465.
 1 SYSTEMPATH\Database\BaseConnection.php(654): CodeIgniter\Database\BaseConnection->initialize()
 2 SYSTEMPATH\Database\BaseBuilder.php(1649): CodeIgniter\Database\BaseConnection->query('SELECT *
FROM `artikel`', [], false)
 3 SYSTEMPATH\Model.php(254): CodeIgniter\Database\BaseBuilder->get()
 4 SYSTEMPATH\BaseModel.php(675): CodeIgniter\Model->doFindAll(0, 0)
 5 APPPATH\Controllers\Artikel.php(38): CodeIgniter\BaseModel->findAll()
 6 SYSTEMPATH\CodeIgniter.php(951): App\Controllers\Artikel->admin_index()
 7 SYSTEMPATH\CodeIgniter.php(497): CodeIgniter\CodeIgniter->runController(Object(App\Controllers\Artikel))
 8 SYSTEMPATH\CodeIgniter.php(340): CodeIgniter\CodeIgniter->handleRequest(null, Object(Config\Cache), false)
 9 SYSTEMPATH\Boot.php(417): CodeIgniter\CodeIgniter->run()
10 SYSTEMPATH\Boot.php(68): CodeIgniter\Boot::runCodeIgniter(Object(CodeIgniter\CodeIgniter))
11 FCPATH\index.php(59): CodeIgniter\Boot::bootWeb(Object(Config\Paths))
12 SYSTEMPATH\rewrite.php(44): require_once('C:\\xampp\\htdocs\\lab11_ci\\ci4\\public\\index.php')
ERROR - 2026-03-08 02:06:27 --> Error connecting to the database: mysqli_sql_exception: Access denied for user ''@'localhost' (using password: NO) in C:\xampp\htdocs\lab11_ci\ci4\system\Database\MySQLi\Connection.php:201
Stack trace:
#0 C:\xampp\htdocs\lab11_ci\ci4\system\Database\MySQLi\Connection.php(201): mysqli->real_connect('localhost', '', Object(SensitiveParameterValue), '', 3306, '', 0)
#1 C:\xampp\htdocs\lab11_ci\ci4\system\Database\BaseConnection.php(419): CodeIgniter\Database\MySQLi\Connection->connect(false)
#2 C:\xampp\htdocs\lab11_ci\ci4\system\Database\BaseConnection.php(654): CodeIgniter\Database\BaseConnection->initialize()
#3 C:\xampp\htdocs\lab11_ci\ci4\system\Database\BaseBuilder.php(1649): CodeIgniter\Database\BaseConnection->query('SELECT *\nFROM `...', Array, false)
#4 C:\xampp\htdocs\lab11_ci\ci4\system\Model.php(254): CodeIgniter\Database\BaseBuilder->get()
#5 C:\xampp\htdocs\lab11_ci\ci4\system\BaseModel.php(675): CodeIgniter\Model->doFindAll(0, 0)
#6 C:\xampp\htdocs\lab11_ci\ci4\app\Controllers\Artikel.php(38): CodeIgniter\BaseModel->findAll()
#7 C:\xampp\htdocs\lab11_ci\ci4\system\CodeIgniter.php(951): App\Controllers\Artikel->admin_index()
#8 C:\xampp\htdocs\lab11_ci\ci4\system\CodeIgniter.php(497): CodeIgniter\CodeIgniter->runController(Object(App\Controllers\Artikel))
#9 C:\xampp\htdocs\lab11_ci\ci4\system\CodeIgniter.php(340): CodeIgniter\CodeIgniter->handleRequest(NULL, Object(Config\Cache), false)
#10 C:\xampp\htdocs\lab11_ci\ci4\system\Boot.php(417): CodeIgniter\CodeIgniter->run()
#11 C:\xampp\htdocs\lab11_ci\ci4\system\Boot.php(68): CodeIgniter\Boot::runCodeIgniter(Object(CodeIgniter\CodeIgniter))
#12 C:\xampp\htdocs\lab11_ci\ci4\public\index.php(59): CodeIgniter\Boot::bootWeb(Object(Config\Paths))
#13 C:\xampp\htdocs\lab11_ci\ci4\system\rewrite.php(44): require_once('C:\\xampp\\htdocs...')
#14 {main}

Next CodeIgniter\Database\Exceptions\DatabaseException: Access denied for user ''@'localhost' (using password: NO) in C:\xampp\htdocs\lab11_ci\ci4\system\Database\MySQLi\Connection.php:231
Stack trace:
#0 C:\xampp\htdocs\lab11_ci\ci4\system\Database\BaseConnection.php(419): CodeIgniter\Database\MySQLi\Connection->connect(false)
#1 C:\xampp\htdocs\lab11_ci\ci4\system\Database\BaseConnection.php(654): CodeIgniter\Database\BaseConnection->initialize()
#2 C:\xampp\htdocs\lab11_ci\ci4\system\Database\BaseBuilder.php(1649): CodeIgniter\Database\BaseConnection->query('SELECT *\nFROM `...', Array, false)
#3 C:\xampp\htdocs\lab11_ci\ci4\system\Model.php(254): CodeIgniter\Database\BaseBuilder->get()
#4 C:\xampp\htdocs\lab11_ci\ci4\system\BaseModel.php(675): CodeIgniter\Model->doFindAll(0, 0)
#5 C:\xampp\htdocs\lab11_ci\ci4\app\Controllers\Artikel.php(38): CodeIgniter\BaseModel->findAll()
#6 C:\xampp\htdocs\lab11_ci\ci4\system\CodeIgniter.php(951): App\Controllers\Artikel->admin_index()
#7 C:\xampp\htdocs\lab11_ci\ci4\system\CodeIgniter.php(497): CodeIgniter\CodeIgniter->runController(Object(App\Controllers\Artikel))
#8 C:\xampp\htdocs\lab11_ci\ci4\system\CodeIgniter.php(340): CodeIgniter\CodeIgniter->handleRequest(NULL, Object(Config\Cache), false)
#9 C:\xampp\htdocs\lab11_ci\ci4\system\Boot.php(417): CodeIgniter\CodeIgniter->run()
#10 C:\xampp\htdocs\lab11_ci\ci4\system\Boot.php(68): CodeIgniter\Boot::runCodeIgniter(Object(CodeIgniter\CodeIgniter))
#11 C:\xampp\htdocs\lab11_ci\ci4\public\index.php(59): CodeIgniter\Boot::bootWeb(Object(Config\Paths))
#12 C:\xampp\htdocs\lab11_ci\ci4\system\rewrite.php(44): require_once('C:\\xampp\\htdocs...')
#13 {main}
CRITICAL - 2026-03-08 02:06:27 --> CodeIgniter\Database\Exceptions\DatabaseException: Unable to connect to the database.
Main connection [MySQLi]: Access denied for user ''@'localhost' (using password: NO)
[Method: GET, Route: admin/artikel]
in SYSTEMPATH\Database\BaseConnection.php on line 465.
 1 SYSTEMPATH\Database\BaseConnection.php(654): CodeIgniter\Database\BaseConnection->initialize()
 2 SYSTEMPATH\Database\BaseBuilder.php(1649): CodeIgniter\Database\BaseConnection->query('SELECT *
FROM `artikel`', [], false)
 3 SYSTEMPATH\Model.php(254): CodeIgniter\Database\BaseBuilder->get()
 4 SYSTEMPATH\BaseModel.php(675): CodeIgniter\Model->doFindAll(0, 0)
 5 APPPATH\Controllers\Artikel.php(38): CodeIgniter\BaseModel->findAll()
 6 SYSTEMPATH\CodeIgniter.php(951): App\Controllers\Artikel->admin_index()
 7 SYSTEMPATH\CodeIgniter.php(497): CodeIgniter\CodeIgniter->runController(Object(App\Controllers\Artikel))
 8 SYSTEMPATH\CodeIgniter.php(340): CodeIgniter\CodeIgniter->handleRequest(null, Object(Config\Cache), false)
 9 SYSTEMPATH\Boot.php(417): CodeIgniter\CodeIgniter->run()
10 SYSTEMPATH\Boot.php(68): CodeIgniter\Boot::runCodeIgniter(Object(CodeIgniter\CodeIgniter))
11 FCPATH\index.php(59): CodeIgniter\Boot::bootWeb(Object(Config\Paths))
12 SYSTEMPATH\rewrite.php(44): require_once('C:\\xampp\\htdocs\\lab11_ci\\ci4\\public\\index.php')
ERROR - 2026-03-08 02:06:27 --> Error connecting to the database: mysqli_sql_exception: Access denied for user ''@'localhost' (using password: NO) in C:\xampp\htdocs\lab11_ci\ci4\system\Database\MySQLi\Connection.php:201
Stack trace:
#0 C:\xampp\htdocs\lab11_ci\ci4\system\Database\MySQLi\Connection.php(201): mysqli->real_connect('localhost', '', Object(SensitiveParameterValue), '', 3306, '', 0)
#1 C:\xampp\htdocs\lab11_ci\ci4\system\Database\BaseConnection.php(419): CodeIgniter\Database\MySQLi\Connection->connect(false)
#2 C:\xampp\htdocs\lab11_ci\ci4\system\Database\BaseConnection.php(654): CodeIgniter\Database\BaseConnection->initialize()
#3 C:\xampp\htdocs\lab11_ci\ci4\system\Database\BaseBuilder.php(1649): CodeIgniter\Database\BaseConnection->query('SELECT *\nFROM `...', Array, false)
#4 C:\xampp\htdocs\lab11_ci\ci4\system\Model.php(254): CodeIgniter\Database\BaseBuilder->get()
#5 C:\xampp\htdocs\lab11_ci\ci4\system\BaseModel.php(675): CodeIgniter\Model->doFindAll(0, 0)
#6 C:\xampp\htdocs\lab11_ci\ci4\app\Controllers\Artikel.php(38): CodeIgniter\BaseModel->findAll()
#7 C:\xampp\htdocs\lab11_ci\ci4\system\CodeIgniter.php(951): App\Controllers\Artikel->admin_index()
#8 C:\xampp\htdocs\lab11_ci\ci4\system\CodeIgniter.php(497): CodeIgniter\CodeIgniter->runController(Object(App\Controllers\Artikel))
#9 C:\xampp\htdocs\lab11_ci\ci4\system\CodeIgniter.php(340): CodeIgniter\CodeIgniter->handleRequest(NULL, Object(Config\Cache), false)
#10 C:\xampp\htdocs\lab11_ci\ci4\system\Boot.php(417): CodeIgniter\CodeIgniter->run()
#11 C:\xampp\htdocs\lab11_ci\ci4\system\Boot.php(68): CodeIgniter\Boot::runCodeIgniter(Object(CodeIgniter\CodeIgniter))
#12 C:\xampp\htdocs\lab11_ci\ci4\public\index.php(59): CodeIgniter\Boot::bootWeb(Object(Config\Paths))
#13 C:\xampp\htdocs\lab11_ci\ci4\system\rewrite.php(44): require_once('C:\\xampp\\htdocs...')
#14 {main}

Next CodeIgniter\Database\Exceptions\DatabaseException: Access denied for user ''@'localhost' (using password: NO) in C:\xampp\htdocs\lab11_ci\ci4\system\Database\MySQLi\Connection.php:231
Stack trace:
#0 C:\xampp\htdocs\lab11_ci\ci4\system\Database\BaseConnection.php(419): CodeIgniter\Database\MySQLi\Connection->connect(false)
#1 C:\xampp\htdocs\lab11_ci\ci4\system\Database\BaseConnection.php(654): CodeIgniter\Database\BaseConnection->initialize()
#2 C:\xampp\htdocs\lab11_ci\ci4\system\Database\BaseBuilder.php(1649): CodeIgniter\Database\BaseConnection->query('SELECT *\nFROM `...', Array, false)
#3 C:\xampp\htdocs\lab11_ci\ci4\system\Model.php(254): CodeIgniter\Database\BaseBuilder->get()
#4 C:\xampp\htdocs\lab11_ci\ci4\system\BaseModel.php(675): CodeIgniter\Model->doFindAll(0, 0)
#5 C:\xampp\htdocs\lab11_ci\ci4\app\Controllers\Artikel.php(38): CodeIgniter\BaseModel->findAll()
#6 C:\xampp\htdocs\lab11_ci\ci4\system\CodeIgniter.php(951): App\Controllers\Artikel->admin_index()
#7 C:\xampp\htdocs\lab11_ci\ci4\system\CodeIgniter.php(497): CodeIgniter\CodeIgniter->runController(Object(App\Controllers\Artikel))
#8 C:\xampp\htdocs\lab11_ci\ci4\system\CodeIgniter.php(340): CodeIgniter\CodeIgniter->handleRequest(NULL, Object(Config\Cache), false)
#9 C:\xampp\htdocs\lab11_ci\ci4\system\Boot.php(417): CodeIgniter\CodeIgniter->run()
#10 C:\xampp\htdocs\lab11_ci\ci4\system\Boot.php(68): CodeIgniter\Boot::runCodeIgniter(Object(CodeIgniter\CodeIgniter))
#11 C:\xampp\htdocs\lab11_ci\ci4\public\index.php(59): CodeIgniter\Boot::bootWeb(Object(Config\Paths))
#12 C:\xampp\htdocs\lab11_ci\ci4\system\rewrite.php(44): require_once('C:\\xampp\\htdocs...')
#13 {main}
CRITICAL - 2026-03-08 02:06:27 --> CodeIgniter\Database\Exceptions\DatabaseException: Unable to connect to the database.
Main connection [MySQLi]: Access denied for user ''@'localhost' (using password: NO)
[Method: GET, Route: admin/artikel]
in SYSTEMPATH\Database\BaseConnection.php on line 465.
 1 SYSTEMPATH\Database\BaseConnection.php(654): CodeIgniter\Database\BaseConnection->initialize()
 2 SYSTEMPATH\Database\BaseBuilder.php(1649): CodeIgniter\Database\BaseConnection->query('SELECT *
FROM `artikel`', [], false)
 3 SYSTEMPATH\Model.php(254): CodeIgniter\Database\BaseBuilder->get()
 4 SYSTEMPATH\BaseModel.php(675): CodeIgniter\Model->doFindAll(0, 0)
 5 APPPATH\Controllers\Artikel.php(38): CodeIgniter\BaseModel->findAll()
 6 SYSTEMPATH\CodeIgniter.php(951): App\Controllers\Artikel->admin_index()
 7 SYSTEMPATH\CodeIgniter.php(497): CodeIgniter\CodeIgniter->runController(Object(App\Controllers\Artikel))
 8 SYSTEMPATH\CodeIgniter.php(340): CodeIgniter\CodeIgniter->handleRequest(null, Object(Config\Cache), false)
 9 SYSTEMPATH\Boot.php(417): CodeIgniter\CodeIgniter->run()
10 SYSTEMPATH\Boot.php(68): CodeIgniter\Boot::runCodeIgniter(Object(CodeIgniter\CodeIgniter))
11 FCPATH\index.php(59): CodeIgniter\Boot::bootWeb(Object(Config\Paths))
12 SYSTEMPATH\rewrite.php(44): require_once('C:\\xampp\\htdocs\\lab11_ci\\ci4\\public\\index.php')
ERROR - 2026-03-08 02:06:27 --> Error connecting to the database: mysqli_sql_exception: Access denied for user ''@'localhost' (using password: NO) in C:\xampp\htdocs\lab11_ci\ci4\system\Database\MySQLi\Connection.php:201
Stack trace:
#0 C:\xampp\htdocs\lab11_ci\ci4\system\Database\MySQLi\Connection.php(201): mysqli->real_connect('localhost', '', Object(SensitiveParameterValue), '', 3306, '', 0)
#1 C:\xampp\htdocs\lab11_ci\ci4\system\Database\BaseConnection.php(419): CodeIgniter\Database\MySQLi\Connection->connect(false)
#2 C:\xampp\htdocs\lab11_ci\ci4\system\Database\BaseConnection.php(654): CodeIgniter\Database\BaseConnection->initialize()
#3 C:\xampp\htdocs\lab11_ci\ci4\system\Database\BaseBuilder.php(1649): CodeIgniter\Database\BaseConnection->query('SELECT *\nFROM `...', Array, false)
#4 C:\xampp\htdocs\lab11_ci\ci4\system\Model.php(254): CodeIgniter\Database\BaseBuilder->get()
#5 C:\xampp\htdocs\lab11_ci\ci4\system\BaseModel.php(675): CodeIgniter\Model->doFindAll(0, 0)
#6 C:\xampp\htdocs\lab11_ci\ci4\app\Controllers\Artikel.php(38): CodeIgniter\BaseModel->findAll()
#7 C:\xampp\htdocs\lab11_ci\ci4\system\CodeIgniter.php(951): App\Controllers\Artikel->admin_index()
#8 C:\xampp\htdocs\lab11_ci\ci4\system\CodeIgniter.php(497): CodeIgniter\CodeIgniter->runController(Object(App\Controllers\Artikel))
#9 C:\xampp\htdocs\lab11_ci\ci4\system\CodeIgniter.php(340): CodeIgniter\CodeIgniter->handleRequest(NULL, Object(Config\Cache), false)
#10 C:\xampp\htdocs\lab11_ci\ci4\system\Boot.php(417): CodeIgniter\CodeIgniter->run()
#11 C:\xampp\htdocs\lab11_ci\ci4\system\Boot.php(68): CodeIgniter\Boot::runCodeIgniter(Object(CodeIgniter\CodeIgniter))
#12 C:\xampp\htdocs\lab11_ci\ci4\public\index.php(59): CodeIgniter\Boot::bootWeb(Object(Config\Paths))
#13 C:\xampp\htdocs\lab11_ci\ci4\system\rewrite.php(44): require_once('C:\\xampp\\htdocs...')
#14 {main}

Next CodeIgniter\Database\Exceptions\DatabaseException: Access denied for user ''@'localhost' (using password: NO) in C:\xampp\htdocs\lab11_ci\ci4\system\Database\MySQLi\Connection.php:231
Stack trace:
#0 C:\xampp\htdocs\lab11_ci\ci4\system\Database\BaseConnection.php(419): CodeIgniter\Database\MySQLi\Connection->connect(false)
#1 C:\xampp\htdocs\lab11_ci\ci4\system\Database\BaseConnection.php(654): CodeIgniter\Database\BaseConnection->initialize()
#2 C:\xampp\htdocs\lab11_ci\ci4\system\Database\BaseBuilder.php(1649): CodeIgniter\Database\BaseConnection->query('SELECT *\nFROM `...', Array, false)
#3 C:\xampp\htdocs\lab11_ci\ci4\system\Model.php(254): CodeIgniter\Database\BaseBuilder->get()
#4 C:\xampp\htdocs\lab11_ci\ci4\system\BaseModel.php(675): CodeIgniter\Model->doFindAll(0, 0)
#5 C:\xampp\htdocs\lab11_ci\ci4\app\Controllers\Artikel.php(38): CodeIgniter\BaseModel->findAll()
#6 C:\xampp\htdocs\lab11_ci\ci4\system\CodeIgniter.php(951): App\Controllers\Artikel->admin_index()
#7 C:\xampp\htdocs\lab11_ci\ci4\system\CodeIgniter.php(497): CodeIgniter\CodeIgniter->runController(Object(App\Controllers\Artikel))
#8 C:\xampp\htdocs\lab11_ci\ci4\system\CodeIgniter.php(340): CodeIgniter\CodeIgniter->handleRequest(NULL, Object(Config\Cache), false)
#9 C:\xampp\htdocs\lab11_ci\ci4\system\Boot.php(417): CodeIgniter\CodeIgniter->run()
#10 C:\xampp\htdocs\lab11_ci\ci4\system\Boot.php(68): CodeIgniter\Boot::runCodeIgniter(Object(CodeIgniter\CodeIgniter))
#11 C:\xampp\htdocs\lab11_ci\ci4\public\index.php(59): CodeIgniter\Boot::bootWeb(Object(Config\Paths))
#12 C:\xampp\htdocs\lab11_ci\ci4\system\rewrite.php(44): require_once('C:\\xampp\\htdocs...')
#13 {main}
CRITICAL - 2026-03-08 02:06:27 --> CodeIgniter\Database\Exceptions\DatabaseException: Unable to connect to the database.
Main connection [MySQLi]: Access denied for user ''@'localhost' (using password: NO)
[Method: GET, Route: admin/artikel]
in SYSTEMPATH\Database\BaseConnection.php on line 465.
 1 SYSTEMPATH\Database\BaseConnection.php(654): CodeIgniter\Database\BaseConnection->initialize()
 2 SYSTEMPATH\Database\BaseBuilder.php(1649): CodeIgniter\Database\BaseConnection->query('SELECT *
FROM `artikel`', [], false)
 3 SYSTEMPATH\Model.php(254): CodeIgniter\Database\BaseBuilder->get()
 4 SYSTEMPATH\BaseModel.php(675): CodeIgniter\Model->doFindAll(0, 0)
 5 APPPATH\Controllers\Artikel.php(38): CodeIgniter\BaseModel->findAll()
 6 SYSTEMPATH\CodeIgniter.php(951): App\Controllers\Artikel->admin_index()
 7 SYSTEMPATH\CodeIgniter.php(497): CodeIgniter\CodeIgniter->runController(Object(App\Controllers\Artikel))
 8 SYSTEMPATH\CodeIgniter.php(340): CodeIgniter\CodeIgniter->handleRequest(null, Object(Config\Cache), false)
 9 SYSTEMPATH\Boot.php(417): CodeIgniter\CodeIgniter->run()
10 SYSTEMPATH\Boot.php(68): CodeIgniter\Boot::runCodeIgniter(Object(CodeIgniter\CodeIgniter))
11 FCPATH\index.php(59): CodeIgniter\Boot::bootWeb(Object(Config\Paths))
12 SYSTEMPATH\rewrite.php(44): require_once('C:\\xampp\\htdocs\\lab11_ci\\ci4\\public\\index.php')
ERROR - 2026-03-08 02:06:34 --> Error connecting to the database: mysqli_sql_exception: Access denied for user ''@'localhost' (using password: NO) in C:\xampp\htdocs\lab11_ci\ci4\system\Database\MySQLi\Connection.php:201
Stack trace:
#0 C:\xampp\htdocs\lab11_ci\ci4\system\Database\MySQLi\Connection.php(201): mysqli->real_connect('localhost', '', Object(SensitiveParameterValue), '', 3306, '', 0)
#1 C:\xampp\htdocs\lab11_ci\ci4\system\Database\BaseConnection.php(419): CodeIgniter\Database\MySQLi\Connection->connect(false)
#2 C:\xampp\htdocs\lab11_ci\ci4\system\Database\BaseConnection.php(654): CodeIgniter\Database\BaseConnection->initialize()
#3 C:\xampp\htdocs\lab11_ci\ci4\system\Database\BaseBuilder.php(1649): CodeIgniter\Database\BaseConnection->query('SELECT *\nFROM `...', Array, false)
#4 C:\xampp\htdocs\lab11_ci\ci4\system\Model.php(254): CodeIgniter\Database\BaseBuilder->get()
#5 C:\xampp\htdocs\lab11_ci\ci4\system\BaseModel.php(675): CodeIgniter\Model->doFindAll(0, 0)
#6 C:\xampp\htdocs\lab11_ci\ci4\app\Controllers\Artikel.php(38): CodeIgniter\BaseModel->findAll()
#7 C:\xampp\htdocs\lab11_ci\ci4\system\CodeIgniter.php(951): App\Controllers\Artikel->admin_index()
#8 C:\xampp\htdocs\lab11_ci\ci4\system\CodeIgniter.php(497): CodeIgniter\CodeIgniter->runController(Object(App\Controllers\Artikel))
#9 C:\xampp\htdocs\lab11_ci\ci4\system\CodeIgniter.php(340): CodeIgniter\CodeIgniter->handleRequest(NULL, Object(Config\Cache), false)
#10 C:\xampp\htdocs\lab11_ci\ci4\system\Boot.php(417): CodeIgniter\CodeIgniter->run()
#11 C:\xampp\htdocs\lab11_ci\ci4\system\Boot.php(68): CodeIgniter\Boot::runCodeIgniter(Object(CodeIgniter\CodeIgniter))
#12 C:\xampp\htdocs\lab11_ci\ci4\public\index.php(59): CodeIgniter\Boot::bootWeb(Object(Config\Paths))
#13 C:\xampp\htdocs\lab11_ci\ci4\system\rewrite.php(44): require_once('C:\\xampp\\htdocs...')
#14 {main}

Next CodeIgniter\Database\Exceptions\DatabaseException: Access denied for user ''@'localhost' (using password: NO) in C:\xampp\htdocs\lab11_ci\ci4\system\Database\MySQLi\Connection.php:231
Stack trace:
#0 C:\xampp\htdocs\lab11_ci\ci4\system\Database\BaseConnection.php(419): CodeIgniter\Database\MySQLi\Connection->connect(false)
#1 C:\xampp\htdocs\lab11_ci\ci4\system\Database\BaseConnection.php(654): CodeIgniter\Database\BaseConnection->initialize()
#2 C:\xampp\htdocs\lab11_ci\ci4\system\Database\BaseBuilder.php(1649): CodeIgniter\Database\BaseConnection->query('SELECT *\nFROM `...', Array, false)
#3 C:\xampp\htdocs\lab11_ci\ci4\system\Model.php(254): CodeIgniter\Database\BaseBuilder->get()
#4 C:\xampp\htdocs\lab11_ci\ci4\system\BaseModel.php(675): CodeIgniter\Model->doFindAll(0, 0)
#5 C:\xampp\htdocs\lab11_ci\ci4\app\Controllers\Artikel.php(38): CodeIgniter\BaseModel->findAll()
#6 C:\xampp\htdocs\lab11_ci\ci4\system\CodeIgniter.php(951): App\Controllers\Artikel->admin_index()
#7 C:\xampp\htdocs\lab11_ci\ci4\system\CodeIgniter.php(497): CodeIgniter\CodeIgniter->runController(Object(App\Controllers\Artikel))
#8 C:\xampp\htdocs\lab11_ci\ci4\system\CodeIgniter.php(340): CodeIgniter\CodeIgniter->handleRequest(NULL, Object(Config\Cache), false)
#9 C:\xampp\htdocs\lab11_ci\ci4\system\Boot.php(417): CodeIgniter\CodeIgniter->run()
#10 C:\xampp\htdocs\lab11_ci\ci4\system\Boot.php(68): CodeIgniter\Boot::runCodeIgniter(Object(CodeIgniter\CodeIgniter))
#11 C:\xampp\htdocs\lab11_ci\ci4\public\index.php(59): CodeIgniter\Boot::bootWeb(Object(Config\Paths))
#12 C:\xampp\htdocs\lab11_ci\ci4\system\rewrite.php(44): require_once('C:\\xampp\\htdocs...')
#13 {main}
CRITICAL - 2026-03-08 02:06:34 --> CodeIgniter\Database\Exceptions\DatabaseException: Unable to connect to the database.
Main connection [MySQLi]: Access denied for user ''@'localhost' (using password: NO)
[Method: GET, Route: admin/artikel]
in SYSTEMPATH\Database\BaseConnection.php on line 465.
 1 SYSTEMPATH\Database\BaseConnection.php(654): CodeIgniter\Database\BaseConnection->initialize()
 2 SYSTEMPATH\Database\BaseBuilder.php(1649): CodeIgniter\Database\BaseConnection->query('SELECT *
FROM `artikel`', [], false)
 3 SYSTEMPATH\Model.php(254): CodeIgniter\Database\BaseBuilder->get()
 4 SYSTEMPATH\BaseModel.php(675): CodeIgniter\Model->doFindAll(0, 0)
 5 APPPATH\Controllers\Artikel.php(38): CodeIgniter\BaseModel->findAll()
 6 SYSTEMPATH\CodeIgniter.php(951): App\Controllers\Artikel->admin_index()
 7 SYSTEMPATH\CodeIgniter.php(497): CodeIgniter\CodeIgniter->runController(Object(App\Controllers\Artikel))
 8 SYSTEMPATH\CodeIgniter.php(340): CodeIgniter\CodeIgniter->handleRequest(null, Object(Config\Cache), false)
 9 SYSTEMPATH\Boot.php(417): CodeIgniter\CodeIgniter->run()
10 SYSTEMPATH\Boot.php(68): CodeIgniter\Boot::runCodeIgniter(Object(CodeIgniter\CodeIgniter))
11 FCPATH\index.php(59): CodeIgniter\Boot::bootWeb(Object(Config\Paths))
12 SYSTEMPATH\rewrite.php(44): require_once('C:\\xampp\\htdocs\\lab11_ci\\ci4\\public\\index.php')
ERROR - 2026-03-08 02:06:34 --> Error connecting to the database: mysqli_sql_exception: Access denied for user ''@'localhost' (using password: NO) in C:\xampp\htdocs\lab11_ci\ci4\system\Database\MySQLi\Connection.php:201
Stack trace:
#0 C:\xampp\htdocs\lab11_ci\ci4\system\Database\MySQLi\Connection.php(201): mysqli->real_connect('localhost', '', Object(SensitiveParameterValue), '', 3306, '', 0)
#1 C:\xampp\htdocs\lab11_ci\ci4\system\Database\BaseConnection.php(419): CodeIgniter\Database\MySQLi\Connection->connect(false)
#2 C:\xampp\htdocs\lab11_ci\ci4\system\Database\BaseConnection.php(654): CodeIgniter\Database\BaseConnection->initialize()
#3 C:\xampp\htdocs\lab11_ci\ci4\system\Database\BaseBuilder.php(1649): CodeIgniter\Database\BaseConnection->query('SELECT *\nFROM `...', Array, false)
#4 C:\xampp\htdocs\lab11_ci\ci4\system\Model.php(254): CodeIgniter\Database\BaseBuilder->get()
#5 C:\xampp\htdocs\lab11_ci\ci4\system\BaseModel.php(675): CodeIgniter\Model->doFindAll(0, 0)
#6 C:\xampp\htdocs\lab11_ci\ci4\app\Controllers\Artikel.php(38): CodeIgniter\BaseModel->findAll()
#7 C:\xampp\htdocs\lab11_ci\ci4\system\CodeIgniter.php(951): App\Controllers\Artikel->admin_index()
#8 C:\xampp\htdocs\lab11_ci\ci4\system\CodeIgniter.php(497): CodeIgniter\CodeIgniter->runController(Object(App\Controllers\Artikel))
#9 C:\xampp\htdocs\lab11_ci\ci4\system\CodeIgniter.php(340): CodeIgniter\CodeIgniter->handleRequest(NULL, Object(Config\Cache), false)
#10 C:\xampp\htdocs\lab11_ci\ci4\system\Boot.php(417): CodeIgniter\CodeIgniter->run()
#11 C:\xampp\htdocs\lab11_ci\ci4\system\Boot.php(68): CodeIgniter\Boot::runCodeIgniter(Object(CodeIgniter\CodeIgniter))
#12 C:\xampp\htdocs\lab11_ci\ci4\public\index.php(59): CodeIgniter\Boot::bootWeb(Object(Config\Paths))
#13 C:\xampp\htdocs\lab11_ci\ci4\system\rewrite.php(44): require_once('C:\\xampp\\htdocs...')
#14 {main}

Next CodeIgniter\Database\Exceptions\DatabaseException: Access denied for user ''@'localhost' (using password: NO) in C:\xampp\htdocs\lab11_ci\ci4\system\Database\MySQLi\Connection.php:231
Stack trace:
#0 C:\xampp\htdocs\lab11_ci\ci4\system\Database\BaseConnection.php(419): CodeIgniter\Database\MySQLi\Connection->connect(false)
#1 C:\xampp\htdocs\lab11_ci\ci4\system\Database\BaseConnection.php(654): CodeIgniter\Database\BaseConnection->initialize()
#2 C:\xampp\htdocs\lab11_ci\ci4\system\Database\BaseBuilder.php(1649): CodeIgniter\Database\BaseConnection->query('SELECT *\nFROM `...', Array, false)
#3 C:\xampp\htdocs\lab11_ci\ci4\system\Model.php(254): CodeIgniter\Database\BaseBuilder->get()
#4 C:\xampp\htdocs\lab11_ci\ci4\system\BaseModel.php(675): CodeIgniter\Model->doFindAll(0, 0)
#5 C:\xampp\htdocs\lab11_ci\ci4\app\Controllers\Artikel.php(38): CodeIgniter\BaseModel->findAll()
#6 C:\xampp\htdocs\lab11_ci\ci4\system\CodeIgniter.php(951): App\Controllers\Artikel->admin_index()
#7 C:\xampp\htdocs\lab11_ci\ci4\system\CodeIgniter.php(497): CodeIgniter\CodeIgniter->runController(Object(App\Controllers\Artikel))
#8 C:\xampp\htdocs\lab11_ci\ci4\system\CodeIgniter.php(340): CodeIgniter\CodeIgniter->handleRequest(NULL, Object(Config\Cache), false)
#9 C:\xampp\htdocs\lab11_ci\ci4\system\Boot.php(417): CodeIgniter\CodeIgniter->run()
#10 C:\xampp\htdocs\lab11_ci\ci4\system\Boot.php(68): CodeIgniter\Boot::runCodeIgniter(Object(CodeIgniter\CodeIgniter))
#11 C:\xampp\htdocs\lab11_ci\ci4\public\index.php(59): CodeIgniter\Boot::bootWeb(Object(Config\Paths))
#12 C:\xampp\htdocs\lab11_ci\ci4\system\rewrite.php(44): require_once('C:\\xampp\\htdocs...')
#13 {main}
CRITICAL - 2026-03-08 02:06:34 --> CodeIgniter\Database\Exceptions\DatabaseException: Unable to connect to the database.
Main connection [MySQLi]: Access denied for user ''@'localhost' (using password: NO)
[Method: GET, Route: admin/artikel]
in SYSTEMPATH\Database\BaseConnection.php on line 465.
 1 SYSTEMPATH\Database\BaseConnection.php(654): CodeIgniter\Database\BaseConnection->initialize()
 2 SYSTEMPATH\Database\BaseBuilder.php(1649): CodeIgniter\Database\BaseConnection->query('SELECT *
FROM `artikel`', [], false)
 3 SYSTEMPATH\Model.php(254): CodeIgniter\Database\BaseBuilder->get()
 4 SYSTEMPATH\BaseModel.php(675): CodeIgniter\Model->doFindAll(0, 0)
 5 APPPATH\Controllers\Artikel.php(38): CodeIgniter\BaseModel->findAll()
 6 SYSTEMPATH\CodeIgniter.php(951): App\Controllers\Artikel->admin_index()
 7 SYSTEMPATH\CodeIgniter.php(497): CodeIgniter\CodeIgniter->runController(Object(App\Controllers\Artikel))
 8 SYSTEMPATH\CodeIgniter.php(340): CodeIgniter\CodeIgniter->handleRequest(null, Object(Config\Cache), false)
 9 SYSTEMPATH\Boot.php(417): CodeIgniter\CodeIgniter->run()
10 SYSTEMPATH\Boot.php(68): CodeIgniter\Boot::runCodeIgniter(Object(CodeIgniter\CodeIgniter))
11 FCPATH\index.php(59): CodeIgniter\Boot::bootWeb(Object(Config\Paths))
12 SYSTEMPATH\rewrite.php(44): require_once('C:\\xampp\\htdocs\\lab11_ci\\ci4\\public\\index.php')
ERROR - 2026-03-08 02:06:35 --> Error connecting to the database: mysqli_sql_exception: Access denied for user ''@'localhost' (using password: NO) in C:\xampp\htdocs\lab11_ci\ci4\system\Database\MySQLi\Connection.php:201
Stack trace:
#0 C:\xampp\htdocs\lab11_ci\ci4\system\Database\MySQLi\Connection.php(201): mysqli->real_connect('localhost', '', Object(SensitiveParameterValue), '', 3306, '', 0)
#1 C:\xampp\htdocs\lab11_ci\ci4\system\Database\BaseConnection.php(419): CodeIgniter\Database\MySQLi\Connection->connect(false)
#2 C:\xampp\htdocs\lab11_ci\ci4\system\Database\BaseConnection.php(654): CodeIgniter\Database\BaseConnection->initialize()
#3 C:\xampp\htdocs\lab11_ci\ci4\system\Database\BaseBuilder.php(1649): CodeIgniter\Database\BaseConnection->query('SELECT *\nFROM `...', Array, false)
#4 C:\xampp\htdocs\lab11_ci\ci4\system\Model.php(254): CodeIgniter\Database\BaseBuilder->get()
#5 C:\xampp\htdocs\lab11_ci\ci4\system\BaseModel.php(675): CodeIgniter\Model->doFindAll(0, 0)
#6 C:\xampp\htdocs\lab11_ci\ci4\app\Controllers\Artikel.php(38): CodeIgniter\BaseModel->findAll()
#7 C:\xampp\htdocs\lab11_ci\ci4\system\CodeIgniter.php(951): App\Controllers\Artikel->admin_index()
#8 C:\xampp\htdocs\lab11_ci\ci4\system\CodeIgniter.php(497): CodeIgniter\CodeIgniter->runController(Object(App\Controllers\Artikel))
#9 C:\xampp\htdocs\lab11_ci\ci4\system\CodeIgniter.php(340): CodeIgniter\CodeIgniter->handleRequest(NULL, Object(Config\Cache), false)
#10 C:\xampp\htdocs\lab11_ci\ci4\system\Boot.php(417): CodeIgniter\CodeIgniter->run()
#11 C:\xampp\htdocs\lab11_ci\ci4\system\Boot.php(68): CodeIgniter\Boot::runCodeIgniter(Object(CodeIgniter\CodeIgniter))
#12 C:\xampp\htdocs\lab11_ci\ci4\public\index.php(59): CodeIgniter\Boot::bootWeb(Object(Config\Paths))
#13 C:\xampp\htdocs\lab11_ci\ci4\system\rewrite.php(44): require_once('C:\\xampp\\htdocs...')
#14 {main}

Next CodeIgniter\Database\Exceptions\DatabaseException: Access denied for user ''@'localhost' (using password: NO) in C:\xampp\htdocs\lab11_ci\ci4\system\Database\MySQLi\Connection.php:231
Stack trace:
#0 C:\xampp\htdocs\lab11_ci\ci4\system\Database\BaseConnection.php(419): CodeIgniter\Database\MySQLi\Connection->connect(false)
#1 C:\xampp\htdocs\lab11_ci\ci4\system\Database\BaseConnection.php(654): CodeIgniter\Database\BaseConnection->initialize()
#2 C:\xampp\htdocs\lab11_ci\ci4\system\Database\BaseBuilder.php(1649): CodeIgniter\Database\BaseConnection->query('SELECT *\nFROM `...', Array, false)
#3 C:\xampp\htdocs\lab11_ci\ci4\system\Model.php(254): CodeIgniter\Database\BaseBuilder->get()
#4 C:\xampp\htdocs\lab11_ci\ci4\system\BaseModel.php(675): CodeIgniter\Model->doFindAll(0, 0)
#5 C:\xampp\htdocs\lab11_ci\ci4\app\Controllers\Artikel.php(38): CodeIgniter\BaseModel->findAll()
#6 C:\xampp\htdocs\lab11_ci\ci4\system\CodeIgniter.php(951): App\Controllers\Artikel->admin_index()
#7 C:\xampp\htdocs\lab11_ci\ci4\system\CodeIgniter.php(497): CodeIgniter\CodeIgniter->runController(Object(App\Controllers\Artikel))
#8 C:\xampp\htdocs\lab11_ci\ci4\system\CodeIgniter.php(340): CodeIgniter\CodeIgniter->handleRequest(NULL, Object(Config\Cache), false)
#9 C:\xampp\htdocs\lab11_ci\ci4\system\Boot.php(417): CodeIgniter\CodeIgniter->run()
#10 C:\xampp\htdocs\lab11_ci\ci4\system\Boot.php(68): CodeIgniter\Boot::runCodeIgniter(Object(CodeIgniter\CodeIgniter))
#11 C:\xampp\htdocs\lab11_ci\ci4\public\index.php(59): CodeIgniter\Boot::bootWeb(Object(Config\Paths))
#12 C:\xampp\htdocs\lab11_ci\ci4\system\rewrite.php(44): require_once('C:\\xampp\\htdocs...')
#13 {main}
CRITICAL - 2026-03-08 02:06:35 --> CodeIgniter\Database\Exceptions\DatabaseException: Unable to connect to the database.
Main connection [MySQLi]: Access denied for user ''@'localhost' (using password: NO)
[Method: GET, Route: admin/artikel]
in SYSTEMPATH\Database\BaseConnection.php on line 465.
 1 SYSTEMPATH\Database\BaseConnection.php(654): CodeIgniter\Database\BaseConnection->initialize()
 2 SYSTEMPATH\Database\BaseBuilder.php(1649): CodeIgniter\Database\BaseConnection->query('SELECT *
FROM `artikel`', [], false)
 3 SYSTEMPATH\Model.php(254): CodeIgniter\Database\BaseBuilder->get()
 4 SYSTEMPATH\BaseModel.php(675): CodeIgniter\Model->doFindAll(0, 0)
 5 APPPATH\Controllers\Artikel.php(38): CodeIgniter\BaseModel->findAll()
 6 SYSTEMPATH\CodeIgniter.php(951): App\Controllers\Artikel->admin_index()
 7 SYSTEMPATH\CodeIgniter.php(497): CodeIgniter\CodeIgniter->runController(Object(App\Controllers\Artikel))
 8 SYSTEMPATH\CodeIgniter.php(340): CodeIgniter\CodeIgniter->handleRequest(null, Object(Config\Cache), false)
 9 SYSTEMPATH\Boot.php(417): CodeIgniter\CodeIgniter->run()
10 SYSTEMPATH\Boot.php(68): CodeIgniter\Boot::runCodeIgniter(Object(CodeIgniter\CodeIgniter))
11 FCPATH\index.php(59): CodeIgniter\Boot::bootWeb(Object(Config\Paths))
12 SYSTEMPATH\rewrite.php(44): require_once('C:\\xampp\\htdocs\\lab11_ci\\ci4\\public\\index.php')
ERROR - 2026-03-08 02:06:35 --> Error connecting to the database: mysqli_sql_exception: Access denied for user ''@'localhost' (using password: NO) in C:\xampp\htdocs\lab11_ci\ci4\system\Database\MySQLi\Connection.php:201
Stack trace:
#0 C:\xampp\htdocs\lab11_ci\ci4\system\Database\MySQLi\Connection.php(201): mysqli->real_connect('localhost', '', Object(SensitiveParameterValue), '', 3306, '', 0)
#1 C:\xampp\htdocs\lab11_ci\ci4\system\Database\BaseConnection.php(419): CodeIgniter\Database\MySQLi\Connection->connect(false)
#2 C:\xampp\htdocs\lab11_ci\ci4\system\Database\BaseConnection.php(654): CodeIgniter\Database\BaseConnection->initialize()
#3 C:\xampp\htdocs\lab11_ci\ci4\system\Database\BaseBuilder.php(1649): CodeIgniter\Database\BaseConnection->query('SELECT *\nFROM `...', Array, false)
#4 C:\xampp\htdocs\lab11_ci\ci4\system\Model.php(254): CodeIgniter\Database\BaseBuilder->get()
#5 C:\xampp\htdocs\lab11_ci\ci4\system\BaseModel.php(675): CodeIgniter\Model->doFindAll(0, 0)
#6 C:\xampp\htdocs\lab11_ci\ci4\app\Controllers\Artikel.php(38): CodeIgniter\BaseModel->findAll()
#7 C:\xampp\htdocs\lab11_ci\ci4\system\CodeIgniter.php(951): App\Controllers\Artikel->admin_index()
#8 C:\xampp\htdocs\lab11_ci\ci4\system\CodeIgniter.php(497): CodeIgniter\CodeIgniter->runController(Object(App\Controllers\Artikel))
#9 C:\xampp\htdocs\lab11_ci\ci4\system\CodeIgniter.php(340): CodeIgniter\CodeIgniter->handleRequest(NULL, Object(Config\Cache), false)
#10 C:\xampp\htdocs\lab11_ci\ci4\system\Boot.php(417): CodeIgniter\CodeIgniter->run()
#11 C:\xampp\htdocs\lab11_ci\ci4\system\Boot.php(68): CodeIgniter\Boot::runCodeIgniter(Object(CodeIgniter\CodeIgniter))
#12 C:\xampp\htdocs\lab11_ci\ci4\public\index.php(59): CodeIgniter\Boot::bootWeb(Object(Config\Paths))
#13 C:\xampp\htdocs\lab11_ci\ci4\system\rewrite.php(44): require_once('C:\\xampp\\htdocs...')
#14 {main}

Next CodeIgniter\Database\Exceptions\DatabaseException: Access denied for user ''@'localhost' (using password: NO) in C:\xampp\htdocs\lab11_ci\ci4\system\Database\MySQLi\Connection.php:231
Stack trace:
#0 C:\xampp\htdocs\lab11_ci\ci4\system\Database\BaseConnection.php(419): CodeIgniter\Database\MySQLi\Connection->connect(false)
#1 C:\xampp\htdocs\lab11_ci\ci4\system\Database\BaseConnection.php(654): CodeIgniter\Database\BaseConnection->initialize()
#2 C:\xampp\htdocs\lab11_ci\ci4\system\Database\BaseBuilder.php(1649): CodeIgniter\Database\BaseConnection->query('SELECT *\nFROM `...', Array, false)
#3 C:\xampp\htdocs\lab11_ci\ci4\system\Model.php(254): CodeIgniter\Database\BaseBuilder->get()
#4 C:\xampp\htdocs\lab11_ci\ci4\system\BaseModel.php(675): CodeIgniter\Model->doFindAll(0, 0)
#5 C:\xampp\htdocs\lab11_ci\ci4\app\Controllers\Artikel.php(38): CodeIgniter\BaseModel->findAll()
#6 C:\xampp\htdocs\lab11_ci\ci4\system\CodeIgniter.php(951): App\Controllers\Artikel->admin_index()
#7 C:\xampp\htdocs\lab11_ci\ci4\system\CodeIgniter.php(497): CodeIgniter\CodeIgniter->runController(Object(App\Controllers\Artikel))
#8 C:\xampp\htdocs\lab11_ci\ci4\system\CodeIgniter.php(340): CodeIgniter\CodeIgniter->handleRequest(NULL, Object(Config\Cache), false)
#9 C:\xampp\htdocs\lab11_ci\ci4\system\Boot.php(417): CodeIgniter\CodeIgniter->run()
#10 C:\xampp\htdocs\lab11_ci\ci4\system\Boot.php(68): CodeIgniter\Boot::runCodeIgniter(Object(CodeIgniter\CodeIgniter))
#11 C:\xampp\htdocs\lab11_ci\ci4\public\index.php(59): CodeIgniter\Boot::bootWeb(Object(Config\Paths))
#12 C:\xampp\htdocs\lab11_ci\ci4\system\rewrite.php(44): require_once('C:\\xampp\\htdocs...')
#13 {main}
CRITICAL - 2026-03-08 02:06:35 --> CodeIgniter\Database\Exceptions\DatabaseException: Unable to connect to the database.
Main connection [MySQLi]: Access denied for user ''@'localhost' (using password: NO)
[Method: GET, Route: admin/artikel]
in SYSTEMPATH\Database\BaseConnection.php on line 465.
 1 SYSTEMPATH\Database\BaseConnection.php(654): CodeIgniter\Database\BaseConnection->initialize()
 2 SYSTEMPATH\Database\BaseBuilder.php(1649): CodeIgniter\Database\BaseConnection->query('SELECT *
FROM `artikel`', [], false)
 3 SYSTEMPATH\Model.php(254): CodeIgniter\Database\BaseBuilder->get()
 4 SYSTEMPATH\BaseModel.php(675): CodeIgniter\Model->doFindAll(0, 0)
 5 APPPATH\Controllers\Artikel.php(38): CodeIgniter\BaseModel->findAll()
 6 SYSTEMPATH\CodeIgniter.php(951): App\Controllers\Artikel->admin_index()
 7 SYSTEMPATH\CodeIgniter.php(497): CodeIgniter\CodeIgniter->runController(Object(App\Controllers\Artikel))
 8 SYSTEMPATH\CodeIgniter.php(340): CodeIgniter\CodeIgniter->handleRequest(null, Object(Config\Cache), false)
 9 SYSTEMPATH\Boot.php(417): CodeIgniter\CodeIgniter->run()
10 SYSTEMPATH\Boot.php(68): CodeIgniter\Boot::runCodeIgniter(Object(CodeIgniter\CodeIgniter))
11 FCPATH\index.php(59): CodeIgniter\Boot::bootWeb(Object(Config\Paths))
12 SYSTEMPATH\rewrite.php(44): require_once('C:\\xampp\\htdocs\\lab11_ci\\ci4\\public\\index.php')
ERROR - 2026-03-08 02:06:36 --> Error connecting to the database: mysqli_sql_exception: Access denied for user ''@'localhost' (using password: NO) in C:\xampp\htdocs\lab11_ci\ci4\system\Database\MySQLi\Connection.php:201
Stack trace:
#0 C:\xampp\htdocs\lab11_ci\ci4\system\Database\MySQLi\Connection.php(201): mysqli->real_connect('localhost', '', Object(SensitiveParameterValue), '', 3306, '', 0)
#1 C:\xampp\htdocs\lab11_ci\ci4\system\Database\BaseConnection.php(419): CodeIgniter\Database\MySQLi\Connection->connect(false)
#2 C:\xampp\htdocs\lab11_ci\ci4\system\Database\BaseConnection.php(654): CodeIgniter\Database\BaseConnection->initialize()
#3 C:\xampp\htdocs\lab11_ci\ci4\system\Database\BaseBuilder.php(1649): CodeIgniter\Database\BaseConnection->query('SELECT *\nFROM `...', Array, false)
#4 C:\xampp\htdocs\lab11_ci\ci4\system\Model.php(254): CodeIgniter\Database\BaseBuilder->get()
#5 C:\xampp\htdocs\lab11_ci\ci4\system\BaseModel.php(675): CodeIgniter\Model->doFindAll(0, 0)
#6 C:\xampp\htdocs\lab11_ci\ci4\app\Controllers\Artikel.php(38): CodeIgniter\BaseModel->findAll()
#7 C:\xampp\htdocs\lab11_ci\ci4\system\CodeIgniter.php(951): App\Controllers\Artikel->admin_index()
#8 C:\xampp\htdocs\lab11_ci\ci4\system\CodeIgniter.php(497): CodeIgniter\CodeIgniter->runController(Object(App\Controllers\Artikel))
#9 C:\xampp\htdocs\lab11_ci\ci4\system\CodeIgniter.php(340): CodeIgniter\CodeIgniter->handleRequest(NULL, Object(Config\Cache), false)
#10 C:\xampp\htdocs\lab11_ci\ci4\system\Boot.php(417): CodeIgniter\CodeIgniter->run()
#11 C:\xampp\htdocs\lab11_ci\ci4\system\Boot.php(68): CodeIgniter\Boot::runCodeIgniter(Object(CodeIgniter\CodeIgniter))
#12 C:\xampp\htdocs\lab11_ci\ci4\public\index.php(59): CodeIgniter\Boot::bootWeb(Object(Config\Paths))
#13 C:\xampp\htdocs\lab11_ci\ci4\system\rewrite.php(44): require_once('C:\\xampp\\htdocs...')
#14 {main}

Next CodeIgniter\Database\Exceptions\DatabaseException: Access denied for user ''@'localhost' (using password: NO) in C:\xampp\htdocs\lab11_ci\ci4\system\Database\MySQLi\Connection.php:231
Stack trace:
#0 C:\xampp\htdocs\lab11_ci\ci4\system\Database\BaseConnection.php(419): CodeIgniter\Database\MySQLi\Connection->connect(false)
#1 C:\xampp\htdocs\lab11_ci\ci4\system\Database\BaseConnection.php(654): CodeIgniter\Database\BaseConnection->initialize()
#2 C:\xampp\htdocs\lab11_ci\ci4\system\Database\BaseBuilder.php(1649): CodeIgniter\Database\BaseConnection->query('SELECT *\nFROM `...', Array, false)
#3 C:\xampp\htdocs\lab11_ci\ci4\system\Model.php(254): CodeIgniter\Database\BaseBuilder->get()
#4 C:\xampp\htdocs\lab11_ci\ci4\system\BaseModel.php(675): CodeIgniter\Model->doFindAll(0, 0)
#5 C:\xampp\htdocs\lab11_ci\ci4\app\Controllers\Artikel.php(38): CodeIgniter\BaseModel->findAll()
#6 C:\xampp\htdocs\lab11_ci\ci4\system\CodeIgniter.php(951): App\Controllers\Artikel->admin_index()
#7 C:\xampp\htdocs\lab11_ci\ci4\system\CodeIgniter.php(497): CodeIgniter\CodeIgniter->runController(Object(App\Controllers\Artikel))
#8 C:\xampp\htdocs\lab11_ci\ci4\system\CodeIgniter.php(340): CodeIgniter\CodeIgniter->handleRequest(NULL, Object(Config\Cache), false)
#9 C:\xampp\htdocs\lab11_ci\ci4\system\Boot.php(417): CodeIgniter\CodeIgniter->run()
#10 C:\xampp\htdocs\lab11_ci\ci4\system\Boot.php(68): CodeIgniter\Boot::runCodeIgniter(Object(CodeIgniter\CodeIgniter))
#11 C:\xampp\htdocs\lab11_ci\ci4\public\index.php(59): CodeIgniter\Boot::bootWeb(Object(Config\Paths))
#12 C:\xampp\htdocs\lab11_ci\ci4\system\rewrite.php(44): require_once('C:\\xampp\\htdocs...')
#13 {main}
CRITICAL - 2026-03-08 02:06:36 --> CodeIgniter\Database\Exceptions\DatabaseException: Unable to connect to the database.
Main connection [MySQLi]: Access denied for user ''@'localhost' (using password: NO)
[Method: GET, Route: admin/artikel]
in SYSTEMPATH\Database\BaseConnection.php on line 465.
 1 SYSTEMPATH\Database\BaseConnection.php(654): CodeIgniter\Database\BaseConnection->initialize()
 2 SYSTEMPATH\Database\BaseBuilder.php(1649): CodeIgniter\Database\BaseConnection->query('SELECT *
FROM `artikel`', [], false)
 3 SYSTEMPATH\Model.php(254): CodeIgniter\Database\BaseBuilder->get()
 4 SYSTEMPATH\BaseModel.php(675): CodeIgniter\Model->doFindAll(0, 0)
 5 APPPATH\Controllers\Artikel.php(38): CodeIgniter\BaseModel->findAll()
 6 SYSTEMPATH\CodeIgniter.php(951): App\Controllers\Artikel->admin_index()
 7 SYSTEMPATH\CodeIgniter.php(497): CodeIgniter\CodeIgniter->runController(Object(App\Controllers\Artikel))
 8 SYSTEMPATH\CodeIgniter.php(340): CodeIgniter\CodeIgniter->handleRequest(null, Object(Config\Cache), false)
 9 SYSTEMPATH\Boot.php(417): CodeIgniter\CodeIgniter->run()
10 SYSTEMPATH\Boot.php(68): CodeIgniter\Boot::runCodeIgniter(Object(CodeIgniter\CodeIgniter))
11 FCPATH\index.php(59): CodeIgniter\Boot::bootWeb(Object(Config\Paths))
12 SYSTEMPATH\rewrite.php(44): require_once('C:\\xampp\\htdocs\\lab11_ci\\ci4\\public\\index.php')
ERROR - 2026-03-08 02:06:36 --> Error connecting to the database: mysqli_sql_exception: Access denied for user ''@'localhost' (using password: NO) in C:\xampp\htdocs\lab11_ci\ci4\system\Database\MySQLi\Connection.php:201
Stack trace:
#0 C:\xampp\htdocs\lab11_ci\ci4\system\Database\MySQLi\Connection.php(201): mysqli->real_connect('localhost', '', Object(SensitiveParameterValue), '', 3306, '', 0)
#1 C:\xampp\htdocs\lab11_ci\ci4\system\Database\BaseConnection.php(419): CodeIgniter\Database\MySQLi\Connection->connect(false)
#2 C:\xampp\htdocs\lab11_ci\ci4\system\Database\BaseConnection.php(654): CodeIgniter\Database\BaseConnection->initialize()
#3 C:\xampp\htdocs\lab11_ci\ci4\system\Database\BaseBuilder.php(1649): CodeIgniter\Database\BaseConnection->query('SELECT *\nFROM `...', Array, false)
#4 C:\xampp\htdocs\lab11_ci\ci4\system\Model.php(254): CodeIgniter\Database\BaseBuilder->get()
#5 C:\xampp\htdocs\lab11_ci\ci4\system\BaseModel.php(675): CodeIgniter\Model->doFindAll(0, 0)
#6 C:\xampp\htdocs\lab11_ci\ci4\app\Controllers\Artikel.php(38): CodeIgniter\BaseModel->findAll()
#7 C:\xampp\htdocs\lab11_ci\ci4\system\CodeIgniter.php(951): App\Controllers\Artikel->admin_index()
#8 C:\xampp\htdocs\lab11_ci\ci4\system\CodeIgniter.php(497): CodeIgniter\CodeIgniter->runController(Object(App\Controllers\Artikel))
#9 C:\xampp\htdocs\lab11_ci\ci4\system\CodeIgniter.php(340): CodeIgniter\CodeIgniter->handleRequest(NULL, Object(Config\Cache), false)
#10 C:\xampp\htdocs\lab11_ci\ci4\system\Boot.php(417): CodeIgniter\CodeIgniter->run()
#11 C:\xampp\htdocs\lab11_ci\ci4\system\Boot.php(68): CodeIgniter\Boot::runCodeIgniter(Object(CodeIgniter\CodeIgniter))
#12 C:\xampp\htdocs\lab11_ci\ci4\public\index.php(59): CodeIgniter\Boot::bootWeb(Object(Config\Paths))
#13 C:\xampp\htdocs\lab11_ci\ci4\system\rewrite.php(44): require_once('C:\\xampp\\htdocs...')
#14 {main}

Next CodeIgniter\Database\Exceptions\DatabaseException: Access denied for user ''@'localhost' (using password: NO) in C:\xampp\htdocs\lab11_ci\ci4\system\Database\MySQLi\Connection.php:231
Stack trace:
#0 C:\xampp\htdocs\lab11_ci\ci4\system\Database\BaseConnection.php(419): CodeIgniter\Database\MySQLi\Connection->connect(false)
#1 C:\xampp\htdocs\lab11_ci\ci4\system\Database\BaseConnection.php(654): CodeIgniter\Database\BaseConnection->initialize()
#2 C:\xampp\htdocs\lab11_ci\ci4\system\Database\BaseBuilder.php(1649): CodeIgniter\Database\BaseConnection->query('SELECT *\nFROM `...', Array, false)
#3 C:\xampp\htdocs\lab11_ci\ci4\system\Model.php(254): CodeIgniter\Database\BaseBuilder->get()
#4 C:\xampp\htdocs\lab11_ci\ci4\system\BaseModel.php(675): CodeIgniter\Model->doFindAll(0, 0)
#5 C:\xampp\htdocs\lab11_ci\ci4\app\Controllers\Artikel.php(38): CodeIgniter\BaseModel->findAll()
#6 C:\xampp\htdocs\lab11_ci\ci4\system\CodeIgniter.php(951): App\Controllers\Artikel->admin_index()
#7 C:\xampp\htdocs\lab11_ci\ci4\system\CodeIgniter.php(497): CodeIgniter\CodeIgniter->runController(Object(App\Controllers\Artikel))
#8 C:\xampp\htdocs\lab11_ci\ci4\system\CodeIgniter.php(340): CodeIgniter\CodeIgniter->handleRequest(NULL, Object(Config\Cache), false)
#9 C:\xampp\htdocs\lab11_ci\ci4\system\Boot.php(417): CodeIgniter\CodeIgniter->run()
#10 C:\xampp\htdocs\lab11_ci\ci4\system\Boot.php(68): CodeIgniter\Boot::runCodeIgniter(Object(CodeIgniter\CodeIgniter))
#11 C:\xampp\htdocs\lab11_ci\ci4\public\index.php(59): CodeIgniter\Boot::bootWeb(Object(Config\Paths))
#12 C:\xampp\htdocs\lab11_ci\ci4\system\rewrite.php(44): require_once('C:\\xampp\\htdocs...')
#13 {main}
CRITICAL - 2026-03-08 02:06:36 --> CodeIgniter\Database\Exceptions\DatabaseException: Unable to connect to the database.
Main connection [MySQLi]: Access denied for user ''@'localhost' (using password: NO)
[Method: GET, Route: admin/artikel]
in SYSTEMPATH\Database\BaseConnection.php on line 465.
 1 SYSTEMPATH\Database\BaseConnection.php(654): CodeIgniter\Database\BaseConnection->initialize()
 2 SYSTEMPATH\Database\BaseBuilder.php(1649): CodeIgniter\Database\BaseConnection->query('SELECT *
FROM `artikel`', [], false)
 3 SYSTEMPATH\Model.php(254): CodeIgniter\Database\BaseBuilder->get()
 4 SYSTEMPATH\BaseModel.php(675): CodeIgniter\Model->doFindAll(0, 0)
 5 APPPATH\Controllers\Artikel.php(38): CodeIgniter\BaseModel->findAll()
 6 SYSTEMPATH\CodeIgniter.php(951): App\Controllers\Artikel->admin_index()
 7 SYSTEMPATH\CodeIgniter.php(497): CodeIgniter\CodeIgniter->runController(Object(App\Controllers\Artikel))
 8 SYSTEMPATH\CodeIgniter.php(340): CodeIgniter\CodeIgniter->handleRequest(null, Object(Config\Cache), false)
 9 SYSTEMPATH\Boot.php(417): CodeIgniter\CodeIgniter->run()
10 SYSTEMPATH\Boot.php(68): CodeIgniter\Boot::runCodeIgniter(Object(CodeIgniter\CodeIgniter))
11 FCPATH\index.php(59): CodeIgniter\Boot::bootWeb(Object(Config\Paths))
12 SYSTEMPATH\rewrite.php(44): require_once('C:\\xampp\\htdocs\\lab11_ci\\ci4\\public\\index.php')
ERROR - 2026-03-08 02:06:36 --> Error connecting to the database: mysqli_sql_exception: Access denied for user ''@'localhost' (using password: NO) in C:\xampp\htdocs\lab11_ci\ci4\system\Database\MySQLi\Connection.php:201
Stack trace:
#0 C:\xampp\htdocs\lab11_ci\ci4\system\Database\MySQLi\Connection.php(201): mysqli->real_connect('localhost', '', Object(SensitiveParameterValue), '', 3306, '', 0)
#1 C:\xampp\htdocs\lab11_ci\ci4\system\Database\BaseConnection.php(419): CodeIgniter\Database\MySQLi\Connection->connect(false)
#2 C:\xampp\htdocs\lab11_ci\ci4\system\Database\BaseConnection.php(654): CodeIgniter\Database\BaseConnection->initialize()
#3 C:\xampp\htdocs\lab11_ci\ci4\system\Database\BaseBuilder.php(1649): CodeIgniter\Database\BaseConnection->query('SELECT *\nFROM `...', Array, false)
#4 C:\xampp\htdocs\lab11_ci\ci4\system\Model.php(254): CodeIgniter\Database\BaseBuilder->get()
#5 C:\xampp\htdocs\lab11_ci\ci4\system\BaseModel.php(675): CodeIgniter\Model->doFindAll(0, 0)
#6 C:\xampp\htdocs\lab11_ci\ci4\app\Controllers\Artikel.php(38): CodeIgniter\BaseModel->findAll()
#7 C:\xampp\htdocs\lab11_ci\ci4\system\CodeIgniter.php(951): App\Controllers\Artikel->admin_index()
#8 C:\xampp\htdocs\lab11_ci\ci4\system\CodeIgniter.php(497): CodeIgniter\CodeIgniter->runController(Object(App\Controllers\Artikel))
#9 C:\xampp\htdocs\lab11_ci\ci4\system\CodeIgniter.php(340): CodeIgniter\CodeIgniter->handleRequest(NULL, Object(Config\Cache), false)
#10 C:\xampp\htdocs\lab11_ci\ci4\system\Boot.php(417): CodeIgniter\CodeIgniter->run()
#11 C:\xampp\htdocs\lab11_ci\ci4\system\Boot.php(68): CodeIgniter\Boot::runCodeIgniter(Object(CodeIgniter\CodeIgniter))
#12 C:\xampp\htdocs\lab11_ci\ci4\public\index.php(59): CodeIgniter\Boot::bootWeb(Object(Config\Paths))
#13 C:\xampp\htdocs\lab11_ci\ci4\system\rewrite.php(44): require_once('C:\\xampp\\htdocs...')
#14 {main}

Next CodeIgniter\Database\Exceptions\DatabaseException: Access denied for user ''@'localhost' (using password: NO) in C:\xampp\htdocs\lab11_ci\ci4\system\Database\MySQLi\Connection.php:231
Stack trace:
#0 C:\xampp\htdocs\lab11_ci\ci4\system\Database\BaseConnection.php(419): CodeIgniter\Database\MySQLi\Connection->connect(false)
#1 C:\xampp\htdocs\lab11_ci\ci4\system\Database\BaseConnection.php(654): CodeIgniter\Database\BaseConnection->initialize()
#2 C:\xampp\htdocs\lab11_ci\ci4\system\Database\BaseBuilder.php(1649): CodeIgniter\Database\BaseConnection->query('SELECT *\nFROM `...', Array, false)
#3 C:\xampp\htdocs\lab11_ci\ci4\system\Model.php(254): CodeIgniter\Database\BaseBuilder->get()
#4 C:\xampp\htdocs\lab11_ci\ci4\system\BaseModel.php(675): CodeIgniter\Model->doFindAll(0, 0)
#5 C:\xampp\htdocs\lab11_ci\ci4\app\Controllers\Artikel.php(38): CodeIgniter\BaseModel->findAll()
#6 C:\xampp\htdocs\lab11_ci\ci4\system\CodeIgniter.php(951): App\Controllers\Artikel->admin_index()
#7 C:\xampp\htdocs\lab11_ci\ci4\system\CodeIgniter.php(497): CodeIgniter\CodeIgniter->runController(Object(App\Controllers\Artikel))
#8 C:\xampp\htdocs\lab11_ci\ci4\system\CodeIgniter.php(340): CodeIgniter\CodeIgniter->handleRequest(NULL, Object(Config\Cache), false)
#9 C:\xampp\htdocs\lab11_ci\ci4\system\Boot.php(417): CodeIgniter\CodeIgniter->run()
#10 C:\xampp\htdocs\lab11_ci\ci4\system\Boot.php(68): CodeIgniter\Boot::runCodeIgniter(Object(CodeIgniter\CodeIgniter))
#11 C:\xampp\htdocs\lab11_ci\ci4\public\index.php(59): CodeIgniter\Boot::bootWeb(Object(Config\Paths))
#12 C:\xampp\htdocs\lab11_ci\ci4\system\rewrite.php(44): require_once('C:\\xampp\\htdocs...')
#13 {main}
CRITICAL - 2026-03-08 02:06:36 --> CodeIgniter\Database\Exceptions\DatabaseException: Unable to connect to the database.
Main connection [MySQLi]: Access denied for user ''@'localhost' (using password: NO)
[Method: GET, Route: admin/artikel]
in SYSTEMPATH\Database\BaseConnection.php on line 465.
 1 SYSTEMPATH\Database\BaseConnection.php(654): CodeIgniter\Database\BaseConnection->initialize()
 2 SYSTEMPATH\Database\BaseBuilder.php(1649): CodeIgniter\Database\BaseConnection->query('SELECT *
FROM `artikel`', [], false)
 3 SYSTEMPATH\Model.php(254): CodeIgniter\Database\BaseBuilder->get()
 4 SYSTEMPATH\BaseModel.php(675): CodeIgniter\Model->doFindAll(0, 0)
 5 APPPATH\Controllers\Artikel.php(38): CodeIgniter\BaseModel->findAll()
 6 SYSTEMPATH\CodeIgniter.php(951): App\Controllers\Artikel->admin_index()
 7 SYSTEMPATH\CodeIgniter.php(497): CodeIgniter\CodeIgniter->runController(Object(App\Controllers\Artikel))
 8 SYSTEMPATH\CodeIgniter.php(340): CodeIgniter\CodeIgniter->handleRequest(null, Object(Config\Cache), false)
 9 SYSTEMPATH\Boot.php(417): CodeIgniter\CodeIgniter->run()
10 SYSTEMPATH\Boot.php(68): CodeIgniter\Boot::runCodeIgniter(Object(CodeIgniter\CodeIgniter))
11 FCPATH\index.php(59): CodeIgniter\Boot::bootWeb(Object(Config\Paths))
12 SYSTEMPATH\rewrite.php(44): require_once('C:\\xampp\\htdocs\\lab11_ci\\ci4\\public\\index.php')
ERROR - 2026-03-08 02:06:37 --> Error connecting to the database: mysqli_sql_exception: Access denied for user ''@'localhost' (using password: NO) in C:\xampp\htdocs\lab11_ci\ci4\system\Database\MySQLi\Connection.php:201
Stack trace:
#0 C:\xampp\htdocs\lab11_ci\ci4\system\Database\MySQLi\Connection.php(201): mysqli->real_connect('localhost', '', Object(SensitiveParameterValue), '', 3306, '', 0)
#1 C:\xampp\htdocs\lab11_ci\ci4\system\Database\BaseConnection.php(419): CodeIgniter\Database\MySQLi\Connection->connect(false)
#2 C:\xampp\htdocs\lab11_ci\ci4\system\Database\BaseConnection.php(654): CodeIgniter\Database\BaseConnection->initialize()
#3 C:\xampp\htdocs\lab11_ci\ci4\system\Database\BaseBuilder.php(1649): CodeIgniter\Database\BaseConnection->query('SELECT *\nFROM `...', Array, false)
#4 C:\xampp\htdocs\lab11_ci\ci4\system\Model.php(254): CodeIgniter\Database\BaseBuilder->get()
#5 C:\xampp\htdocs\lab11_ci\ci4\system\BaseModel.php(675): CodeIgniter\Model->doFindAll(0, 0)
#6 C:\xampp\htdocs\lab11_ci\ci4\app\Controllers\Artikel.php(38): CodeIgniter\BaseModel->findAll()
#7 C:\xampp\htdocs\lab11_ci\ci4\system\CodeIgniter.php(951): App\Controllers\Artikel->admin_index()
#8 C:\xampp\htdocs\lab11_ci\ci4\system\CodeIgniter.php(497): CodeIgniter\CodeIgniter->runController(Object(App\Controllers\Artikel))
#9 C:\xampp\htdocs\lab11_ci\ci4\system\CodeIgniter.php(340): CodeIgniter\CodeIgniter->handleRequest(NULL, Object(Config\Cache), false)
#10 C:\xampp\htdocs\lab11_ci\ci4\system\Boot.php(417): CodeIgniter\CodeIgniter->run()
#11 C:\xampp\htdocs\lab11_ci\ci4\system\Boot.php(68): CodeIgniter\Boot::runCodeIgniter(Object(CodeIgniter\CodeIgniter))
#12 C:\xampp\htdocs\lab11_ci\ci4\public\index.php(59): CodeIgniter\Boot::bootWeb(Object(Config\Paths))
#13 C:\xampp\htdocs\lab11_ci\ci4\system\rewrite.php(44): require_once('C:\\xampp\\htdocs...')
#14 {main}

Next CodeIgniter\Database\Exceptions\DatabaseException: Access denied for user ''@'localhost' (using password: NO) in C:\xampp\htdocs\lab11_ci\ci4\system\Database\MySQLi\Connection.php:231
Stack trace:
#0 C:\xampp\htdocs\lab11_ci\ci4\system\Database\BaseConnection.php(419): CodeIgniter\Database\MySQLi\Connection->connect(false)
#1 C:\xampp\htdocs\lab11_ci\ci4\system\Database\BaseConnection.php(654): CodeIgniter\Database\BaseConnection->initialize()
#2 C:\xampp\htdocs\lab11_ci\ci4\system\Database\BaseBuilder.php(1649): CodeIgniter\Database\BaseConnection->query('SELECT *\nFROM `...', Array, false)
#3 C:\xampp\htdocs\lab11_ci\ci4\system\Model.php(254): CodeIgniter\Database\BaseBuilder->get()
#4 C:\xampp\htdocs\lab11_ci\ci4\system\BaseModel.php(675): CodeIgniter\Model->doFindAll(0, 0)
#5 C:\xampp\htdocs\lab11_ci\ci4\app\Controllers\Artikel.php(38): CodeIgniter\BaseModel->findAll()
#6 C:\xampp\htdocs\lab11_ci\ci4\system\CodeIgniter.php(951): App\Controllers\Artikel->admin_index()
#7 C:\xampp\htdocs\lab11_ci\ci4\system\CodeIgniter.php(497): CodeIgniter\CodeIgniter->runController(Object(App\Controllers\Artikel))
#8 C:\xampp\htdocs\lab11_ci\ci4\system\CodeIgniter.php(340): CodeIgniter\CodeIgniter->handleRequest(NULL, Object(Config\Cache), false)
#9 C:\xampp\htdocs\lab11_ci\ci4\system\Boot.php(417): CodeIgniter\CodeIgniter->run()
#10 C:\xampp\htdocs\lab11_ci\ci4\system\Boot.php(68): CodeIgniter\Boot::runCodeIgniter(Object(CodeIgniter\CodeIgniter))
#11 C:\xampp\htdocs\lab11_ci\ci4\public\index.php(59): CodeIgniter\Boot::bootWeb(Object(Config\Paths))
#12 C:\xampp\htdocs\lab11_ci\ci4\system\rewrite.php(44): require_once('C:\\xampp\\htdocs...')
#13 {main}
CRITICAL - 2026-03-08 02:06:37 --> CodeIgniter\Database\Exceptions\DatabaseException: Unable to connect to the database.
Main connection [MySQLi]: Access denied for user ''@'localhost' (using password: NO)
[Method: GET, Route: admin/artikel]
in SYSTEMPATH\Database\BaseConnection.php on line 465.
 1 SYSTEMPATH\Database\BaseConnection.php(654): CodeIgniter\Database\BaseConnection->initialize()
 2 SYSTEMPATH\Database\BaseBuilder.php(1649): CodeIgniter\Database\BaseConnection->query('SELECT *
FROM `artikel`', [], false)
 3 SYSTEMPATH\Model.php(254): CodeIgniter\Database\BaseBuilder->get()
 4 SYSTEMPATH\BaseModel.php(675): CodeIgniter\Model->doFindAll(0, 0)
 5 APPPATH\Controllers\Artikel.php(38): CodeIgniter\BaseModel->findAll()
 6 SYSTEMPATH\CodeIgniter.php(951): App\Controllers\Artikel->admin_index()
 7 SYSTEMPATH\CodeIgniter.php(497): CodeIgniter\CodeIgniter->runController(Object(App\Controllers\Artikel))
 8 SYSTEMPATH\CodeIgniter.php(340): CodeIgniter\CodeIgniter->handleRequest(null, Object(Config\Cache), false)
 9 SYSTEMPATH\Boot.php(417): CodeIgniter\CodeIgniter->run()
10 SYSTEMPATH\Boot.php(68): CodeIgniter\Boot::runCodeIgniter(Object(CodeIgniter\CodeIgniter))
11 FCPATH\index.php(59): CodeIgniter\Boot::bootWeb(Object(Config\Paths))
12 SYSTEMPATH\rewrite.php(44): require_once('C:\\xampp\\htdocs\\lab11_ci\\ci4\\public\\index.php')
ERROR - 2026-03-08 02:06:37 --> Error connecting to the database: mysqli_sql_exception: Access denied for user ''@'localhost' (using password: NO) in C:\xampp\htdocs\lab11_ci\ci4\system\Database\MySQLi\Connection.php:201
Stack trace:
#0 C:\xampp\htdocs\lab11_ci\ci4\system\Database\MySQLi\Connection.php(201): mysqli->real_connect('localhost', '', Object(SensitiveParameterValue), '', 3306, '', 0)
#1 C:\xampp\htdocs\lab11_ci\ci4\system\Database\BaseConnection.php(419): CodeIgniter\Database\MySQLi\Connection->connect(false)
#2 C:\xampp\htdocs\lab11_ci\ci4\system\Database\BaseConnection.php(654): CodeIgniter\Database\BaseConnection->initialize()
#3 C:\xampp\htdocs\lab11_ci\ci4\system\Database\BaseBuilder.php(1649): CodeIgniter\Database\BaseConnection->query('SELECT *\nFROM `...', Array, false)
#4 C:\xampp\htdocs\lab11_ci\ci4\system\Model.php(254): CodeIgniter\Database\BaseBuilder->get()
#5 C:\xampp\htdocs\lab11_ci\ci4\system\BaseModel.php(675): CodeIgniter\Model->doFindAll(0, 0)
#6 C:\xampp\htdocs\lab11_ci\ci4\app\Controllers\Artikel.php(38): CodeIgniter\BaseModel->findAll()
#7 C:\xampp\htdocs\lab11_ci\ci4\system\CodeIgniter.php(951): App\Controllers\Artikel->admin_index()
#8 C:\xampp\htdocs\lab11_ci\ci4\system\CodeIgniter.php(497): CodeIgniter\CodeIgniter->runController(Object(App\Controllers\Artikel))
#9 C:\xampp\htdocs\lab11_ci\ci4\system\CodeIgniter.php(340): CodeIgniter\CodeIgniter->handleRequest(NULL, Object(Config\Cache), false)
#10 C:\xampp\htdocs\lab11_ci\ci4\system\Boot.php(417): CodeIgniter\CodeIgniter->run()
#11 C:\xampp\htdocs\lab11_ci\ci4\system\Boot.php(68): CodeIgniter\Boot::runCodeIgniter(Object(CodeIgniter\CodeIgniter))
#12 C:\xampp\htdocs\lab11_ci\ci4\public\index.php(59): CodeIgniter\Boot::bootWeb(Object(Config\Paths))
#13 C:\xampp\htdocs\lab11_ci\ci4\system\rewrite.php(44): require_once('C:\\xampp\\htdocs...')
#14 {main}

Next CodeIgniter\Database\Exceptions\DatabaseException: Access denied for user ''@'localhost' (using password: NO) in C:\xampp\htdocs\lab11_ci\ci4\system\Database\MySQLi\Connection.php:231
Stack trace:
#0 C:\xampp\htdocs\lab11_ci\ci4\system\Database\BaseConnection.php(419): CodeIgniter\Database\MySQLi\Connection->connect(false)
#1 C:\xampp\htdocs\lab11_ci\ci4\system\Database\BaseConnection.php(654): CodeIgniter\Database\BaseConnection->initialize()
#2 C:\xampp\htdocs\lab11_ci\ci4\system\Database\BaseBuilder.php(1649): CodeIgniter\Database\BaseConnection->query('SELECT *\nFROM `...', Array, false)
#3 C:\xampp\htdocs\lab11_ci\ci4\system\Model.php(254): CodeIgniter\Database\BaseBuilder->get()
#4 C:\xampp\htdocs\lab11_ci\ci4\system\BaseModel.php(675): CodeIgniter\Model->doFindAll(0, 0)
#5 C:\xampp\htdocs\lab11_ci\ci4\app\Controllers\Artikel.php(38): CodeIgniter\BaseModel->findAll()
#6 C:\xampp\htdocs\lab11_ci\ci4\system\CodeIgniter.php(951): App\Controllers\Artikel->admin_index()
#7 C:\xampp\htdocs\lab11_ci\ci4\system\CodeIgniter.php(497): CodeIgniter\CodeIgniter->runController(Object(App\Controllers\Artikel))
#8 C:\xampp\htdocs\lab11_ci\ci4\system\CodeIgniter.php(340): CodeIgniter\CodeIgniter->handleRequest(NULL, Object(Config\Cache), false)
#9 C:\xampp\htdocs\lab11_ci\ci4\system\Boot.php(417): CodeIgniter\CodeIgniter->run()
#10 C:\xampp\htdocs\lab11_ci\ci4\system\Boot.php(68): CodeIgniter\Boot::runCodeIgniter(Object(CodeIgniter\CodeIgniter))
#11 C:\xampp\htdocs\lab11_ci\ci4\public\index.php(59): CodeIgniter\Boot::bootWeb(Object(Config\Paths))
#12 C:\xampp\htdocs\lab11_ci\ci4\system\rewrite.php(44): require_once('C:\\xampp\\htdocs...')
#13 {main}
CRITICAL - 2026-03-08 02:06:37 --> CodeIgniter\Database\Exceptions\DatabaseException: Unable to connect to the database.
Main connection [MySQLi]: Access denied for user ''@'localhost' (using password: NO)
[Method: GET, Route: admin/artikel]
in SYSTEMPATH\Database\BaseConnection.php on line 465.
 1 SYSTEMPATH\Database\BaseConnection.php(654): CodeIgniter\Database\BaseConnection->initialize()
 2 SYSTEMPATH\Database\BaseBuilder.php(1649): CodeIgniter\Database\BaseConnection->query('SELECT *
FROM `artikel`', [], false)
 3 SYSTEMPATH\Model.php(254): CodeIgniter\Database\BaseBuilder->get()
 4 SYSTEMPATH\BaseModel.php(675): CodeIgniter\Model->doFindAll(0, 0)
 5 APPPATH\Controllers\Artikel.php(38): CodeIgniter\BaseModel->findAll()
 6 SYSTEMPATH\CodeIgniter.php(951): App\Controllers\Artikel->admin_index()
 7 SYSTEMPATH\CodeIgniter.php(497): CodeIgniter\CodeIgniter->runController(Object(App\Controllers\Artikel))
 8 SYSTEMPATH\CodeIgniter.php(340): CodeIgniter\CodeIgniter->handleRequest(null, Object(Config\Cache), false)
 9 SYSTEMPATH\Boot.php(417): CodeIgniter\CodeIgniter->run()
10 SYSTEMPATH\Boot.php(68): CodeIgniter\Boot::runCodeIgniter(Object(CodeIgniter\CodeIgniter))
11 FCPATH\index.php(59): CodeIgniter\Boot::bootWeb(Object(Config\Paths))
12 SYSTEMPATH\rewrite.php(44): require_once('C:\\xampp\\htdocs\\lab11_ci\\ci4\\public\\index.php')
ERROR - 2026-03-08 02:06:38 --> Error connecting to the database: mysqli_sql_exception: Access denied for user ''@'localhost' (using password: NO) in C:\xampp\htdocs\lab11_ci\ci4\system\Database\MySQLi\Connection.php:201
Stack trace:
#0 C:\xampp\htdocs\lab11_ci\ci4\system\Database\MySQLi\Connection.php(201): mysqli->real_connect('localhost', '', Object(SensitiveParameterValue), '', 3306, '', 0)
#1 C:\xampp\htdocs\lab11_ci\ci4\system\Database\BaseConnection.php(419): CodeIgniter\Database\MySQLi\Connection->connect(false)
#2 C:\xampp\htdocs\lab11_ci\ci4\system\Database\BaseConnection.php(654): CodeIgniter\Database\BaseConnection->initialize()
#3 C:\xampp\htdocs\lab11_ci\ci4\system\Database\BaseBuilder.php(1649): CodeIgniter\Database\BaseConnection->query('SELECT *\nFROM `...', Array, false)
#4 C:\xampp\htdocs\lab11_ci\ci4\system\Model.php(254): CodeIgniter\Database\BaseBuilder->get()
#5 C:\xampp\htdocs\lab11_ci\ci4\system\BaseModel.php(675): CodeIgniter\Model->doFindAll(0, 0)
#6 C:\xampp\htdocs\lab11_ci\ci4\app\Controllers\Artikel.php(38): CodeIgniter\BaseModel->findAll()
#7 C:\xampp\htdocs\lab11_ci\ci4\system\CodeIgniter.php(951): App\Controllers\Artikel->admin_index()
#8 C:\xampp\htdocs\lab11_ci\ci4\system\CodeIgniter.php(497): CodeIgniter\CodeIgniter->runController(Object(App\Controllers\Artikel))
#9 C:\xampp\htdocs\lab11_ci\ci4\system\CodeIgniter.php(340): CodeIgniter\CodeIgniter->handleRequest(NULL, Object(Config\Cache), false)
#10 C:\xampp\htdocs\lab11_ci\ci4\system\Boot.php(417): CodeIgniter\CodeIgniter->run()
#11 C:\xampp\htdocs\lab11_ci\ci4\system\Boot.php(68): CodeIgniter\Boot::runCodeIgniter(Object(CodeIgniter\CodeIgniter))
#12 C:\xampp\htdocs\lab11_ci\ci4\public\index.php(59): CodeIgniter\Boot::bootWeb(Object(Config\Paths))
#13 C:\xampp\htdocs\lab11_ci\ci4\system\rewrite.php(44): require_once('C:\\xampp\\htdocs...')
#14 {main}

Next CodeIgniter\Database\Exceptions\DatabaseException: Access denied for user ''@'localhost' (using password: NO) in C:\xampp\htdocs\lab11_ci\ci4\system\Database\MySQLi\Connection.php:231
Stack trace:
#0 C:\xampp\htdocs\lab11_ci\ci4\system\Database\BaseConnection.php(419): CodeIgniter\Database\MySQLi\Connection->connect(false)
#1 C:\xampp\htdocs\lab11_ci\ci4\system\Database\BaseConnection.php(654): CodeIgniter\Database\BaseConnection->initialize()
#2 C:\xampp\htdocs\lab11_ci\ci4\system\Database\BaseBuilder.php(1649): CodeIgniter\Database\BaseConnection->query('SELECT *\nFROM `...', Array, false)
#3 C:\xampp\htdocs\lab11_ci\ci4\system\Model.php(254): CodeIgniter\Database\BaseBuilder->get()
#4 C:\xampp\htdocs\lab11_ci\ci4\system\BaseModel.php(675): CodeIgniter\Model->doFindAll(0, 0)
#5 C:\xampp\htdocs\lab11_ci\ci4\app\Controllers\Artikel.php(38): CodeIgniter\BaseModel->findAll()
#6 C:\xampp\htdocs\lab11_ci\ci4\system\CodeIgniter.php(951): App\Controllers\Artikel->admin_index()
#7 C:\xampp\htdocs\lab11_ci\ci4\system\CodeIgniter.php(497): CodeIgniter\CodeIgniter->runController(Object(App\Controllers\Artikel))
#8 C:\xampp\htdocs\lab11_ci\ci4\system\CodeIgniter.php(340): CodeIgniter\CodeIgniter->handleRequest(NULL, Object(Config\Cache), false)
#9 C:\xampp\htdocs\lab11_ci\ci4\system\Boot.php(417): CodeIgniter\CodeIgniter->run()
#10 C:\xampp\htdocs\lab11_ci\ci4\system\Boot.php(68): CodeIgniter\Boot::runCodeIgniter(Object(CodeIgniter\CodeIgniter))
#11 C:\xampp\htdocs\lab11_ci\ci4\public\index.php(59): CodeIgniter\Boot::bootWeb(Object(Config\Paths))
#12 C:\xampp\htdocs\lab11_ci\ci4\system\rewrite.php(44): require_once('C:\\xampp\\htdocs...')
#13 {main}
CRITICAL - 2026-03-08 02:06:38 --> CodeIgniter\Database\Exceptions\DatabaseException: Unable to connect to the database.
Main connection [MySQLi]: Access denied for user ''@'localhost' (using password: NO)
[Method: GET, Route: admin/artikel]
in SYSTEMPATH\Database\BaseConnection.php on line 465.
 1 SYSTEMPATH\Database\BaseConnection.php(654): CodeIgniter\Database\BaseConnection->initialize()
 2 SYSTEMPATH\Database\BaseBuilder.php(1649): CodeIgniter\Database\BaseConnection->query('SELECT *
FROM `artikel`', [], false)
 3 SYSTEMPATH\Model.php(254): CodeIgniter\Database\BaseBuilder->get()
 4 SYSTEMPATH\BaseModel.php(675): CodeIgniter\Model->doFindAll(0, 0)
 5 APPPATH\Controllers\Artikel.php(38): CodeIgniter\BaseModel->findAll()
 6 SYSTEMPATH\CodeIgniter.php(951): App\Controllers\Artikel->admin_index()
 7 SYSTEMPATH\CodeIgniter.php(497): CodeIgniter\CodeIgniter->runController(Object(App\Controllers\Artikel))
 8 SYSTEMPATH\CodeIgniter.php(340): CodeIgniter\CodeIgniter->handleRequest(null, Object(Config\Cache), false)
 9 SYSTEMPATH\Boot.php(417): CodeIgniter\CodeIgniter->run()
10 SYSTEMPATH\Boot.php(68): CodeIgniter\Boot::runCodeIgniter(Object(CodeIgniter\CodeIgniter))
11 FCPATH\index.php(59): CodeIgniter\Boot::bootWeb(Object(Config\Paths))
12 SYSTEMPATH\rewrite.php(44): require_once('C:\\xampp\\htdocs\\lab11_ci\\ci4\\public\\index.php')
ERROR - 2026-03-08 02:06:38 --> Error connecting to the database: mysqli_sql_exception: Access denied for user ''@'localhost' (using password: NO) in C:\xampp\htdocs\lab11_ci\ci4\system\Database\MySQLi\Connection.php:201
Stack trace:
#0 C:\xampp\htdocs\lab11_ci\ci4\system\Database\MySQLi\Connection.php(201): mysqli->real_connect('localhost', '', Object(SensitiveParameterValue), '', 3306, '', 0)
#1 C:\xampp\htdocs\lab11_ci\ci4\system\Database\BaseConnection.php(419): CodeIgniter\Database\MySQLi\Connection->connect(false)
#2 C:\xampp\htdocs\lab11_ci\ci4\system\Database\BaseConnection.php(654): CodeIgniter\Database\BaseConnection->initialize()
#3 C:\xampp\htdocs\lab11_ci\ci4\system\Database\BaseBuilder.php(1649): CodeIgniter\Database\BaseConnection->query('SELECT *\nFROM `...', Array, false)
#4 C:\xampp\htdocs\lab11_ci\ci4\system\Model.php(254): CodeIgniter\Database\BaseBuilder->get()
#5 C:\xampp\htdocs\lab11_ci\ci4\system\BaseModel.php(675): CodeIgniter\Model->doFindAll(0, 0)
#6 C:\xampp\htdocs\lab11_ci\ci4\app\Controllers\Artikel.php(38): CodeIgniter\BaseModel->findAll()
#7 C:\xampp\htdocs\lab11_ci\ci4\system\CodeIgniter.php(951): App\Controllers\Artikel->admin_index()
#8 C:\xampp\htdocs\lab11_ci\ci4\system\CodeIgniter.php(497): CodeIgniter\CodeIgniter->runController(Object(App\Controllers\Artikel))
#9 C:\xampp\htdocs\lab11_ci\ci4\system\CodeIgniter.php(340): CodeIgniter\CodeIgniter->handleRequest(NULL, Object(Config\Cache), false)
#10 C:\xampp\htdocs\lab11_ci\ci4\system\Boot.php(417): CodeIgniter\CodeIgniter->run()
#11 C:\xampp\htdocs\lab11_ci\ci4\system\Boot.php(68): CodeIgniter\Boot::runCodeIgniter(Object(CodeIgniter\CodeIgniter))
#12 C:\xampp\htdocs\lab11_ci\ci4\public\index.php(59): CodeIgniter\Boot::bootWeb(Object(Config\Paths))
#13 C:\xampp\htdocs\lab11_ci\ci4\system\rewrite.php(44): require_once('C:\\xampp\\htdocs...')
#14 {main}

Next CodeIgniter\Database\Exceptions\DatabaseException: Access denied for user ''@'localhost' (using password: NO) in C:\xampp\htdocs\lab11_ci\ci4\system\Database\MySQLi\Connection.php:231
Stack trace:
#0 C:\xampp\htdocs\lab11_ci\ci4\system\Database\BaseConnection.php(419): CodeIgniter\Database\MySQLi\Connection->connect(false)
#1 C:\xampp\htdocs\lab11_ci\ci4\system\Database\BaseConnection.php(654): CodeIgniter\Database\BaseConnection->initialize()
#2 C:\xampp\htdocs\lab11_ci\ci4\system\Database\BaseBuilder.php(1649): CodeIgniter\Database\BaseConnection->query('SELECT *\nFROM `...', Array, false)
#3 C:\xampp\htdocs\lab11_ci\ci4\system\Model.php(254): CodeIgniter\Database\BaseBuilder->get()
#4 C:\xampp\htdocs\lab11_ci\ci4\system\BaseModel.php(675): CodeIgniter\Model->doFindAll(0, 0)
#5 C:\xampp\htdocs\lab11_ci\ci4\app\Controllers\Artikel.php(38): CodeIgniter\BaseModel->findAll()
#6 C:\xampp\htdocs\lab11_ci\ci4\system\CodeIgniter.php(951): App\Controllers\Artikel->admin_index()
#7 C:\xampp\htdocs\lab11_ci\ci4\system\CodeIgniter.php(497): CodeIgniter\CodeIgniter->runController(Object(App\Controllers\Artikel))
#8 C:\xampp\htdocs\lab11_ci\ci4\system\CodeIgniter.php(340): CodeIgniter\CodeIgniter->handleRequest(NULL, Object(Config\Cache), false)
#9 C:\xampp\htdocs\lab11_ci\ci4\system\Boot.php(417): CodeIgniter\CodeIgniter->run()
#10 C:\xampp\htdocs\lab11_ci\ci4\system\Boot.php(68): CodeIgniter\Boot::runCodeIgniter(Object(CodeIgniter\CodeIgniter))
#11 C:\xampp\htdocs\lab11_ci\ci4\public\index.php(59): CodeIgniter\Boot::bootWeb(Object(Config\Paths))
#12 C:\xampp\htdocs\lab11_ci\ci4\system\rewrite.php(44): require_once('C:\\xampp\\htdocs...')
#13 {main}
CRITICAL - 2026-03-08 02:06:38 --> CodeIgniter\Database\Exceptions\DatabaseException: Unable to connect to the database.
Main connection [MySQLi]: Access denied for user ''@'localhost' (using password: NO)
[Method: GET, Route: admin/artikel]
in SYSTEMPATH\Database\BaseConnection.php on line 465.
 1 SYSTEMPATH\Database\BaseConnection.php(654): CodeIgniter\Database\BaseConnection->initialize()
 2 SYSTEMPATH\Database\BaseBuilder.php(1649): CodeIgniter\Database\BaseConnection->query('SELECT *
FROM `artikel`', [], false)
 3 SYSTEMPATH\Model.php(254): CodeIgniter\Database\BaseBuilder->get()
 4 SYSTEMPATH\BaseModel.php(675): CodeIgniter\Model->doFindAll(0, 0)
 5 APPPATH\Controllers\Artikel.php(38): CodeIgniter\BaseModel->findAll()
 6 SYSTEMPATH\CodeIgniter.php(951): App\Controllers\Artikel->admin_index()
 7 SYSTEMPATH\CodeIgniter.php(497): CodeIgniter\CodeIgniter->runController(Object(App\Controllers\Artikel))
 8 SYSTEMPATH\CodeIgniter.php(340): CodeIgniter\CodeIgniter->handleRequest(null, Object(Config\Cache), false)
 9 SYSTEMPATH\Boot.php(417): CodeIgniter\CodeIgniter->run()
10 SYSTEMPATH\Boot.php(68): CodeIgniter\Boot::runCodeIgniter(Object(CodeIgniter\CodeIgniter))
11 FCPATH\index.php(59): CodeIgniter\Boot::bootWeb(Object(Config\Paths))
12 SYSTEMPATH\rewrite.php(44): require_once('C:\\xampp\\htdocs\\lab11_ci\\ci4\\public\\index.php')
ERROR - 2026-03-08 02:06:39 --> Error connecting to the database: mysqli_sql_exception: Access denied for user ''@'localhost' (using password: NO) in C:\xampp\htdocs\lab11_ci\ci4\system\Database\MySQLi\Connection.php:201
Stack trace:
#0 C:\xampp\htdocs\lab11_ci\ci4\system\Database\MySQLi\Connection.php(201): mysqli->real_connect('localhost', '', Object(SensitiveParameterValue), '', 3306, '', 0)
#1 C:\xampp\htdocs\lab11_ci\ci4\system\Database\BaseConnection.php(419): CodeIgniter\Database\MySQLi\Connection->connect(false)
#2 C:\xampp\htdocs\lab11_ci\ci4\system\Database\BaseConnection.php(654): CodeIgniter\Database\BaseConnection->initialize()
#3 C:\xampp\htdocs\lab11_ci\ci4\system\Database\BaseBuilder.php(1649): CodeIgniter\Database\BaseConnection->query('SELECT *\nFROM `...', Array, false)
#4 C:\xampp\htdocs\lab11_ci\ci4\system\Model.php(254): CodeIgniter\Database\BaseBuilder->get()
#5 C:\xampp\htdocs\lab11_ci\ci4\system\BaseModel.php(675): CodeIgniter\Model->doFindAll(0, 0)
#6 C:\xampp\htdocs\lab11_ci\ci4\app\Controllers\Artikel.php(38): CodeIgniter\BaseModel->findAll()
#7 C:\xampp\htdocs\lab11_ci\ci4\system\CodeIgniter.php(951): App\Controllers\Artikel->admin_index()
#8 C:\xampp\htdocs\lab11_ci\ci4\system\CodeIgniter.php(497): CodeIgniter\CodeIgniter->runController(Object(App\Controllers\Artikel))
#9 C:\xampp\htdocs\lab11_ci\ci4\system\CodeIgniter.php(340): CodeIgniter\CodeIgniter->handleRequest(NULL, Object(Config\Cache), false)
#10 C:\xampp\htdocs\lab11_ci\ci4\system\Boot.php(417): CodeIgniter\CodeIgniter->run()
#11 C:\xampp\htdocs\lab11_ci\ci4\system\Boot.php(68): CodeIgniter\Boot::runCodeIgniter(Object(CodeIgniter\CodeIgniter))
#12 C:\xampp\htdocs\lab11_ci\ci4\public\index.php(59): CodeIgniter\Boot::bootWeb(Object(Config\Paths))
#13 C:\xampp\htdocs\lab11_ci\ci4\system\rewrite.php(44): require_once('C:\\xampp\\htdocs...')
#14 {main}

Next CodeIgniter\Database\Exceptions\DatabaseException: Access denied for user ''@'localhost' (using password: NO) in C:\xampp\htdocs\lab11_ci\ci4\system\Database\MySQLi\Connection.php:231
Stack trace:
#0 C:\xampp\htdocs\lab11_ci\ci4\system\Database\BaseConnection.php(419): CodeIgniter\Database\MySQLi\Connection->connect(false)
#1 C:\xampp\htdocs\lab11_ci\ci4\system\Database\BaseConnection.php(654): CodeIgniter\Database\BaseConnection->initialize()
#2 C:\xampp\htdocs\lab11_ci\ci4\system\Database\BaseBuilder.php(1649): CodeIgniter\Database\BaseConnection->query('SELECT *\nFROM `...', Array, false)
#3 C:\xampp\htdocs\lab11_ci\ci4\system\Model.php(254): CodeIgniter\Database\BaseBuilder->get()
#4 C:\xampp\htdocs\lab11_ci\ci4\system\BaseModel.php(675): CodeIgniter\Model->doFindAll(0, 0)
#5 C:\xampp\htdocs\lab11_ci\ci4\app\Controllers\Artikel.php(38): CodeIgniter\BaseModel->findAll()
#6 C:\xampp\htdocs\lab11_ci\ci4\system\CodeIgniter.php(951): App\Controllers\Artikel->admin_index()
#7 C:\xampp\htdocs\lab11_ci\ci4\system\CodeIgniter.php(497): CodeIgniter\CodeIgniter->runController(Object(App\Controllers\Artikel))
#8 C:\xampp\htdocs\lab11_ci\ci4\system\CodeIgniter.php(340): CodeIgniter\CodeIgniter->handleRequest(NULL, Object(Config\Cache), false)
#9 C:\xampp\htdocs\lab11_ci\ci4\system\Boot.php(417): CodeIgniter\CodeIgniter->run()
#10 C:\xampp\htdocs\lab11_ci\ci4\system\Boot.php(68): CodeIgniter\Boot::runCodeIgniter(Object(CodeIgniter\CodeIgniter))
#11 C:\xampp\htdocs\lab11_ci\ci4\public\index.php(59): CodeIgniter\Boot::bootWeb(Object(Config\Paths))
#12 C:\xampp\htdocs\lab11_ci\ci4\system\rewrite.php(44): require_once('C:\\xampp\\htdocs...')
#13 {main}
CRITICAL - 2026-03-08 02:06:39 --> CodeIgniter\Database\Exceptions\DatabaseException: Unable to connect to the database.
Main connection [MySQLi]: Access denied for user ''@'localhost' (using password: NO)
[Method: GET, Route: admin/artikel]
in SYSTEMPATH\Database\BaseConnection.php on line 465.
 1 SYSTEMPATH\Database\BaseConnection.php(654): CodeIgniter\Database\BaseConnection->initialize()
 2 SYSTEMPATH\Database\BaseBuilder.php(1649): CodeIgniter\Database\BaseConnection->query('SELECT *
FROM `artikel`', [], false)
 3 SYSTEMPATH\Model.php(254): CodeIgniter\Database\BaseBuilder->get()
 4 SYSTEMPATH\BaseModel.php(675): CodeIgniter\Model->doFindAll(0, 0)
 5 APPPATH\Controllers\Artikel.php(38): CodeIgniter\BaseModel->findAll()
 6 SYSTEMPATH\CodeIgniter.php(951): App\Controllers\Artikel->admin_index()
 7 SYSTEMPATH\CodeIgniter.php(497): CodeIgniter\CodeIgniter->runController(Object(App\Controllers\Artikel))
 8 SYSTEMPATH\CodeIgniter.php(340): CodeIgniter\CodeIgniter->handleRequest(null, Object(Config\Cache), false)
 9 SYSTEMPATH\Boot.php(417): CodeIgniter\CodeIgniter->run()
10 SYSTEMPATH\Boot.php(68): CodeIgniter\Boot::runCodeIgniter(Object(CodeIgniter\CodeIgniter))
11 FCPATH\index.php(59): CodeIgniter\Boot::bootWeb(Object(Config\Paths))
12 SYSTEMPATH\rewrite.php(44): require_once('C:\\xampp\\htdocs\\lab11_ci\\ci4\\public\\index.php')
ERROR - 2026-03-08 02:11:26 --> Error connecting to the database: mysqli_sql_exception: Access denied for user ''@'localhost' (using password: NO) in C:\xampp\htdocs\lab11_ci\ci4\system\Database\MySQLi\Connection.php:201
Stack trace:
#0 C:\xampp\htdocs\lab11_ci\ci4\system\Database\MySQLi\Connection.php(201): mysqli->real_connect('localhost', '', Object(SensitiveParameterValue), '', 3306, '', 0)
#1 C:\xampp\htdocs\lab11_ci\ci4\system\Database\BaseConnection.php(419): CodeIgniter\Database\MySQLi\Connection->connect(false)
#2 C:\xampp\htdocs\lab11_ci\ci4\system\Database\BaseConnection.php(654): CodeIgniter\Database\BaseConnection->initialize()
#3 C:\xampp\htdocs\lab11_ci\ci4\system\Database\BaseBuilder.php(1649): CodeIgniter\Database\BaseConnection->query('SELECT *\nFROM `...', Array, false)
#4 C:\xampp\htdocs\lab11_ci\ci4\system\Model.php(254): CodeIgniter\Database\BaseBuilder->get()
#5 C:\xampp\htdocs\lab11_ci\ci4\system\BaseModel.php(675): CodeIgniter\Model->doFindAll(0, 0)
#6 C:\xampp\htdocs\lab11_ci\ci4\app\Controllers\Artikel.php(38): CodeIgniter\BaseModel->findAll()
#7 C:\xampp\htdocs\lab11_ci\ci4\system\CodeIgniter.php(951): App\Controllers\Artikel->admin_index()
#8 C:\xampp\htdocs\lab11_ci\ci4\system\CodeIgniter.php(497): CodeIgniter\CodeIgniter->runController(Object(App\Controllers\Artikel))
#9 C:\xampp\htdocs\lab11_ci\ci4\system\CodeIgniter.php(340): CodeIgniter\CodeIgniter->handleRequest(NULL, Object(Config\Cache), false)
#10 C:\xampp\htdocs\lab11_ci\ci4\system\Boot.php(417): CodeIgniter\CodeIgniter->run()
#11 C:\xampp\htdocs\lab11_ci\ci4\system\Boot.php(68): CodeIgniter\Boot::runCodeIgniter(Object(CodeIgniter\CodeIgniter))
#12 C:\xampp\htdocs\lab11_ci\ci4\public\index.php(59): CodeIgniter\Boot::bootWeb(Object(Config\Paths))
#13 C:\xampp\htdocs\lab11_ci\ci4\system\rewrite.php(44): require_once('C:\\xampp\\htdocs...')
#14 {main}

Next CodeIgniter\Database\Exceptions\DatabaseException: Access denied for user ''@'localhost' (using password: NO) in C:\xampp\htdocs\lab11_ci\ci4\system\Database\MySQLi\Connection.php:231
Stack trace:
#0 C:\xampp\htdocs\lab11_ci\ci4\system\Database\BaseConnection.php(419): CodeIgniter\Database\MySQLi\Connection->connect(false)
#1 C:\xampp\htdocs\lab11_ci\ci4\system\Database\BaseConnection.php(654): CodeIgniter\Database\BaseConnection->initialize()
#2 C:\xampp\htdocs\lab11_ci\ci4\system\Database\BaseBuilder.php(1649): CodeIgniter\Database\BaseConnection->query('SELECT *\nFROM `...', Array, false)
#3 C:\xampp\htdocs\lab11_ci\ci4\system\Model.php(254): CodeIgniter\Database\BaseBuilder->get()
#4 C:\xampp\htdocs\lab11_ci\ci4\system\BaseModel.php(675): CodeIgniter\Model->doFindAll(0, 0)
#5 C:\xampp\htdocs\lab11_ci\ci4\app\Controllers\Artikel.php(38): CodeIgniter\BaseModel->findAll()
#6 C:\xampp\htdocs\lab11_ci\ci4\system\CodeIgniter.php(951): App\Controllers\Artikel->admin_index()
#7 C:\xampp\htdocs\lab11_ci\ci4\system\CodeIgniter.php(497): CodeIgniter\CodeIgniter->runController(Object(App\Controllers\Artikel))
#8 C:\xampp\htdocs\lab11_ci\ci4\system\CodeIgniter.php(340): CodeIgniter\CodeIgniter->handleRequest(NULL, Object(Config\Cache), false)
#9 C:\xampp\htdocs\lab11_ci\ci4\system\Boot.php(417): CodeIgniter\CodeIgniter->run()
#10 C:\xampp\htdocs\lab11_ci\ci4\system\Boot.php(68): CodeIgniter\Boot::runCodeIgniter(Object(CodeIgniter\CodeIgniter))
#11 C:\xampp\htdocs\lab11_ci\ci4\public\index.php(59): CodeIgniter\Boot::bootWeb(Object(Config\Paths))
#12 C:\xampp\htdocs\lab11_ci\ci4\system\rewrite.php(44): require_once('C:\\xampp\\htdocs...')
#13 {main}
CRITICAL - 2026-03-08 02:11:26 --> CodeIgniter\Database\Exceptions\DatabaseException: Unable to connect to the database.
Main connection [MySQLi]: Access denied for user ''@'localhost' (using password: NO)
[Method: GET, Route: admin/artikel]
in SYSTEMPATH\Database\BaseConnection.php on line 465.
 1 SYSTEMPATH\Database\BaseConnection.php(654): CodeIgniter\Database\BaseConnection->initialize()
 2 SYSTEMPATH\Database\BaseBuilder.php(1649): CodeIgniter\Database\BaseConnection->query('SELECT *
FROM `artikel`', [], false)
 3 SYSTEMPATH\Model.php(254): CodeIgniter\Database\BaseBuilder->get()
 4 SYSTEMPATH\BaseModel.php(675): CodeIgniter\Model->doFindAll(0, 0)
 5 APPPATH\Controllers\Artikel.php(38): CodeIgniter\BaseModel->findAll()
 6 SYSTEMPATH\CodeIgniter.php(951): App\Controllers\Artikel->admin_index()
 7 SYSTEMPATH\CodeIgniter.php(497): CodeIgniter\CodeIgniter->runController(Object(App\Controllers\Artikel))
 8 SYSTEMPATH\CodeIgniter.php(340): CodeIgniter\CodeIgniter->handleRequest(null, Object(Config\Cache), false)
 9 SYSTEMPATH\Boot.php(417): CodeIgniter\CodeIgniter->run()
10 SYSTEMPATH\Boot.php(68): CodeIgniter\Boot::runCodeIgniter(Object(CodeIgniter\CodeIgniter))
11 FCPATH\index.php(59): CodeIgniter\Boot::bootWeb(Object(Config\Paths))
12 SYSTEMPATH\rewrite.php(44): require_once('C:\\xampp\\htdocs\\lab11_ci\\ci4\\public\\index.php')
ERROR - 2026-03-08 02:15:49 --> Error connecting to the database: mysqli_sql_exception: Access denied for user ''@'localhost' (using password: NO) in C:\xampp\htdocs\lab11_ci\ci4\system\Database\MySQLi\Connection.php:201
Stack trace:
#0 C:\xampp\htdocs\lab11_ci\ci4\system\Database\MySQLi\Connection.php(201): mysqli->real_connect('localhost', '', Object(SensitiveParameterValue), '', 3306, '', 0)
#1 C:\xampp\htdocs\lab11_ci\ci4\system\Database\BaseConnection.php(419): CodeIgniter\Database\MySQLi\Connection->connect(false)
#2 C:\xampp\htdocs\lab11_ci\ci4\system\Database\BaseConnection.php(654): CodeIgniter\Database\BaseConnection->initialize()
#3 C:\xampp\htdocs\lab11_ci\ci4\system\Database\BaseBuilder.php(1649): CodeIgniter\Database\BaseConnection->query('SELECT *\nFROM `...', Array, false)
#4 C:\xampp\htdocs\lab11_ci\ci4\system\Model.php(254): CodeIgniter\Database\BaseBuilder->get()
#5 C:\xampp\htdocs\lab11_ci\ci4\system\BaseModel.php(675): CodeIgniter\Model->doFindAll(0, 0)
#6 C:\xampp\htdocs\lab11_ci\ci4\app\Controllers\Artikel.php(38): CodeIgniter\BaseModel->findAll()
#7 C:\xampp\htdocs\lab11_ci\ci4\system\CodeIgniter.php(951): App\Controllers\Artikel->admin_index()
#8 C:\xampp\htdocs\lab11_ci\ci4\system\CodeIgniter.php(497): CodeIgniter\CodeIgniter->runController(Object(App\Controllers\Artikel))
#9 C:\xampp\htdocs\lab11_ci\ci4\system\CodeIgniter.php(340): CodeIgniter\CodeIgniter->handleRequest(NULL, Object(Config\Cache), false)
#10 C:\xampp\htdocs\lab11_ci\ci4\system\Boot.php(417): CodeIgniter\CodeIgniter->run()
#11 C:\xampp\htdocs\lab11_ci\ci4\system\Boot.php(68): CodeIgniter\Boot::runCodeIgniter(Object(CodeIgniter\CodeIgniter))
#12 C:\xampp\htdocs\lab11_ci\ci4\public\index.php(59): CodeIgniter\Boot::bootWeb(Object(Config\Paths))
#13 C:\xampp\htdocs\lab11_ci\ci4\system\rewrite.php(44): require_once('C:\\xampp\\htdocs...')
#14 {main}

Next CodeIgniter\Database\Exceptions\DatabaseException: Access denied for user ''@'localhost' (using password: NO) in C:\xampp\htdocs\lab11_ci\ci4\system\Database\MySQLi\Connection.php:231
Stack trace:
#0 C:\xampp\htdocs\lab11_ci\ci4\system\Database\BaseConnection.php(419): CodeIgniter\Database\MySQLi\Connection->connect(false)
#1 C:\xampp\htdocs\lab11_ci\ci4\system\Database\BaseConnection.php(654): CodeIgniter\Database\BaseConnection->initialize()
#2 C:\xampp\htdocs\lab11_ci\ci4\system\Database\BaseBuilder.php(1649): CodeIgniter\Database\BaseConnection->query('SELECT *\nFROM `...', Array, false)
#3 C:\xampp\htdocs\lab11_ci\ci4\system\Model.php(254): CodeIgniter\Database\BaseBuilder->get()
#4 C:\xampp\htdocs\lab11_ci\ci4\system\BaseModel.php(675): CodeIgniter\Model->doFindAll(0, 0)
#5 C:\xampp\htdocs\lab11_ci\ci4\app\Controllers\Artikel.php(38): CodeIgniter\BaseModel->findAll()
#6 C:\xampp\htdocs\lab11_ci\ci4\system\CodeIgniter.php(951): App\Controllers\Artikel->admin_index()
#7 C:\xampp\htdocs\lab11_ci\ci4\system\CodeIgniter.php(497): CodeIgniter\CodeIgniter->runController(Object(App\Controllers\Artikel))
#8 C:\xampp\htdocs\lab11_ci\ci4\system\CodeIgniter.php(340): CodeIgniter\CodeIgniter->handleRequest(NULL, Object(Config\Cache), false)
#9 C:\xampp\htdocs\lab11_ci\ci4\system\Boot.php(417): CodeIgniter\CodeIgniter->run()
#10 C:\xampp\htdocs\lab11_ci\ci4\system\Boot.php(68): CodeIgniter\Boot::runCodeIgniter(Object(CodeIgniter\CodeIgniter))
#11 C:\xampp\htdocs\lab11_ci\ci4\public\index.php(59): CodeIgniter\Boot::bootWeb(Object(Config\Paths))
#12 C:\xampp\htdocs\lab11_ci\ci4\system\rewrite.php(44): require_once('C:\\xampp\\htdocs...')
#13 {main}
CRITICAL - 2026-03-08 02:15:49 --> CodeIgniter\Database\Exceptions\DatabaseException: Unable to connect to the database.
Main connection [MySQLi]: Access denied for user ''@'localhost' (using password: NO)
[Method: GET, Route: admin/artikel]
in SYSTEMPATH\Database\BaseConnection.php on line 465.
 1 SYSTEMPATH\Database\BaseConnection.php(654): CodeIgniter\Database\BaseConnection->initialize()
 2 SYSTEMPATH\Database\BaseBuilder.php(1649): CodeIgniter\Database\BaseConnection->query('SELECT *
FROM `artikel`', [], false)
 3 SYSTEMPATH\Model.php(254): CodeIgniter\Database\BaseBuilder->get()
 4 SYSTEMPATH\BaseModel.php(675): CodeIgniter\Model->doFindAll(0, 0)
 5 APPPATH\Controllers\Artikel.php(38): CodeIgniter\BaseModel->findAll()
 6 SYSTEMPATH\CodeIgniter.php(951): App\Controllers\Artikel->admin_index()
 7 SYSTEMPATH\CodeIgniter.php(497): CodeIgniter\CodeIgniter->runController(Object(App\Controllers\Artikel))
 8 SYSTEMPATH\CodeIgniter.php(340): CodeIgniter\CodeIgniter->handleRequest(null, Object(Config\Cache), false)
 9 SYSTEMPATH\Boot.php(417): CodeIgniter\CodeIgniter->run()
10 SYSTEMPATH\Boot.php(68): CodeIgniter\Boot::runCodeIgniter(Object(CodeIgniter\CodeIgniter))
11 FCPATH\index.php(59): CodeIgniter\Boot::bootWeb(Object(Config\Paths))
12 SYSTEMPATH\rewrite.php(44): require_once('C:\\xampp\\htdocs\\lab11_ci\\ci4\\public\\index.php')
ERROR - 2026-03-08 02:15:50 --> Error connecting to the database: mysqli_sql_exception: Access denied for user ''@'localhost' (using password: NO) in C:\xampp\htdocs\lab11_ci\ci4\system\Database\MySQLi\Connection.php:201
Stack trace:
#0 C:\xampp\htdocs\lab11_ci\ci4\system\Database\MySQLi\Connection.php(201): mysqli->real_connect('localhost', '', Object(SensitiveParameterValue), '', 3306, '', 0)
#1 C:\xampp\htdocs\lab11_ci\ci4\system\Database\BaseConnection.php(419): CodeIgniter\Database\MySQLi\Connection->connect(false)
#2 C:\xampp\htdocs\lab11_ci\ci4\system\Database\BaseConnection.php(654): CodeIgniter\Database\BaseConnection->initialize()
#3 C:\xampp\htdocs\lab11_ci\ci4\system\Database\BaseBuilder.php(1649): CodeIgniter\Database\BaseConnection->query('SELECT *\nFROM `...', Array, false)
#4 C:\xampp\htdocs\lab11_ci\ci4\system\Model.php(254): CodeIgniter\Database\BaseBuilder->get()
#5 C:\xampp\htdocs\lab11_ci\ci4\system\BaseModel.php(675): CodeIgniter\Model->doFindAll(0, 0)
#6 C:\xampp\htdocs\lab11_ci\ci4\app\Controllers\Artikel.php(38): CodeIgniter\BaseModel->findAll()
#7 C:\xampp\htdocs\lab11_ci\ci4\system\CodeIgniter.php(951): App\Controllers\Artikel->admin_index()
#8 C:\xampp\htdocs\lab11_ci\ci4\system\CodeIgniter.php(497): CodeIgniter\CodeIgniter->runController(Object(App\Controllers\Artikel))
#9 C:\xampp\htdocs\lab11_ci\ci4\system\CodeIgniter.php(340): CodeIgniter\CodeIgniter->handleRequest(NULL, Object(Config\Cache), false)
#10 C:\xampp\htdocs\lab11_ci\ci4\system\Boot.php(417): CodeIgniter\CodeIgniter->run()
#11 C:\xampp\htdocs\lab11_ci\ci4\system\Boot.php(68): CodeIgniter\Boot::runCodeIgniter(Object(CodeIgniter\CodeIgniter))
#12 C:\xampp\htdocs\lab11_ci\ci4\public\index.php(59): CodeIgniter\Boot::bootWeb(Object(Config\Paths))
#13 C:\xampp\htdocs\lab11_ci\ci4\system\rewrite.php(44): require_once('C:\\xampp\\htdocs...')
#14 {main}

Next CodeIgniter\Database\Exceptions\DatabaseException: Access denied for user ''@'localhost' (using password: NO) in C:\xampp\htdocs\lab11_ci\ci4\system\Database\MySQLi\Connection.php:231
Stack trace:
#0 C:\xampp\htdocs\lab11_ci\ci4\system\Database\BaseConnection.php(419): CodeIgniter\Database\MySQLi\Connection->connect(false)
#1 C:\xampp\htdocs\lab11_ci\ci4\system\Database\BaseConnection.php(654): CodeIgniter\Database\BaseConnection->initialize()
#2 C:\xampp\htdocs\lab11_ci\ci4\system\Database\BaseBuilder.php(1649): CodeIgniter\Database\BaseConnection->query('SELECT *\nFROM `...', Array, false)
#3 C:\xampp\htdocs\lab11_ci\ci4\system\Model.php(254): CodeIgniter\Database\BaseBuilder->get()
#4 C:\xampp\htdocs\lab11_ci\ci4\system\BaseModel.php(675): CodeIgniter\Model->doFindAll(0, 0)
#5 C:\xampp\htdocs\lab11_ci\ci4\app\Controllers\Artikel.php(38): CodeIgniter\BaseModel->findAll()
#6 C:\xampp\htdocs\lab11_ci\ci4\system\CodeIgniter.php(951): App\Controllers\Artikel->admin_index()
#7 C:\xampp\htdocs\lab11_ci\ci4\system\CodeIgniter.php(497): CodeIgniter\CodeIgniter->runController(Object(App\Controllers\Artikel))
#8 C:\xampp\htdocs\lab11_ci\ci4\system\CodeIgniter.php(340): CodeIgniter\CodeIgniter->handleRequest(NULL, Object(Config\Cache), false)
#9 C:\xampp\htdocs\lab11_ci\ci4\system\Boot.php(417): CodeIgniter\CodeIgniter->run()
#10 C:\xampp\htdocs\lab11_ci\ci4\system\Boot.php(68): CodeIgniter\Boot::runCodeIgniter(Object(CodeIgniter\CodeIgniter))
#11 C:\xampp\htdocs\lab11_ci\ci4\public\index.php(59): CodeIgniter\Boot::bootWeb(Object(Config\Paths))
#12 C:\xampp\htdocs\lab11_ci\ci4\system\rewrite.php(44): require_once('C:\\xampp\\htdocs...')
#13 {main}
CRITICAL - 2026-03-08 02:15:50 --> CodeIgniter\Database\Exceptions\DatabaseException: Unable to connect to the database.
Main connection [MySQLi]: Access denied for user ''@'localhost' (using password: NO)
[Method: GET, Route: admin/artikel]
in SYSTEMPATH\Database\BaseConnection.php on line 465.
 1 SYSTEMPATH\Database\BaseConnection.php(654): CodeIgniter\Database\BaseConnection->initialize()
 2 SYSTEMPATH\Database\BaseBuilder.php(1649): CodeIgniter\Database\BaseConnection->query('SELECT *
FROM `artikel`', [], false)
 3 SYSTEMPATH\Model.php(254): CodeIgniter\Database\BaseBuilder->get()
 4 SYSTEMPATH\BaseModel.php(675): CodeIgniter\Model->doFindAll(0, 0)
 5 APPPATH\Controllers\Artikel.php(38): CodeIgniter\BaseModel->findAll()
 6 SYSTEMPATH\CodeIgniter.php(951): App\Controllers\Artikel->admin_index()
 7 SYSTEMPATH\CodeIgniter.php(497): CodeIgniter\CodeIgniter->runController(Object(App\Controllers\Artikel))
 8 SYSTEMPATH\CodeIgniter.php(340): CodeIgniter\CodeIgniter->handleRequest(null, Object(Config\Cache), false)
 9 SYSTEMPATH\Boot.php(417): CodeIgniter\CodeIgniter->run()
10 SYSTEMPATH\Boot.php(68): CodeIgniter\Boot::runCodeIgniter(Object(CodeIgniter\CodeIgniter))
11 FCPATH\index.php(59): CodeIgniter\Boot::bootWeb(Object(Config\Paths))
12 SYSTEMPATH\rewrite.php(44): require_once('C:\\xampp\\htdocs\\lab11_ci\\ci4\\public\\index.php')
ERROR - 2026-03-08 02:15:50 --> Error connecting to the database: mysqli_sql_exception: Access denied for user ''@'localhost' (using password: NO) in C:\xampp\htdocs\lab11_ci\ci4\system\Database\MySQLi\Connection.php:201
Stack trace:
#0 C:\xampp\htdocs\lab11_ci\ci4\system\Database\MySQLi\Connection.php(201): mysqli->real_connect('localhost', '', Object(SensitiveParameterValue), '', 3306, '', 0)
#1 C:\xampp\htdocs\lab11_ci\ci4\system\Database\BaseConnection.php(419): CodeIgniter\Database\MySQLi\Connection->connect(false)
#2 C:\xampp\htdocs\lab11_ci\ci4\system\Database\BaseConnection.php(654): CodeIgniter\Database\BaseConnection->initialize()
#3 C:\xampp\htdocs\lab11_ci\ci4\system\Database\BaseBuilder.php(1649): CodeIgniter\Database\BaseConnection->query('SELECT *\nFROM `...', Array, false)
#4 C:\xampp\htdocs\lab11_ci\ci4\system\Model.php(254): CodeIgniter\Database\BaseBuilder->get()
#5 C:\xampp\htdocs\lab11_ci\ci4\system\BaseModel.php(675): CodeIgniter\Model->doFindAll(0, 0)
#6 C:\xampp\htdocs\lab11_ci\ci4\app\Controllers\Artikel.php(38): CodeIgniter\BaseModel->findAll()
#7 C:\xampp\htdocs\lab11_ci\ci4\system\CodeIgniter.php(951): App\Controllers\Artikel->admin_index()
#8 C:\xampp\htdocs\lab11_ci\ci4\system\CodeIgniter.php(497): CodeIgniter\CodeIgniter->runController(Object(App\Controllers\Artikel))
#9 C:\xampp\htdocs\lab11_ci\ci4\system\CodeIgniter.php(340): CodeIgniter\CodeIgniter->handleRequest(NULL, Object(Config\Cache), false)
#10 C:\xampp\htdocs\lab11_ci\ci4\system\Boot.php(417): CodeIgniter\CodeIgniter->run()
#11 C:\xampp\htdocs\lab11_ci\ci4\system\Boot.php(68): CodeIgniter\Boot::runCodeIgniter(Object(CodeIgniter\CodeIgniter))
#12 C:\xampp\htdocs\lab11_ci\ci4\public\index.php(59): CodeIgniter\Boot::bootWeb(Object(Config\Paths))
#13 C:\xampp\htdocs\lab11_ci\ci4\system\rewrite.php(44): require_once('C:\\xampp\\htdocs...')
#14 {main}

Next CodeIgniter\Database\Exceptions\DatabaseException: Access denied for user ''@'localhost' (using password: NO) in C:\xampp\htdocs\lab11_ci\ci4\system\Database\MySQLi\Connection.php:231
Stack trace:
#0 C:\xampp\htdocs\lab11_ci\ci4\system\Database\BaseConnection.php(419): CodeIgniter\Database\MySQLi\Connection->connect(false)
#1 C:\xampp\htdocs\lab11_ci\ci4\system\Database\BaseConnection.php(654): CodeIgniter\Database\BaseConnection->initialize()
#2 C:\xampp\htdocs\lab11_ci\ci4\system\Database\BaseBuilder.php(1649): CodeIgniter\Database\BaseConnection->query('SELECT *\nFROM `...', Array, false)
#3 C:\xampp\htdocs\lab11_ci\ci4\system\Model.php(254): CodeIgniter\Database\BaseBuilder->get()
#4 C:\xampp\htdocs\lab11_ci\ci4\system\BaseModel.php(675): CodeIgniter\Model->doFindAll(0, 0)
#5 C:\xampp\htdocs\lab11_ci\ci4\app\Controllers\Artikel.php(38): CodeIgniter\BaseModel->findAll()
#6 C:\xampp\htdocs\lab11_ci\ci4\system\CodeIgniter.php(951): App\Controllers\Artikel->admin_index()
#7 C:\xampp\htdocs\lab11_ci\ci4\system\CodeIgniter.php(497): CodeIgniter\CodeIgniter->runController(Object(App\Controllers\Artikel))
#8 C:\xampp\htdocs\lab11_ci\ci4\system\CodeIgniter.php(340): CodeIgniter\CodeIgniter->handleRequest(NULL, Object(Config\Cache), false)
#9 C:\xampp\htdocs\lab11_ci\ci4\system\Boot.php(417): CodeIgniter\CodeIgniter->run()
#10 C:\xampp\htdocs\lab11_ci\ci4\system\Boot.php(68): CodeIgniter\Boot::runCodeIgniter(Object(CodeIgniter\CodeIgniter))
#11 C:\xampp\htdocs\lab11_ci\ci4\public\index.php(59): CodeIgniter\Boot::bootWeb(Object(Config\Paths))
#12 C:\xampp\htdocs\lab11_ci\ci4\system\rewrite.php(44): require_once('C:\\xampp\\htdocs...')
#13 {main}
CRITICAL - 2026-03-08 02:15:50 --> CodeIgniter\Database\Exceptions\DatabaseException: Unable to connect to the database.
Main connection [MySQLi]: Access denied for user ''@'localhost' (using password: NO)
[Method: GET, Route: admin/artikel]
in SYSTEMPATH\Database\BaseConnection.php on line 465.
 1 SYSTEMPATH\Database\BaseConnection.php(654): CodeIgniter\Database\BaseConnection->initialize()
 2 SYSTEMPATH\Database\BaseBuilder.php(1649): CodeIgniter\Database\BaseConnection->query('SELECT *
FROM `artikel`', [], false)
 3 SYSTEMPATH\Model.php(254): CodeIgniter\Database\BaseBuilder->get()
 4 SYSTEMPATH\BaseModel.php(675): CodeIgniter\Model->doFindAll(0, 0)
 5 APPPATH\Controllers\Artikel.php(38): CodeIgniter\BaseModel->findAll()
 6 SYSTEMPATH\CodeIgniter.php(951): App\Controllers\Artikel->admin_index()
 7 SYSTEMPATH\CodeIgniter.php(497): CodeIgniter\CodeIgniter->runController(Object(App\Controllers\Artikel))
 8 SYSTEMPATH\CodeIgniter.php(340): CodeIgniter\CodeIgniter->handleRequest(null, Object(Config\Cache), false)
 9 SYSTEMPATH\Boot.php(417): CodeIgniter\CodeIgniter->run()
10 SYSTEMPATH\Boot.php(68): CodeIgniter\Boot::runCodeIgniter(Object(CodeIgniter\CodeIgniter))
11 FCPATH\index.php(59): CodeIgniter\Boot::bootWeb(Object(Config\Paths))
12 SYSTEMPATH\rewrite.php(44): require_once('C:\\xampp\\htdocs\\lab11_ci\\ci4\\public\\index.php')
ERROR - 2026-03-08 02:15:50 --> Error connecting to the database: mysqli_sql_exception: Access denied for user ''@'localhost' (using password: NO) in C:\xampp\htdocs\lab11_ci\ci4\system\Database\MySQLi\Connection.php:201
Stack trace:
#0 C:\xampp\htdocs\lab11_ci\ci4\system\Database\MySQLi\Connection.php(201): mysqli->real_connect('localhost', '', Object(SensitiveParameterValue), '', 3306, '', 0)
#1 C:\xampp\htdocs\lab11_ci\ci4\system\Database\BaseConnection.php(419): CodeIgniter\Database\MySQLi\Connection->connect(false)
#2 C:\xampp\htdocs\lab11_ci\ci4\system\Database\BaseConnection.php(654): CodeIgniter\Database\BaseConnection->initialize()
#3 C:\xampp\htdocs\lab11_ci\ci4\system\Database\BaseBuilder.php(1649): CodeIgniter\Database\BaseConnection->query('SELECT *\nFROM `...', Array, false)
#4 C:\xampp\htdocs\lab11_ci\ci4\system\Model.php(254): CodeIgniter\Database\BaseBuilder->get()
#5 C:\xampp\htdocs\lab11_ci\ci4\system\BaseModel.php(675): CodeIgniter\Model->doFindAll(0, 0)
#6 C:\xampp\htdocs\lab11_ci\ci4\app\Controllers\Artikel.php(38): CodeIgniter\BaseModel->findAll()
#7 C:\xampp\htdocs\lab11_ci\ci4\system\CodeIgniter.php(951): App\Controllers\Artikel->admin_index()
#8 C:\xampp\htdocs\lab11_ci\ci4\system\CodeIgniter.php(497): CodeIgniter\CodeIgniter->runController(Object(App\Controllers\Artikel))
#9 C:\xampp\htdocs\lab11_ci\ci4\system\CodeIgniter.php(340): CodeIgniter\CodeIgniter->handleRequest(NULL, Object(Config\Cache), false)
#10 C:\xampp\htdocs\lab11_ci\ci4\system\Boot.php(417): CodeIgniter\CodeIgniter->run()
#11 C:\xampp\htdocs\lab11_ci\ci4\system\Boot.php(68): CodeIgniter\Boot::runCodeIgniter(Object(CodeIgniter\CodeIgniter))
#12 C:\xampp\htdocs\lab11_ci\ci4\public\index.php(59): CodeIgniter\Boot::bootWeb(Object(Config\Paths))
#13 C:\xampp\htdocs\lab11_ci\ci4\system\rewrite.php(44): require_once('C:\\xampp\\htdocs...')
#14 {main}

Next CodeIgniter\Database\Exceptions\DatabaseException: Access denied for user ''@'localhost' (using password: NO) in C:\xampp\htdocs\lab11_ci\ci4\system\Database\MySQLi\Connection.php:231
Stack trace:
#0 C:\xampp\htdocs\lab11_ci\ci4\system\Database\BaseConnection.php(419): CodeIgniter\Database\MySQLi\Connection->connect(false)
#1 C:\xampp\htdocs\lab11_ci\ci4\system\Database\BaseConnection.php(654): CodeIgniter\Database\BaseConnection->initialize()
#2 C:\xampp\htdocs\lab11_ci\ci4\system\Database\BaseBuilder.php(1649): CodeIgniter\Database\BaseConnection->query('SELECT *\nFROM `...', Array, false)
#3 C:\xampp\htdocs\lab11_ci\ci4\system\Model.php(254): CodeIgniter\Database\BaseBuilder->get()
#4 C:\xampp\htdocs\lab11_ci\ci4\system\BaseModel.php(675): CodeIgniter\Model->doFindAll(0, 0)
#5 C:\xampp\htdocs\lab11_ci\ci4\app\Controllers\Artikel.php(38): CodeIgniter\BaseModel->findAll()
#6 C:\xampp\htdocs\lab11_ci\ci4\system\CodeIgniter.php(951): App\Controllers\Artikel->admin_index()
#7 C:\xampp\htdocs\lab11_ci\ci4\system\CodeIgniter.php(497): CodeIgniter\CodeIgniter->runController(Object(App\Controllers\Artikel))
#8 C:\xampp\htdocs\lab11_ci\ci4\system\CodeIgniter.php(340): CodeIgniter\CodeIgniter->handleRequest(NULL, Object(Config\Cache), false)
#9 C:\xampp\htdocs\lab11_ci\ci4\system\Boot.php(417): CodeIgniter\CodeIgniter->run()
#10 C:\xampp\htdocs\lab11_ci\ci4\system\Boot.php(68): CodeIgniter\Boot::runCodeIgniter(Object(CodeIgniter\CodeIgniter))
#11 C:\xampp\htdocs\lab11_ci\ci4\public\index.php(59): CodeIgniter\Boot::bootWeb(Object(Config\Paths))
#12 C:\xampp\htdocs\lab11_ci\ci4\system\rewrite.php(44): require_once('C:\\xampp\\htdocs...')
#13 {main}
CRITICAL - 2026-03-08 02:15:50 --> CodeIgniter\Database\Exceptions\DatabaseException: Unable to connect to the database.
Main connection [MySQLi]: Access denied for user ''@'localhost' (using password: NO)
[Method: GET, Route: admin/artikel]
in SYSTEMPATH\Database\BaseConnection.php on line 465.
 1 SYSTEMPATH\Database\BaseConnection.php(654): CodeIgniter\Database\BaseConnection->initialize()
 2 SYSTEMPATH\Database\BaseBuilder.php(1649): CodeIgniter\Database\BaseConnection->query('SELECT *
FROM `artikel`', [], false)
 3 SYSTEMPATH\Model.php(254): CodeIgniter\Database\BaseBuilder->get()
 4 SYSTEMPATH\BaseModel.php(675): CodeIgniter\Model->doFindAll(0, 0)
 5 APPPATH\Controllers\Artikel.php(38): CodeIgniter\BaseModel->findAll()
 6 SYSTEMPATH\CodeIgniter.php(951): App\Controllers\Artikel->admin_index()
 7 SYSTEMPATH\CodeIgniter.php(497): CodeIgniter\CodeIgniter->runController(Object(App\Controllers\Artikel))
 8 SYSTEMPATH\CodeIgniter.php(340): CodeIgniter\CodeIgniter->handleRequest(null, Object(Config\Cache), false)
 9 SYSTEMPATH\Boot.php(417): CodeIgniter\CodeIgniter->run()
10 SYSTEMPATH\Boot.php(68): CodeIgniter\Boot::runCodeIgniter(Object(CodeIgniter\CodeIgniter))
11 FCPATH\index.php(59): CodeIgniter\Boot::bootWeb(Object(Config\Paths))
12 SYSTEMPATH\rewrite.php(44): require_once('C:\\xampp\\htdocs\\lab11_ci\\ci4\\public\\index.php')
ERROR - 2026-03-08 02:15:51 --> Error connecting to the database: mysqli_sql_exception: Access denied for user ''@'localhost' (using password: NO) in C:\xampp\htdocs\lab11_ci\ci4\system\Database\MySQLi\Connection.php:201
Stack trace:
#0 C:\xampp\htdocs\lab11_ci\ci4\system\Database\MySQLi\Connection.php(201): mysqli->real_connect('localhost', '', Object(SensitiveParameterValue), '', 3306, '', 0)
#1 C:\xampp\htdocs\lab11_ci\ci4\system\Database\BaseConnection.php(419): CodeIgniter\Database\MySQLi\Connection->connect(false)
#2 C:\xampp\htdocs\lab11_ci\ci4\system\Database\BaseConnection.php(654): CodeIgniter\Database\BaseConnection->initialize()
#3 C:\xampp\htdocs\lab11_ci\ci4\system\Database\BaseBuilder.php(1649): CodeIgniter\Database\BaseConnection->query('SELECT *\nFROM `...', Array, false)
#4 C:\xampp\htdocs\lab11_ci\ci4\system\Model.php(254): CodeIgniter\Database\BaseBuilder->get()
#5 C:\xampp\htdocs\lab11_ci\ci4\system\BaseModel.php(675): CodeIgniter\Model->doFindAll(0, 0)
#6 C:\xampp\htdocs\lab11_ci\ci4\app\Controllers\Artikel.php(38): CodeIgniter\BaseModel->findAll()
#7 C:\xampp\htdocs\lab11_ci\ci4\system\CodeIgniter.php(951): App\Controllers\Artikel->admin_index()
#8 C:\xampp\htdocs\lab11_ci\ci4\system\CodeIgniter.php(497): CodeIgniter\CodeIgniter->runController(Object(App\Controllers\Artikel))
#9 C:\xampp\htdocs\lab11_ci\ci4\system\CodeIgniter.php(340): CodeIgniter\CodeIgniter->handleRequest(NULL, Object(Config\Cache), false)
#10 C:\xampp\htdocs\lab11_ci\ci4\system\Boot.php(417): CodeIgniter\CodeIgniter->run()
#11 C:\xampp\htdocs\lab11_ci\ci4\system\Boot.php(68): CodeIgniter\Boot::runCodeIgniter(Object(CodeIgniter\CodeIgniter))
#12 C:\xampp\htdocs\lab11_ci\ci4\public\index.php(59): CodeIgniter\Boot::bootWeb(Object(Config\Paths))
#13 C:\xampp\htdocs\lab11_ci\ci4\system\rewrite.php(44): require_once('C:\\xampp\\htdocs...')
#14 {main}

Next CodeIgniter\Database\Exceptions\DatabaseException: Access denied for user ''@'localhost' (using password: NO) in C:\xampp\htdocs\lab11_ci\ci4\system\Database\MySQLi\Connection.php:231
Stack trace:
#0 C:\xampp\htdocs\lab11_ci\ci4\system\Database\BaseConnection.php(419): CodeIgniter\Database\MySQLi\Connection->connect(false)
#1 C:\xampp\htdocs\lab11_ci\ci4\system\Database\BaseConnection.php(654): CodeIgniter\Database\BaseConnection->initialize()
#2 C:\xampp\htdocs\lab11_ci\ci4\system\Database\BaseBuilder.php(1649): CodeIgniter\Database\BaseConnection->query('SELECT *\nFROM `...', Array, false)
#3 C:\xampp\htdocs\lab11_ci\ci4\system\Model.php(254): CodeIgniter\Database\BaseBuilder->get()
#4 C:\xampp\htdocs\lab11_ci\ci4\system\BaseModel.php(675): CodeIgniter\Model->doFindAll(0, 0)
#5 C:\xampp\htdocs\lab11_ci\ci4\app\Controllers\Artikel.php(38): CodeIgniter\BaseModel->findAll()
#6 C:\xampp\htdocs\lab11_ci\ci4\system\CodeIgniter.php(951): App\Controllers\Artikel->admin_index()
#7 C:\xampp\htdocs\lab11_ci\ci4\system\CodeIgniter.php(497): CodeIgniter\CodeIgniter->runController(Object(App\Controllers\Artikel))
#8 C:\xampp\htdocs\lab11_ci\ci4\system\CodeIgniter.php(340): CodeIgniter\CodeIgniter->handleRequest(NULL, Object(Config\Cache), false)
#9 C:\xampp\htdocs\lab11_ci\ci4\system\Boot.php(417): CodeIgniter\CodeIgniter->run()
#10 C:\xampp\htdocs\lab11_ci\ci4\system\Boot.php(68): CodeIgniter\Boot::runCodeIgniter(Object(CodeIgniter\CodeIgniter))
#11 C:\xampp\htdocs\lab11_ci\ci4\public\index.php(59): CodeIgniter\Boot::bootWeb(Object(Config\Paths))
#12 C:\xampp\htdocs\lab11_ci\ci4\system\rewrite.php(44): require_once('C:\\xampp\\htdocs...')
#13 {main}
CRITICAL - 2026-03-08 02:15:51 --> CodeIgniter\Database\Exceptions\DatabaseException: Unable to connect to the database.
Main connection [MySQLi]: Access denied for user ''@'localhost' (using password: NO)
[Method: GET, Route: admin/artikel]
in SYSTEMPATH\Database\BaseConnection.php on line 465.
 1 SYSTEMPATH\Database\BaseConnection.php(654): CodeIgniter\Database\BaseConnection->initialize()
 2 SYSTEMPATH\Database\BaseBuilder.php(1649): CodeIgniter\Database\BaseConnection->query('SELECT *
FROM `artikel`', [], false)
 3 SYSTEMPATH\Model.php(254): CodeIgniter\Database\BaseBuilder->get()
 4 SYSTEMPATH\BaseModel.php(675): CodeIgniter\Model->doFindAll(0, 0)
 5 APPPATH\Controllers\Artikel.php(38): CodeIgniter\BaseModel->findAll()
 6 SYSTEMPATH\CodeIgniter.php(951): App\Controllers\Artikel->admin_index()
 7 SYSTEMPATH\CodeIgniter.php(497): CodeIgniter\CodeIgniter->runController(Object(App\Controllers\Artikel))
 8 SYSTEMPATH\CodeIgniter.php(340): CodeIgniter\CodeIgniter->handleRequest(null, Object(Config\Cache), false)
 9 SYSTEMPATH\Boot.php(417): CodeIgniter\CodeIgniter->run()
10 SYSTEMPATH\Boot.php(68): CodeIgniter\Boot::runCodeIgniter(Object(CodeIgniter\CodeIgniter))
11 FCPATH\index.php(59): CodeIgniter\Boot::bootWeb(Object(Config\Paths))
12 SYSTEMPATH\rewrite.php(44): require_once('C:\\xampp\\htdocs\\lab11_ci\\ci4\\public\\index.php')
ERROR - 2026-03-08 02:15:51 --> Error connecting to the database: mysqli_sql_exception: Access denied for user ''@'localhost' (using password: NO) in C:\xampp\htdocs\lab11_ci\ci4\system\Database\MySQLi\Connection.php:201
Stack trace:
#0 C:\xampp\htdocs\lab11_ci\ci4\system\Database\MySQLi\Connection.php(201): mysqli->real_connect('localhost', '', Object(SensitiveParameterValue), '', 3306, '', 0)
#1 C:\xampp\htdocs\lab11_ci\ci4\system\Database\BaseConnection.php(419): CodeIgniter\Database\MySQLi\Connection->connect(false)
#2 C:\xampp\htdocs\lab11_ci\ci4\system\Database\BaseConnection.php(654): CodeIgniter\Database\BaseConnection->initialize()
#3 C:\xampp\htdocs\lab11_ci\ci4\system\Database\BaseBuilder.php(1649): CodeIgniter\Database\BaseConnection->query('SELECT *\nFROM `...', Array, false)
#4 C:\xampp\htdocs\lab11_ci\ci4\system\Model.php(254): CodeIgniter\Database\BaseBuilder->get()
#5 C:\xampp\htdocs\lab11_ci\ci4\system\BaseModel.php(675): CodeIgniter\Model->doFindAll(0, 0)
#6 C:\xampp\htdocs\lab11_ci\ci4\app\Controllers\Artikel.php(38): CodeIgniter\BaseModel->findAll()
#7 C:\xampp\htdocs\lab11_ci\ci4\system\CodeIgniter.php(951): App\Controllers\Artikel->admin_index()
#8 C:\xampp\htdocs\lab11_ci\ci4\system\CodeIgniter.php(497): CodeIgniter\CodeIgniter->runController(Object(App\Controllers\Artikel))
#9 C:\xampp\htdocs\lab11_ci\ci4\system\CodeIgniter.php(340): CodeIgniter\CodeIgniter->handleRequest(NULL, Object(Config\Cache), false)
#10 C:\xampp\htdocs\lab11_ci\ci4\system\Boot.php(417): CodeIgniter\CodeIgniter->run()
#11 C:\xampp\htdocs\lab11_ci\ci4\system\Boot.php(68): CodeIgniter\Boot::runCodeIgniter(Object(CodeIgniter\CodeIgniter))
#12 C:\xampp\htdocs\lab11_ci\ci4\public\index.php(59): CodeIgniter\Boot::bootWeb(Object(Config\Paths))
#13 C:\xampp\htdocs\lab11_ci\ci4\system\rewrite.php(44): require_once('C:\\xampp\\htdocs...')
#14 {main}

Next CodeIgniter\Database\Exceptions\DatabaseException: Access denied for user ''@'localhost' (using password: NO) in C:\xampp\htdocs\lab11_ci\ci4\system\Database\MySQLi\Connection.php:231
Stack trace:
#0 C:\xampp\htdocs\lab11_ci\ci4\system\Database\BaseConnection.php(419): CodeIgniter\Database\MySQLi\Connection->connect(false)
#1 C:\xampp\htdocs\lab11_ci\ci4\system\Database\BaseConnection.php(654): CodeIgniter\Database\BaseConnection->initialize()
#2 C:\xampp\htdocs\lab11_ci\ci4\system\Database\BaseBuilder.php(1649): CodeIgniter\Database\BaseConnection->query('SELECT *\nFROM `...', Array, false)
#3 C:\xampp\htdocs\lab11_ci\ci4\system\Model.php(254): CodeIgniter\Database\BaseBuilder->get()
#4 C:\xampp\htdocs\lab11_ci\ci4\system\BaseModel.php(675): CodeIgniter\Model->doFindAll(0, 0)
#5 C:\xampp\htdocs\lab11_ci\ci4\app\Controllers\Artikel.php(38): CodeIgniter\BaseModel->findAll()
#6 C:\xampp\htdocs\lab11_ci\ci4\system\CodeIgniter.php(951): App\Controllers\Artikel->admin_index()
#7 C:\xampp\htdocs\lab11_ci\ci4\system\CodeIgniter.php(497): CodeIgniter\CodeIgniter->runController(Object(App\Controllers\Artikel))
#8 C:\xampp\htdocs\lab11_ci\ci4\system\CodeIgniter.php(340): CodeIgniter\CodeIgniter->handleRequest(NULL, Object(Config\Cache), false)
#9 C:\xampp\htdocs\lab11_ci\ci4\system\Boot.php(417): CodeIgniter\CodeIgniter->run()
#10 C:\xampp\htdocs\lab11_ci\ci4\system\Boot.php(68): CodeIgniter\Boot::runCodeIgniter(Object(CodeIgniter\CodeIgniter))
#11 C:\xampp\htdocs\lab11_ci\ci4\public\index.php(59): CodeIgniter\Boot::bootWeb(Object(Config\Paths))
#12 C:\xampp\htdocs\lab11_ci\ci4\system\rewrite.php(44): require_once('C:\\xampp\\htdocs...')
#13 {main}
CRITICAL - 2026-03-08 02:15:51 --> CodeIgniter\Database\Exceptions\DatabaseException: Unable to connect to the database.
Main connection [MySQLi]: Access denied for user ''@'localhost' (using password: NO)
[Method: GET, Route: admin/artikel]
in SYSTEMPATH\Database\BaseConnection.php on line 465.
 1 SYSTEMPATH\Database\BaseConnection.php(654): CodeIgniter\Database\BaseConnection->initialize()
 2 SYSTEMPATH\Database\BaseBuilder.php(1649): CodeIgniter\Database\BaseConnection->query('SELECT *
FROM `artikel`', [], false)
 3 SYSTEMPATH\Model.php(254): CodeIgniter\Database\BaseBuilder->get()
 4 SYSTEMPATH\BaseModel.php(675): CodeIgniter\Model->doFindAll(0, 0)
 5 APPPATH\Controllers\Artikel.php(38): CodeIgniter\BaseModel->findAll()
 6 SYSTEMPATH\CodeIgniter.php(951): App\Controllers\Artikel->admin_index()
 7 SYSTEMPATH\CodeIgniter.php(497): CodeIgniter\CodeIgniter->runController(Object(App\Controllers\Artikel))
 8 SYSTEMPATH\CodeIgniter.php(340): CodeIgniter\CodeIgniter->handleRequest(null, Object(Config\Cache), false)
 9 SYSTEMPATH\Boot.php(417): CodeIgniter\CodeIgniter->run()
10 SYSTEMPATH\Boot.php(68): CodeIgniter\Boot::runCodeIgniter(Object(CodeIgniter\CodeIgniter))
11 FCPATH\index.php(59): CodeIgniter\Boot::bootWeb(Object(Config\Paths))
12 SYSTEMPATH\rewrite.php(44): require_once('C:\\xampp\\htdocs\\lab11_ci\\ci4\\public\\index.php')
ERROR - 2026-03-08 02:15:51 --> Error connecting to the database: mysqli_sql_exception: Access denied for user ''@'localhost' (using password: NO) in C:\xampp\htdocs\lab11_ci\ci4\system\Database\MySQLi\Connection.php:201
Stack trace:
#0 C:\xampp\htdocs\lab11_ci\ci4\system\Database\MySQLi\Connection.php(201): mysqli->real_connect('localhost', '', Object(SensitiveParameterValue), '', 3306, '', 0)
#1 C:\xampp\htdocs\lab11_ci\ci4\system\Database\BaseConnection.php(419): CodeIgniter\Database\MySQLi\Connection->connect(false)
#2 C:\xampp\htdocs\lab11_ci\ci4\system\Database\BaseConnection.php(654): CodeIgniter\Database\BaseConnection->initialize()
#3 C:\xampp\htdocs\lab11_ci\ci4\system\Database\BaseBuilder.php(1649): CodeIgniter\Database\BaseConnection->query('SELECT *\nFROM `...', Array, false)
#4 C:\xampp\htdocs\lab11_ci\ci4\system\Model.php(254): CodeIgniter\Database\BaseBuilder->get()
#5 C:\xampp\htdocs\lab11_ci\ci4\system\BaseModel.php(675): CodeIgniter\Model->doFindAll(0, 0)
#6 C:\xampp\htdocs\lab11_ci\ci4\app\Controllers\Artikel.php(38): CodeIgniter\BaseModel->findAll()
#7 C:\xampp\htdocs\lab11_ci\ci4\system\CodeIgniter.php(951): App\Controllers\Artikel->admin_index()
#8 C:\xampp\htdocs\lab11_ci\ci4\system\CodeIgniter.php(497): CodeIgniter\CodeIgniter->runController(Object(App\Controllers\Artikel))
#9 C:\xampp\htdocs\lab11_ci\ci4\system\CodeIgniter.php(340): CodeIgniter\CodeIgniter->handleRequest(NULL, Object(Config\Cache), false)
#10 C:\xampp\htdocs\lab11_ci\ci4\system\Boot.php(417): CodeIgniter\CodeIgniter->run()
#11 C:\xampp\htdocs\lab11_ci\ci4\system\Boot.php(68): CodeIgniter\Boot::runCodeIgniter(Object(CodeIgniter\CodeIgniter))
#12 C:\xampp\htdocs\lab11_ci\ci4\public\index.php(59): CodeIgniter\Boot::bootWeb(Object(Config\Paths))
#13 C:\xampp\htdocs\lab11_ci\ci4\system\rewrite.php(44): require_once('C:\\xampp\\htdocs...')
#14 {main}

Next CodeIgniter\Database\Exceptions\DatabaseException: Access denied for user ''@'localhost' (using password: NO) in C:\xampp\htdocs\lab11_ci\ci4\system\Database\MySQLi\Connection.php:231
Stack trace:
#0 C:\xampp\htdocs\lab11_ci\ci4\system\Database\BaseConnection.php(419): CodeIgniter\Database\MySQLi\Connection->connect(false)
#1 C:\xampp\htdocs\lab11_ci\ci4\system\Database\BaseConnection.php(654): CodeIgniter\Database\BaseConnection->initialize()
#2 C:\xampp\htdocs\lab11_ci\ci4\system\Database\BaseBuilder.php(1649): CodeIgniter\Database\BaseConnection->query('SELECT *\nFROM `...', Array, false)
#3 C:\xampp\htdocs\lab11_ci\ci4\system\Model.php(254): CodeIgniter\Database\BaseBuilder->get()
#4 C:\xampp\htdocs\lab11_ci\ci4\system\BaseModel.php(675): CodeIgniter\Model->doFindAll(0, 0)
#5 C:\xampp\htdocs\lab11_ci\ci4\app\Controllers\Artikel.php(38): CodeIgniter\BaseModel->findAll()
#6 C:\xampp\htdocs\lab11_ci\ci4\system\CodeIgniter.php(951): App\Controllers\Artikel->admin_index()
#7 C:\xampp\htdocs\lab11_ci\ci4\system\CodeIgniter.php(497): CodeIgniter\CodeIgniter->runController(Object(App\Controllers\Artikel))
#8 C:\xampp\htdocs\lab11_ci\ci4\system\CodeIgniter.php(340): CodeIgniter\CodeIgniter->handleRequest(NULL, Object(Config\Cache), false)
#9 C:\xampp\htdocs\lab11_ci\ci4\system\Boot.php(417): CodeIgniter\CodeIgniter->run()
#10 C:\xampp\htdocs\lab11_ci\ci4\system\Boot.php(68): CodeIgniter\Boot::runCodeIgniter(Object(CodeIgniter\CodeIgniter))
#11 C:\xampp\htdocs\lab11_ci\ci4\public\index.php(59): CodeIgniter\Boot::bootWeb(Object(Config\Paths))
#12 C:\xampp\htdocs\lab11_ci\ci4\system\rewrite.php(44): require_once('C:\\xampp\\htdocs...')
#13 {main}
CRITICAL - 2026-03-08 02:15:51 --> CodeIgniter\Database\Exceptions\DatabaseException: Unable to connect to the database.
Main connection [MySQLi]: Access denied for user ''@'localhost' (using password: NO)
[Method: GET, Route: admin/artikel]
in SYSTEMPATH\Database\BaseConnection.php on line 465.
 1 SYSTEMPATH\Database\BaseConnection.php(654): CodeIgniter\Database\BaseConnection->initialize()
 2 SYSTEMPATH\Database\BaseBuilder.php(1649): CodeIgniter\Database\BaseConnection->query('SELECT *
FROM `artikel`', [], false)
 3 SYSTEMPATH\Model.php(254): CodeIgniter\Database\BaseBuilder->get()
 4 SYSTEMPATH\BaseModel.php(675): CodeIgniter\Model->doFindAll(0, 0)
 5 APPPATH\Controllers\Artikel.php(38): CodeIgniter\BaseModel->findAll()
 6 SYSTEMPATH\CodeIgniter.php(951): App\Controllers\Artikel->admin_index()
 7 SYSTEMPATH\CodeIgniter.php(497): CodeIgniter\CodeIgniter->runController(Object(App\Controllers\Artikel))
 8 SYSTEMPATH\CodeIgniter.php(340): CodeIgniter\CodeIgniter->handleRequest(null, Object(Config\Cache), false)
 9 SYSTEMPATH\Boot.php(417): CodeIgniter\CodeIgniter->run()
10 SYSTEMPATH\Boot.php(68): CodeIgniter\Boot::runCodeIgniter(Object(CodeIgniter\CodeIgniter))
11 FCPATH\index.php(59): CodeIgniter\Boot::bootWeb(Object(Config\Paths))
12 SYSTEMPATH\rewrite.php(44): require_once('C:\\xampp\\htdocs\\lab11_ci\\ci4\\public\\index.php')
ERROR - 2026-03-08 02:15:51 --> Error connecting to the database: mysqli_sql_exception: Access denied for user ''@'localhost' (using password: NO) in C:\xampp\htdocs\lab11_ci\ci4\system\Database\MySQLi\Connection.php:201
Stack trace:
#0 C:\xampp\htdocs\lab11_ci\ci4\system\Database\MySQLi\Connection.php(201): mysqli->real_connect('localhost', '', Object(SensitiveParameterValue), '', 3306, '', 0)
#1 C:\xampp\htdocs\lab11_ci\ci4\system\Database\BaseConnection.php(419): CodeIgniter\Database\MySQLi\Connection->connect(false)
#2 C:\xampp\htdocs\lab11_ci\ci4\system\Database\BaseConnection.php(654): CodeIgniter\Database\BaseConnection->initialize()
#3 C:\xampp\htdocs\lab11_ci\ci4\system\Database\BaseBuilder.php(1649): CodeIgniter\Database\BaseConnection->query('SELECT *\nFROM `...', Array, false)
#4 C:\xampp\htdocs\lab11_ci\ci4\system\Model.php(254): CodeIgniter\Database\BaseBuilder->get()
#5 C:\xampp\htdocs\lab11_ci\ci4\system\BaseModel.php(675): CodeIgniter\Model->doFindAll(0, 0)
#6 C:\xampp\htdocs\lab11_ci\ci4\app\Controllers\Artikel.php(38): CodeIgniter\BaseModel->findAll()
#7 C:\xampp\htdocs\lab11_ci\ci4\system\CodeIgniter.php(951): App\Controllers\Artikel->admin_index()
#8 C:\xampp\htdocs\lab11_ci\ci4\system\CodeIgniter.php(497): CodeIgniter\CodeIgniter->runController(Object(App\Controllers\Artikel))
#9 C:\xampp\htdocs\lab11_ci\ci4\system\CodeIgniter.php(340): CodeIgniter\CodeIgniter->handleRequest(NULL, Object(Config\Cache), false)
#10 C:\xampp\htdocs\lab11_ci\ci4\system\Boot.php(417): CodeIgniter\CodeIgniter->run()
#11 C:\xampp\htdocs\lab11_ci\ci4\system\Boot.php(68): CodeIgniter\Boot::runCodeIgniter(Object(CodeIgniter\CodeIgniter))
#12 C:\xampp\htdocs\lab11_ci\ci4\public\index.php(59): CodeIgniter\Boot::bootWeb(Object(Config\Paths))
#13 C:\xampp\htdocs\lab11_ci\ci4\system\rewrite.php(44): require_once('C:\\xampp\\htdocs...')
#14 {main}

Next CodeIgniter\Database\Exceptions\DatabaseException: Access denied for user ''@'localhost' (using password: NO) in C:\xampp\htdocs\lab11_ci\ci4\system\Database\MySQLi\Connection.php:231
Stack trace:
#0 C:\xampp\htdocs\lab11_ci\ci4\system\Database\BaseConnection.php(419): CodeIgniter\Database\MySQLi\Connection->connect(false)
#1 C:\xampp\htdocs\lab11_ci\ci4\system\Database\BaseConnection.php(654): CodeIgniter\Database\BaseConnection->initialize()
#2 C:\xampp\htdocs\lab11_ci\ci4\system\Database\BaseBuilder.php(1649): CodeIgniter\Database\BaseConnection->query('SELECT *\nFROM `...', Array, false)
#3 C:\xampp\htdocs\lab11_ci\ci4\system\Model.php(254): CodeIgniter\Database\BaseBuilder->get()
#4 C:\xampp\htdocs\lab11_ci\ci4\system\BaseModel.php(675): CodeIgniter\Model->doFindAll(0, 0)
#5 C:\xampp\htdocs\lab11_ci\ci4\app\Controllers\Artikel.php(38): CodeIgniter\BaseModel->findAll()
#6 C:\xampp\htdocs\lab11_ci\ci4\system\CodeIgniter.php(951): App\Controllers\Artikel->admin_index()
#7 C:\xampp\htdocs\lab11_ci\ci4\system\CodeIgniter.php(497): CodeIgniter\CodeIgniter->runController(Object(App\Controllers\Artikel))
#8 C:\xampp\htdocs\lab11_ci\ci4\system\CodeIgniter.php(340): CodeIgniter\CodeIgniter->handleRequest(NULL, Object(Config\Cache), false)
#9 C:\xampp\htdocs\lab11_ci\ci4\system\Boot.php(417): CodeIgniter\CodeIgniter->run()
#10 C:\xampp\htdocs\lab11_ci\ci4\system\Boot.php(68): CodeIgniter\Boot::runCodeIgniter(Object(CodeIgniter\CodeIgniter))
#11 C:\xampp\htdocs\lab11_ci\ci4\public\index.php(59): CodeIgniter\Boot::bootWeb(Object(Config\Paths))
#12 C:\xampp\htdocs\lab11_ci\ci4\system\rewrite.php(44): require_once('C:\\xampp\\htdocs...')
#13 {main}
CRITICAL - 2026-03-08 02:15:51 --> CodeIgniter\Database\Exceptions\DatabaseException: Unable to connect to the database.
Main connection [MySQLi]: Access denied for user ''@'localhost' (using password: NO)
[Method: GET, Route: admin/artikel]
in SYSTEMPATH\Database\BaseConnection.php on line 465.
 1 SYSTEMPATH\Database\BaseConnection.php(654): CodeIgniter\Database\BaseConnection->initialize()
 2 SYSTEMPATH\Database\BaseBuilder.php(1649): CodeIgniter\Database\BaseConnection->query('SELECT *
FROM `artikel`', [], false)
 3 SYSTEMPATH\Model.php(254): CodeIgniter\Database\BaseBuilder->get()
 4 SYSTEMPATH\BaseModel.php(675): CodeIgniter\Model->doFindAll(0, 0)
 5 APPPATH\Controllers\Artikel.php(38): CodeIgniter\BaseModel->findAll()
 6 SYSTEMPATH\CodeIgniter.php(951): App\Controllers\Artikel->admin_index()
 7 SYSTEMPATH\CodeIgniter.php(497): CodeIgniter\CodeIgniter->runController(Object(App\Controllers\Artikel))
 8 SYSTEMPATH\CodeIgniter.php(340): CodeIgniter\CodeIgniter->handleRequest(null, Object(Config\Cache), false)
 9 SYSTEMPATH\Boot.php(417): CodeIgniter\CodeIgniter->run()
10 SYSTEMPATH\Boot.php(68): CodeIgniter\Boot::runCodeIgniter(Object(CodeIgniter\CodeIgniter))
11 FCPATH\index.php(59): CodeIgniter\Boot::bootWeb(Object(Config\Paths))
12 SYSTEMPATH\rewrite.php(44): require_once('C:\\xampp\\htdocs\\lab11_ci\\ci4\\public\\index.php')
ERROR - 2026-03-08 02:16:31 --> Error connecting to the database: mysqli_sql_exception: Access denied for user ''@'localhost' (using password: NO) in C:\xampp\htdocs\lab11_ci\ci4\system\Database\MySQLi\Connection.php:201
Stack trace:
#0 C:\xampp\htdocs\lab11_ci\ci4\system\Database\MySQLi\Connection.php(201): mysqli->real_connect('localhost', '', Object(SensitiveParameterValue), '', 3306, '', 0)
#1 C:\xampp\htdocs\lab11_ci\ci4\system\Database\BaseConnection.php(419): CodeIgniter\Database\MySQLi\Connection->connect(false)
#2 C:\xampp\htdocs\lab11_ci\ci4\system\Database\BaseConnection.php(654): CodeIgniter\Database\BaseConnection->initialize()
#3 C:\xampp\htdocs\lab11_ci\ci4\system\Database\BaseBuilder.php(1649): CodeIgniter\Database\BaseConnection->query('SELECT *\nFROM `...', Array, false)
#4 C:\xampp\htdocs\lab11_ci\ci4\system\Model.php(254): CodeIgniter\Database\BaseBuilder->get()
#5 C:\xampp\htdocs\lab11_ci\ci4\system\BaseModel.php(675): CodeIgniter\Model->doFindAll(0, 0)
#6 C:\xampp\htdocs\lab11_ci\ci4\app\Controllers\Artikel.php(38): CodeIgniter\BaseModel->findAll()
#7 C:\xampp\htdocs\lab11_ci\ci4\system\CodeIgniter.php(951): App\Controllers\Artikel->admin_index()
#8 C:\xampp\htdocs\lab11_ci\ci4\system\CodeIgniter.php(497): CodeIgniter\CodeIgniter->runController(Object(App\Controllers\Artikel))
#9 C:\xampp\htdocs\lab11_ci\ci4\system\CodeIgniter.php(340): CodeIgniter\CodeIgniter->handleRequest(NULL, Object(Config\Cache), false)
#10 C:\xampp\htdocs\lab11_ci\ci4\system\Boot.php(417): CodeIgniter\CodeIgniter->run()
#11 C:\xampp\htdocs\lab11_ci\ci4\system\Boot.php(68): CodeIgniter\Boot::runCodeIgniter(Object(CodeIgniter\CodeIgniter))
#12 C:\xampp\htdocs\lab11_ci\ci4\public\index.php(59): CodeIgniter\Boot::bootWeb(Object(Config\Paths))
#13 C:\xampp\htdocs\lab11_ci\ci4\system\rewrite.php(44): require_once('C:\\xampp\\htdocs...')
#14 {main}

Next CodeIgniter\Database\Exceptions\DatabaseException: Access denied for user ''@'localhost' (using password: NO) in C:\xampp\htdocs\lab11_ci\ci4\system\Database\MySQLi\Connection.php:231
Stack trace:
#0 C:\xampp\htdocs\lab11_ci\ci4\system\Database\BaseConnection.php(419): CodeIgniter\Database\MySQLi\Connection->connect(false)
#1 C:\xampp\htdocs\lab11_ci\ci4\system\Database\BaseConnection.php(654): CodeIgniter\Database\BaseConnection->initialize()
#2 C:\xampp\htdocs\lab11_ci\ci4\system\Database\BaseBuilder.php(1649): CodeIgniter\Database\BaseConnection->query('SELECT *\nFROM `...', Array, false)
#3 C:\xampp\htdocs\lab11_ci\ci4\system\Model.php(254): CodeIgniter\Database\BaseBuilder->get()
#4 C:\xampp\htdocs\lab11_ci\ci4\system\BaseModel.php(675): CodeIgniter\Model->doFindAll(0, 0)
#5 C:\xampp\htdocs\lab11_ci\ci4\app\Controllers\Artikel.php(38): CodeIgniter\BaseModel->findAll()
#6 C:\xampp\htdocs\lab11_ci\ci4\system\CodeIgniter.php(951): App\Controllers\Artikel->admin_index()
#7 C:\xampp\htdocs\lab11_ci\ci4\system\CodeIgniter.php(497): CodeIgniter\CodeIgniter->runController(Object(App\Controllers\Artikel))
#8 C:\xampp\htdocs\lab11_ci\ci4\system\CodeIgniter.php(340): CodeIgniter\CodeIgniter->handleRequest(NULL, Object(Config\Cache), false)
#9 C:\xampp\htdocs\lab11_ci\ci4\system\Boot.php(417): CodeIgniter\CodeIgniter->run()
#10 C:\xampp\htdocs\lab11_ci\ci4\system\Boot.php(68): CodeIgniter\Boot::runCodeIgniter(Object(CodeIgniter\CodeIgniter))
#11 C:\xampp\htdocs\lab11_ci\ci4\public\index.php(59): CodeIgniter\Boot::bootWeb(Object(Config\Paths))
#12 C:\xampp\htdocs\lab11_ci\ci4\system\rewrite.php(44): require_once('C:\\xampp\\htdocs...')
#13 {main}
CRITICAL - 2026-03-08 02:16:31 --> CodeIgniter\Database\Exceptions\DatabaseException: Unable to connect to the database.
Main connection [MySQLi]: Access denied for user ''@'localhost' (using password: NO)
[Method: GET, Route: admin/artikel]
in SYSTEMPATH\Database\BaseConnection.php on line 465.
 1 SYSTEMPATH\Database\BaseConnection.php(654): CodeIgniter\Database\BaseConnection->initialize()
 2 SYSTEMPATH\Database\BaseBuilder.php(1649): CodeIgniter\Database\BaseConnection->query('SELECT *
FROM `artikel`', [], false)
 3 SYSTEMPATH\Model.php(254): CodeIgniter\Database\BaseBuilder->get()
 4 SYSTEMPATH\BaseModel.php(675): CodeIgniter\Model->doFindAll(0, 0)
 5 APPPATH\Controllers\Artikel.php(38): CodeIgniter\BaseModel->findAll()
 6 SYSTEMPATH\CodeIgniter.php(951): App\Controllers\Artikel->admin_index()
 7 SYSTEMPATH\CodeIgniter.php(497): CodeIgniter\CodeIgniter->runController(Object(App\Controllers\Artikel))
 8 SYSTEMPATH\CodeIgniter.php(340): CodeIgniter\CodeIgniter->handleRequest(null, Object(Config\Cache), false)
 9 SYSTEMPATH\Boot.php(417): CodeIgniter\CodeIgniter->run()
10 SYSTEMPATH\Boot.php(68): CodeIgniter\Boot::runCodeIgniter(Object(CodeIgniter\CodeIgniter))
11 FCPATH\index.php(59): CodeIgniter\Boot::bootWeb(Object(Config\Paths))
12 SYSTEMPATH\rewrite.php(44): require_once('C:\\xampp\\htdocs\\lab11_ci\\ci4\\public\\index.php')
ERROR - 2026-03-08 02:16:31 --> Error connecting to the database: mysqli_sql_exception: Access denied for user ''@'localhost' (using password: NO) in C:\xampp\htdocs\lab11_ci\ci4\system\Database\MySQLi\Connection.php:201
Stack trace:
#0 C:\xampp\htdocs\lab11_ci\ci4\system\Database\MySQLi\Connection.php(201): mysqli->real_connect('localhost', '', Object(SensitiveParameterValue), '', 3306, '', 0)
#1 C:\xampp\htdocs\lab11_ci\ci4\system\Database\BaseConnection.php(419): CodeIgniter\Database\MySQLi\Connection->connect(false)
#2 C:\xampp\htdocs\lab11_ci\ci4\system\Database\BaseConnection.php(654): CodeIgniter\Database\BaseConnection->initialize()
#3 C:\xampp\htdocs\lab11_ci\ci4\system\Database\BaseBuilder.php(1649): CodeIgniter\Database\BaseConnection->query('SELECT *\nFROM `...', Array, false)
#4 C:\xampp\htdocs\lab11_ci\ci4\system\Model.php(254): CodeIgniter\Database\BaseBuilder->get()
#5 C:\xampp\htdocs\lab11_ci\ci4\system\BaseModel.php(675): CodeIgniter\Model->doFindAll(0, 0)
#6 C:\xampp\htdocs\lab11_ci\ci4\app\Controllers\Artikel.php(38): CodeIgniter\BaseModel->findAll()
#7 C:\xampp\htdocs\lab11_ci\ci4\system\CodeIgniter.php(951): App\Controllers\Artikel->admin_index()
#8 C:\xampp\htdocs\lab11_ci\ci4\system\CodeIgniter.php(497): CodeIgniter\CodeIgniter->runController(Object(App\Controllers\Artikel))
#9 C:\xampp\htdocs\lab11_ci\ci4\system\CodeIgniter.php(340): CodeIgniter\CodeIgniter->handleRequest(NULL, Object(Config\Cache), false)
#10 C:\xampp\htdocs\lab11_ci\ci4\system\Boot.php(417): CodeIgniter\CodeIgniter->run()
#11 C:\xampp\htdocs\lab11_ci\ci4\system\Boot.php(68): CodeIgniter\Boot::runCodeIgniter(Object(CodeIgniter\CodeIgniter))
#12 C:\xampp\htdocs\lab11_ci\ci4\public\index.php(59): CodeIgniter\Boot::bootWeb(Object(Config\Paths))
#13 C:\xampp\htdocs\lab11_ci\ci4\system\rewrite.php(44): require_once('C:\\xampp\\htdocs...')
#14 {main}

Next CodeIgniter\Database\Exceptions\DatabaseException: Access denied for user ''@'localhost' (using password: NO) in C:\xampp\htdocs\lab11_ci\ci4\system\Database\MySQLi\Connection.php:231
Stack trace:
#0 C:\xampp\htdocs\lab11_ci\ci4\system\Database\BaseConnection.php(419): CodeIgniter\Database\MySQLi\Connection->connect(false)
#1 C:\xampp\htdocs\lab11_ci\ci4\system\Database\BaseConnection.php(654): CodeIgniter\Database\BaseConnection->initialize()
#2 C:\xampp\htdocs\lab11_ci\ci4\system\Database\BaseBuilder.php(1649): CodeIgniter\Database\BaseConnection->query('SELECT *\nFROM `...', Array, false)
#3 C:\xampp\htdocs\lab11_ci\ci4\system\Model.php(254): CodeIgniter\Database\BaseBuilder->get()
#4 C:\xampp\htdocs\lab11_ci\ci4\system\BaseModel.php(675): CodeIgniter\Model->doFindAll(0, 0)
#5 C:\xampp\htdocs\lab11_ci\ci4\app\Controllers\Artikel.php(38): CodeIgniter\BaseModel->findAll()
#6 C:\xampp\htdocs\lab11_ci\ci4\system\CodeIgniter.php(951): App\Controllers\Artikel->admin_index()
#7 C:\xampp\htdocs\lab11_ci\ci4\system\CodeIgniter.php(497): CodeIgniter\CodeIgniter->runController(Object(App\Controllers\Artikel))
#8 C:\xampp\htdocs\lab11_ci\ci4\system\CodeIgniter.php(340): CodeIgniter\CodeIgniter->handleRequest(NULL, Object(Config\Cache), false)
#9 C:\xampp\htdocs\lab11_ci\ci4\system\Boot.php(417): CodeIgniter\CodeIgniter->run()
#10 C:\xampp\htdocs\lab11_ci\ci4\system\Boot.php(68): CodeIgniter\Boot::runCodeIgniter(Object(CodeIgniter\CodeIgniter))
#11 C:\xampp\htdocs\lab11_ci\ci4\public\index.php(59): CodeIgniter\Boot::bootWeb(Object(Config\Paths))
#12 C:\xampp\htdocs\lab11_ci\ci4\system\rewrite.php(44): require_once('C:\\xampp\\htdocs...')
#13 {main}
CRITICAL - 2026-03-08 02:16:31 --> CodeIgniter\Database\Exceptions\DatabaseException: Unable to connect to the database.
Main connection [MySQLi]: Access denied for user ''@'localhost' (using password: NO)
[Method: GET, Route: admin/artikel]
in SYSTEMPATH\Database\BaseConnection.php on line 465.
 1 SYSTEMPATH\Database\BaseConnection.php(654): CodeIgniter\Database\BaseConnection->initialize()
 2 SYSTEMPATH\Database\BaseBuilder.php(1649): CodeIgniter\Database\BaseConnection->query('SELECT *
FROM `artikel`', [], false)
 3 SYSTEMPATH\Model.php(254): CodeIgniter\Database\BaseBuilder->get()
 4 SYSTEMPATH\BaseModel.php(675): CodeIgniter\Model->doFindAll(0, 0)
 5 APPPATH\Controllers\Artikel.php(38): CodeIgniter\BaseModel->findAll()
 6 SYSTEMPATH\CodeIgniter.php(951): App\Controllers\Artikel->admin_index()
 7 SYSTEMPATH\CodeIgniter.php(497): CodeIgniter\CodeIgniter->runController(Object(App\Controllers\Artikel))
 8 SYSTEMPATH\CodeIgniter.php(340): CodeIgniter\CodeIgniter->handleRequest(null, Object(Config\Cache), false)
 9 SYSTEMPATH\Boot.php(417): CodeIgniter\CodeIgniter->run()
10 SYSTEMPATH\Boot.php(68): CodeIgniter\Boot::runCodeIgniter(Object(CodeIgniter\CodeIgniter))
11 FCPATH\index.php(59): CodeIgniter\Boot::bootWeb(Object(Config\Paths))
12 SYSTEMPATH\rewrite.php(44): require_once('C:\\xampp\\htdocs\\lab11_ci\\ci4\\public\\index.php')
ERROR - 2026-03-08 02:16:32 --> Error connecting to the database: mysqli_sql_exception: Access denied for user ''@'localhost' (using password: NO) in C:\xampp\htdocs\lab11_ci\ci4\system\Database\MySQLi\Connection.php:201
Stack trace:
#0 C:\xampp\htdocs\lab11_ci\ci4\system\Database\MySQLi\Connection.php(201): mysqli->real_connect('localhost', '', Object(SensitiveParameterValue), '', 3306, '', 0)
#1 C:\xampp\htdocs\lab11_ci\ci4\system\Database\BaseConnection.php(419): CodeIgniter\Database\MySQLi\Connection->connect(false)
#2 C:\xampp\htdocs\lab11_ci\ci4\system\Database\BaseConnection.php(654): CodeIgniter\Database\BaseConnection->initialize()
#3 C:\xampp\htdocs\lab11_ci\ci4\system\Database\BaseBuilder.php(1649): CodeIgniter\Database\BaseConnection->query('SELECT *\nFROM `...', Array, false)
#4 C:\xampp\htdocs\lab11_ci\ci4\system\Model.php(254): CodeIgniter\Database\BaseBuilder->get()
#5 C:\xampp\htdocs\lab11_ci\ci4\system\BaseModel.php(675): CodeIgniter\Model->doFindAll(0, 0)
#6 C:\xampp\htdocs\lab11_ci\ci4\app\Controllers\Artikel.php(38): CodeIgniter\BaseModel->findAll()
#7 C:\xampp\htdocs\lab11_ci\ci4\system\CodeIgniter.php(951): App\Controllers\Artikel->admin_index()
#8 C:\xampp\htdocs\lab11_ci\ci4\system\CodeIgniter.php(497): CodeIgniter\CodeIgniter->runController(Object(App\Controllers\Artikel))
#9 C:\xampp\htdocs\lab11_ci\ci4\system\CodeIgniter.php(340): CodeIgniter\CodeIgniter->handleRequest(NULL, Object(Config\Cache), false)
#10 C:\xampp\htdocs\lab11_ci\ci4\system\Boot.php(417): CodeIgniter\CodeIgniter->run()
#11 C:\xampp\htdocs\lab11_ci\ci4\system\Boot.php(68): CodeIgniter\Boot::runCodeIgniter(Object(CodeIgniter\CodeIgniter))
#12 C:\xampp\htdocs\lab11_ci\ci4\public\index.php(59): CodeIgniter\Boot::bootWeb(Object(Config\Paths))
#13 C:\xampp\htdocs\lab11_ci\ci4\system\rewrite.php(44): require_once('C:\\xampp\\htdocs...')
#14 {main}

Next CodeIgniter\Database\Exceptions\DatabaseException: Access denied for user ''@'localhost' (using password: NO) in C:\xampp\htdocs\lab11_ci\ci4\system\Database\MySQLi\Connection.php:231
Stack trace:
#0 C:\xampp\htdocs\lab11_ci\ci4\system\Database\BaseConnection.php(419): CodeIgniter\Database\MySQLi\Connection->connect(false)
#1 C:\xampp\htdocs\lab11_ci\ci4\system\Database\BaseConnection.php(654): CodeIgniter\Database\BaseConnection->initialize()
#2 C:\xampp\htdocs\lab11_ci\ci4\system\Database\BaseBuilder.php(1649): CodeIgniter\Database\BaseConnection->query('SELECT *\nFROM `...', Array, false)
#3 C:\xampp\htdocs\lab11_ci\ci4\system\Model.php(254): CodeIgniter\Database\BaseBuilder->get()
#4 C:\xampp\htdocs\lab11_ci\ci4\system\BaseModel.php(675): CodeIgniter\Model->doFindAll(0, 0)
#5 C:\xampp\htdocs\lab11_ci\ci4\app\Controllers\Artikel.php(38): CodeIgniter\BaseModel->findAll()
#6 C:\xampp\htdocs\lab11_ci\ci4\system\CodeIgniter.php(951): App\Controllers\Artikel->admin_index()
#7 C:\xampp\htdocs\lab11_ci\ci4\system\CodeIgniter.php(497): CodeIgniter\CodeIgniter->runController(Object(App\Controllers\Artikel))
#8 C:\xampp\htdocs\lab11_ci\ci4\system\CodeIgniter.php(340): CodeIgniter\CodeIgniter->handleRequest(NULL, Object(Config\Cache), false)
#9 C:\xampp\htdocs\lab11_ci\ci4\system\Boot.php(417): CodeIgniter\CodeIgniter->run()
#10 C:\xampp\htdocs\lab11_ci\ci4\system\Boot.php(68): CodeIgniter\Boot::runCodeIgniter(Object(CodeIgniter\CodeIgniter))
#11 C:\xampp\htdocs\lab11_ci\ci4\public\index.php(59): CodeIgniter\Boot::bootWeb(Object(Config\Paths))
#12 C:\xampp\htdocs\lab11_ci\ci4\system\rewrite.php(44): require_once('C:\\xampp\\htdocs...')
#13 {main}
CRITICAL - 2026-03-08 02:16:32 --> CodeIgniter\Database\Exceptions\DatabaseException: Unable to connect to the database.
Main connection [MySQLi]: Access denied for user ''@'localhost' (using password: NO)
[Method: GET, Route: admin/artikel]
in SYSTEMPATH\Database\BaseConnection.php on line 465.
 1 SYSTEMPATH\Database\BaseConnection.php(654): CodeIgniter\Database\BaseConnection->initialize()
 2 SYSTEMPATH\Database\BaseBuilder.php(1649): CodeIgniter\Database\BaseConnection->query('SELECT *
FROM `artikel`', [], false)
 3 SYSTEMPATH\Model.php(254): CodeIgniter\Database\BaseBuilder->get()
 4 SYSTEMPATH\BaseModel.php(675): CodeIgniter\Model->doFindAll(0, 0)
 5 APPPATH\Controllers\Artikel.php(38): CodeIgniter\BaseModel->findAll()
 6 SYSTEMPATH\CodeIgniter.php(951): App\Controllers\Artikel->admin_index()
 7 SYSTEMPATH\CodeIgniter.php(497): CodeIgniter\CodeIgniter->runController(Object(App\Controllers\Artikel))
 8 SYSTEMPATH\CodeIgniter.php(340): CodeIgniter\CodeIgniter->handleRequest(null, Object(Config\Cache), false)
 9 SYSTEMPATH\Boot.php(417): CodeIgniter\CodeIgniter->run()
10 SYSTEMPATH\Boot.php(68): CodeIgniter\Boot::runCodeIgniter(Object(CodeIgniter\CodeIgniter))
11 FCPATH\index.php(59): CodeIgniter\Boot::bootWeb(Object(Config\Paths))
12 SYSTEMPATH\rewrite.php(44): require_once('C:\\xampp\\htdocs\\lab11_ci\\ci4\\public\\index.php')
ERROR - 2026-03-08 02:16:32 --> Error connecting to the database: mysqli_sql_exception: Access denied for user ''@'localhost' (using password: NO) in C:\xampp\htdocs\lab11_ci\ci4\system\Database\MySQLi\Connection.php:201
Stack trace:
#0 C:\xampp\htdocs\lab11_ci\ci4\system\Database\MySQLi\Connection.php(201): mysqli->real_connect('localhost', '', Object(SensitiveParameterValue), '', 3306, '', 0)
#1 C:\xampp\htdocs\lab11_ci\ci4\system\Database\BaseConnection.php(419): CodeIgniter\Database\MySQLi\Connection->connect(false)
#2 C:\xampp\htdocs\lab11_ci\ci4\system\Database\BaseConnection.php(654): CodeIgniter\Database\BaseConnection->initialize()
#3 C:\xampp\htdocs\lab11_ci\ci4\system\Database\BaseBuilder.php(1649): CodeIgniter\Database\BaseConnection->query('SELECT *\nFROM `...', Array, false)
#4 C:\xampp\htdocs\lab11_ci\ci4\system\Model.php(254): CodeIgniter\Database\BaseBuilder->get()
#5 C:\xampp\htdocs\lab11_ci\ci4\system\BaseModel.php(675): CodeIgniter\Model->doFindAll(0, 0)
#6 C:\xampp\htdocs\lab11_ci\ci4\app\Controllers\Artikel.php(38): CodeIgniter\BaseModel->findAll()
#7 C:\xampp\htdocs\lab11_ci\ci4\system\CodeIgniter.php(951): App\Controllers\Artikel->admin_index()
#8 C:\xampp\htdocs\lab11_ci\ci4\system\CodeIgniter.php(497): CodeIgniter\CodeIgniter->runController(Object(App\Controllers\Artikel))
#9 C:\xampp\htdocs\lab11_ci\ci4\system\CodeIgniter.php(340): CodeIgniter\CodeIgniter->handleRequest(NULL, Object(Config\Cache), false)
#10 C:\xampp\htdocs\lab11_ci\ci4\system\Boot.php(417): CodeIgniter\CodeIgniter->run()
#11 C:\xampp\htdocs\lab11_ci\ci4\system\Boot.php(68): CodeIgniter\Boot::runCodeIgniter(Object(CodeIgniter\CodeIgniter))
#12 C:\xampp\htdocs\lab11_ci\ci4\public\index.php(59): CodeIgniter\Boot::bootWeb(Object(Config\Paths))
#13 C:\xampp\htdocs\lab11_ci\ci4\system\rewrite.php(44): require_once('C:\\xampp\\htdocs...')
#14 {main}

Next CodeIgniter\Database\Exceptions\DatabaseException: Access denied for user ''@'localhost' (using password: NO) in C:\xampp\htdocs\lab11_ci\ci4\system\Database\MySQLi\Connection.php:231
Stack trace:
#0 C:\xampp\htdocs\lab11_ci\ci4\system\Database\BaseConnection.php(419): CodeIgniter\Database\MySQLi\Connection->connect(false)
#1 C:\xampp\htdocs\lab11_ci\ci4\system\Database\BaseConnection.php(654): CodeIgniter\Database\BaseConnection->initialize()
#2 C:\xampp\htdocs\lab11_ci\ci4\system\Database\BaseBuilder.php(1649): CodeIgniter\Database\BaseConnection->query('SELECT *\nFROM `...', Array, false)
#3 C:\xampp\htdocs\lab11_ci\ci4\system\Model.php(254): CodeIgniter\Database\BaseBuilder->get()
#4 C:\xampp\htdocs\lab11_ci\ci4\system\BaseModel.php(675): CodeIgniter\Model->doFindAll(0, 0)
#5 C:\xampp\htdocs\lab11_ci\ci4\app\Controllers\Artikel.php(38): CodeIgniter\BaseModel->findAll()
#6 C:\xampp\htdocs\lab11_ci\ci4\system\CodeIgniter.php(951): App\Controllers\Artikel->admin_index()
#7 C:\xampp\htdocs\lab11_ci\ci4\system\CodeIgniter.php(497): CodeIgniter\CodeIgniter->runController(Object(App\Controllers\Artikel))
#8 C:\xampp\htdocs\lab11_ci\ci4\system\CodeIgniter.php(340): CodeIgniter\CodeIgniter->handleRequest(NULL, Object(Config\Cache), false)
#9 C:\xampp\htdocs\lab11_ci\ci4\system\Boot.php(417): CodeIgniter\CodeIgniter->run()
#10 C:\xampp\htdocs\lab11_ci\ci4\system\Boot.php(68): CodeIgniter\Boot::runCodeIgniter(Object(CodeIgniter\CodeIgniter))
#11 C:\xampp\htdocs\lab11_ci\ci4\public\index.php(59): CodeIgniter\Boot::bootWeb(Object(Config\Paths))
#12 C:\xampp\htdocs\lab11_ci\ci4\system\rewrite.php(44): require_once('C:\\xampp\\htdocs...')
#13 {main}
CRITICAL - 2026-03-08 02:16:32 --> CodeIgniter\Database\Exceptions\DatabaseException: Unable to connect to the database.
Main connection [MySQLi]: Access denied for user ''@'localhost' (using password: NO)
[Method: GET, Route: admin/artikel]
in SYSTEMPATH\Database\BaseConnection.php on line 465.
 1 SYSTEMPATH\Database\BaseConnection.php(654): CodeIgniter\Database\BaseConnection->initialize()
 2 SYSTEMPATH\Database\BaseBuilder.php(1649): CodeIgniter\Database\BaseConnection->query('SELECT *
FROM `artikel`', [], false)
 3 SYSTEMPATH\Model.php(254): CodeIgniter\Database\BaseBuilder->get()
 4 SYSTEMPATH\BaseModel.php(675): CodeIgniter\Model->doFindAll(0, 0)
 5 APPPATH\Controllers\Artikel.php(38): CodeIgniter\BaseModel->findAll()
 6 SYSTEMPATH\CodeIgniter.php(951): App\Controllers\Artikel->admin_index()
 7 SYSTEMPATH\CodeIgniter.php(497): CodeIgniter\CodeIgniter->runController(Object(App\Controllers\Artikel))
 8 SYSTEMPATH\CodeIgniter.php(340): CodeIgniter\CodeIgniter->handleRequest(null, Object(Config\Cache), false)
 9 SYSTEMPATH\Boot.php(417): CodeIgniter\CodeIgniter->run()
10 SYSTEMPATH\Boot.php(68): CodeIgniter\Boot::runCodeIgniter(Object(CodeIgniter\CodeIgniter))
11 FCPATH\index.php(59): CodeIgniter\Boot::bootWeb(Object(Config\Paths))
12 SYSTEMPATH\rewrite.php(44): require_once('C:\\xampp\\htdocs\\lab11_ci\\ci4\\public\\index.php')
ERROR - 2026-03-08 02:16:32 --> Error connecting to the database: mysqli_sql_exception: Access denied for user ''@'localhost' (using password: NO) in C:\xampp\htdocs\lab11_ci\ci4\system\Database\MySQLi\Connection.php:201
Stack trace:
#0 C:\xampp\htdocs\lab11_ci\ci4\system\Database\MySQLi\Connection.php(201): mysqli->real_connect('localhost', '', Object(SensitiveParameterValue), '', 3306, '', 0)
#1 C:\xampp\htdocs\lab11_ci\ci4\system\Database\BaseConnection.php(419): CodeIgniter\Database\MySQLi\Connection->connect(false)
#2 C:\xampp\htdocs\lab11_ci\ci4\system\Database\BaseConnection.php(654): CodeIgniter\Database\BaseConnection->initialize()
#3 C:\xampp\htdocs\lab11_ci\ci4\system\Database\BaseBuilder.php(1649): CodeIgniter\Database\BaseConnection->query('SELECT *\nFROM `...', Array, false)
#4 C:\xampp\htdocs\lab11_ci\ci4\system\Model.php(254): CodeIgniter\Database\BaseBuilder->get()
#5 C:\xampp\htdocs\lab11_ci\ci4\system\BaseModel.php(675): CodeIgniter\Model->doFindAll(0, 0)
#6 C:\xampp\htdocs\lab11_ci\ci4\app\Controllers\Artikel.php(38): CodeIgniter\BaseModel->findAll()
#7 C:\xampp\htdocs\lab11_ci\ci4\system\CodeIgniter.php(951): App\Controllers\Artikel->admin_index()
#8 C:\xampp\htdocs\lab11_ci\ci4\system\CodeIgniter.php(497): CodeIgniter\CodeIgniter->runController(Object(App\Controllers\Artikel))
#9 C:\xampp\htdocs\lab11_ci\ci4\system\CodeIgniter.php(340): CodeIgniter\CodeIgniter->handleRequest(NULL, Object(Config\Cache), false)
#10 C:\xampp\htdocs\lab11_ci\ci4\system\Boot.php(417): CodeIgniter\CodeIgniter->run()
#11 C:\xampp\htdocs\lab11_ci\ci4\system\Boot.php(68): CodeIgniter\Boot::runCodeIgniter(Object(CodeIgniter\CodeIgniter))
#12 C:\xampp\htdocs\lab11_ci\ci4\public\index.php(59): CodeIgniter\Boot::bootWeb(Object(Config\Paths))
#13 C:\xampp\htdocs\lab11_ci\ci4\system\rewrite.php(44): require_once('C:\\xampp\\htdocs...')
#14 {main}

Next CodeIgniter\Database\Exceptions\DatabaseException: Access denied for user ''@'localhost' (using password: NO) in C:\xampp\htdocs\lab11_ci\ci4\system\Database\MySQLi\Connection.php:231
Stack trace:
#0 C:\xampp\htdocs\lab11_ci\ci4\system\Database\BaseConnection.php(419): CodeIgniter\Database\MySQLi\Connection->connect(false)
#1 C:\xampp\htdocs\lab11_ci\ci4\system\Database\BaseConnection.php(654): CodeIgniter\Database\BaseConnection->initialize()
#2 C:\xampp\htdocs\lab11_ci\ci4\system\Database\BaseBuilder.php(1649): CodeIgniter\Database\BaseConnection->query('SELECT *\nFROM `...', Array, false)
#3 C:\xampp\htdocs\lab11_ci\ci4\system\Model.php(254): CodeIgniter\Database\BaseBuilder->get()
#4 C:\xampp\htdocs\lab11_ci\ci4\system\BaseModel.php(675): CodeIgniter\Model->doFindAll(0, 0)
#5 C:\xampp\htdocs\lab11_ci\ci4\app\Controllers\Artikel.php(38): CodeIgniter\BaseModel->findAll()
#6 C:\xampp\htdocs\lab11_ci\ci4\system\CodeIgniter.php(951): App\Controllers\Artikel->admin_index()
#7 C:\xampp\htdocs\lab11_ci\ci4\system\CodeIgniter.php(497): CodeIgniter\CodeIgniter->runController(Object(App\Controllers\Artikel))
#8 C:\xampp\htdocs\lab11_ci\ci4\system\CodeIgniter.php(340): CodeIgniter\CodeIgniter->handleRequest(NULL, Object(Config\Cache), false)
#9 C:\xampp\htdocs\lab11_ci\ci4\system\Boot.php(417): CodeIgniter\CodeIgniter->run()
#10 C:\xampp\htdocs\lab11_ci\ci4\system\Boot.php(68): CodeIgniter\Boot::runCodeIgniter(Object(CodeIgniter\CodeIgniter))
#11 C:\xampp\htdocs\lab11_ci\ci4\public\index.php(59): CodeIgniter\Boot::bootWeb(Object(Config\Paths))
#12 C:\xampp\htdocs\lab11_ci\ci4\system\rewrite.php(44): require_once('C:\\xampp\\htdocs...')
#13 {main}
CRITICAL - 2026-03-08 02:16:32 --> CodeIgniter\Database\Exceptions\DatabaseException: Unable to connect to the database.
Main connection [MySQLi]: Access denied for user ''@'localhost' (using password: NO)
[Method: GET, Route: admin/artikel]
in SYSTEMPATH\Database\BaseConnection.php on line 465.
 1 SYSTEMPATH\Database\BaseConnection.php(654): CodeIgniter\Database\BaseConnection->initialize()
 2 SYSTEMPATH\Database\BaseBuilder.php(1649): CodeIgniter\Database\BaseConnection->query('SELECT *
FROM `artikel`', [], false)
 3 SYSTEMPATH\Model.php(254): CodeIgniter\Database\BaseBuilder->get()
 4 SYSTEMPATH\BaseModel.php(675): CodeIgniter\Model->doFindAll(0, 0)
 5 APPPATH\Controllers\Artikel.php(38): CodeIgniter\BaseModel->findAll()
 6 SYSTEMPATH\CodeIgniter.php(951): App\Controllers\Artikel->admin_index()
 7 SYSTEMPATH\CodeIgniter.php(497): CodeIgniter\CodeIgniter->runController(Object(App\Controllers\Artikel))
 8 SYSTEMPATH\CodeIgniter.php(340): CodeIgniter\CodeIgniter->handleRequest(null, Object(Config\Cache), false)
 9 SYSTEMPATH\Boot.php(417): CodeIgniter\CodeIgniter->run()
10 SYSTEMPATH\Boot.php(68): CodeIgniter\Boot::runCodeIgniter(Object(CodeIgniter\CodeIgniter))
11 FCPATH\index.php(59): CodeIgniter\Boot::bootWeb(Object(Config\Paths))
12 SYSTEMPATH\rewrite.php(44): require_once('C:\\xampp\\htdocs\\lab11_ci\\ci4\\public\\index.php')
ERROR - 2026-03-08 02:16:32 --> Error connecting to the database: mysqli_sql_exception: Access denied for user ''@'localhost' (using password: NO) in C:\xampp\htdocs\lab11_ci\ci4\system\Database\MySQLi\Connection.php:201
Stack trace:
#0 C:\xampp\htdocs\lab11_ci\ci4\system\Database\MySQLi\Connection.php(201): mysqli->real_connect('localhost', '', Object(SensitiveParameterValue), '', 3306, '', 0)
#1 C:\xampp\htdocs\lab11_ci\ci4\system\Database\BaseConnection.php(419): CodeIgniter\Database\MySQLi\Connection->connect(false)
#2 C:\xampp\htdocs\lab11_ci\ci4\system\Database\BaseConnection.php(654): CodeIgniter\Database\BaseConnection->initialize()
#3 C:\xampp\htdocs\lab11_ci\ci4\system\Database\BaseBuilder.php(1649): CodeIgniter\Database\BaseConnection->query('SELECT *\nFROM `...', Array, false)
#4 C:\xampp\htdocs\lab11_ci\ci4\system\Model.php(254): CodeIgniter\Database\BaseBuilder->get()
#5 C:\xampp\htdocs\lab11_ci\ci4\system\BaseModel.php(675): CodeIgniter\Model->doFindAll(0, 0)
#6 C:\xampp\htdocs\lab11_ci\ci4\app\Controllers\Artikel.php(38): CodeIgniter\BaseModel->findAll()
#7 C:\xampp\htdocs\lab11_ci\ci4\system\CodeIgniter.php(951): App\Controllers\Artikel->admin_index()
#8 C:\xampp\htdocs\lab11_ci\ci4\system\CodeIgniter.php(497): CodeIgniter\CodeIgniter->runController(Object(App\Controllers\Artikel))
#9 C:\xampp\htdocs\lab11_ci\ci4\system\CodeIgniter.php(340): CodeIgniter\CodeIgniter->handleRequest(NULL, Object(Config\Cache), false)
#10 C:\xampp\htdocs\lab11_ci\ci4\system\Boot.php(417): CodeIgniter\CodeIgniter->run()
#11 C:\xampp\htdocs\lab11_ci\ci4\system\Boot.php(68): CodeIgniter\Boot::runCodeIgniter(Object(CodeIgniter\CodeIgniter))
#12 C:\xampp\htdocs\lab11_ci\ci4\public\index.php(59): CodeIgniter\Boot::bootWeb(Object(Config\Paths))
#13 C:\xampp\htdocs\lab11_ci\ci4\system\rewrite.php(44): require_once('C:\\xampp\\htdocs...')
#14 {main}

Next CodeIgniter\Database\Exceptions\DatabaseException: Access denied for user ''@'localhost' (using password: NO) in C:\xampp\htdocs\lab11_ci\ci4\system\Database\MySQLi\Connection.php:231
Stack trace:
#0 C:\xampp\htdocs\lab11_ci\ci4\system\Database\BaseConnection.php(419): CodeIgniter\Database\MySQLi\Connection->connect(false)
#1 C:\xampp\htdocs\lab11_ci\ci4\system\Database\BaseConnection.php(654): CodeIgniter\Database\BaseConnection->initialize()
#2 C:\xampp\htdocs\lab11_ci\ci4\system\Database\BaseBuilder.php(1649): CodeIgniter\Database\BaseConnection->query('SELECT *\nFROM `...', Array, false)
#3 C:\xampp\htdocs\lab11_ci\ci4\system\Model.php(254): CodeIgniter\Database\BaseBuilder->get()
#4 C:\xampp\htdocs\lab11_ci\ci4\system\BaseModel.php(675): CodeIgniter\Model->doFindAll(0, 0)
#5 C:\xampp\htdocs\lab11_ci\ci4\app\Controllers\Artikel.php(38): CodeIgniter\BaseModel->findAll()
#6 C:\xampp\htdocs\lab11_ci\ci4\system\CodeIgniter.php(951): App\Controllers\Artikel->admin_index()
#7 C:\xampp\htdocs\lab11_ci\ci4\system\CodeIgniter.php(497): CodeIgniter\CodeIgniter->runController(Object(App\Controllers\Artikel))
#8 C:\xampp\htdocs\lab11_ci\ci4\system\CodeIgniter.php(340): CodeIgniter\CodeIgniter->handleRequest(NULL, Object(Config\Cache), false)
#9 C:\xampp\htdocs\lab11_ci\ci4\system\Boot.php(417): CodeIgniter\CodeIgniter->run()
#10 C:\xampp\htdocs\lab11_ci\ci4\system\Boot.php(68): CodeIgniter\Boot::runCodeIgniter(Object(CodeIgniter\CodeIgniter))
#11 C:\xampp\htdocs\lab11_ci\ci4\public\index.php(59): CodeIgniter\Boot::bootWeb(Object(Config\Paths))
#12 C:\xampp\htdocs\lab11_ci\ci4\system\rewrite.php(44): require_once('C:\\xampp\\htdocs...')
#13 {main}
CRITICAL - 2026-03-08 02:16:32 --> CodeIgniter\Database\Exceptions\DatabaseException: Unable to connect to the database.
Main connection [MySQLi]: Access denied for user ''@'localhost' (using password: NO)
[Method: GET, Route: admin/artikel]
in SYSTEMPATH\Database\BaseConnection.php on line 465.
 1 SYSTEMPATH\Database\BaseConnection.php(654): CodeIgniter\Database\BaseConnection->initialize()
 2 SYSTEMPATH\Database\BaseBuilder.php(1649): CodeIgniter\Database\BaseConnection->query('SELECT *
FROM `artikel`', [], false)
 3 SYSTEMPATH\Model.php(254): CodeIgniter\Database\BaseBuilder->get()
 4 SYSTEMPATH\BaseModel.php(675): CodeIgniter\Model->doFindAll(0, 0)
 5 APPPATH\Controllers\Artikel.php(38): CodeIgniter\BaseModel->findAll()
 6 SYSTEMPATH\CodeIgniter.php(951): App\Controllers\Artikel->admin_index()
 7 SYSTEMPATH\CodeIgniter.php(497): CodeIgniter\CodeIgniter->runController(Object(App\Controllers\Artikel))
 8 SYSTEMPATH\CodeIgniter.php(340): CodeIgniter\CodeIgniter->handleRequest(null, Object(Config\Cache), false)
 9 SYSTEMPATH\Boot.php(417): CodeIgniter\CodeIgniter->run()
10 SYSTEMPATH\Boot.php(68): CodeIgniter\Boot::runCodeIgniter(Object(CodeIgniter\CodeIgniter))
11 FCPATH\index.php(59): CodeIgniter\Boot::bootWeb(Object(Config\Paths))
12 SYSTEMPATH\rewrite.php(44): require_once('C:\\xampp\\htdocs\\lab11_ci\\ci4\\public\\index.php')
ERROR - 2026-03-08 02:16:32 --> Error connecting to the database: mysqli_sql_exception: Access denied for user ''@'localhost' (using password: NO) in C:\xampp\htdocs\lab11_ci\ci4\system\Database\MySQLi\Connection.php:201
Stack trace:
#0 C:\xampp\htdocs\lab11_ci\ci4\system\Database\MySQLi\Connection.php(201): mysqli->real_connect('localhost', '', Object(SensitiveParameterValue), '', 3306, '', 0)
#1 C:\xampp\htdocs\lab11_ci\ci4\system\Database\BaseConnection.php(419): CodeIgniter\Database\MySQLi\Connection->connect(false)
#2 C:\xampp\htdocs\lab11_ci\ci4\system\Database\BaseConnection.php(654): CodeIgniter\Database\BaseConnection->initialize()
#3 C:\xampp\htdocs\lab11_ci\ci4\system\Database\BaseBuilder.php(1649): CodeIgniter\Database\BaseConnection->query('SELECT *\nFROM `...', Array, false)
#4 C:\xampp\htdocs\lab11_ci\ci4\system\Model.php(254): CodeIgniter\Database\BaseBuilder->get()
#5 C:\xampp\htdocs\lab11_ci\ci4\system\BaseModel.php(675): CodeIgniter\Model->doFindAll(0, 0)
#6 C:\xampp\htdocs\lab11_ci\ci4\app\Controllers\Artikel.php(38): CodeIgniter\BaseModel->findAll()
#7 C:\xampp\htdocs\lab11_ci\ci4\system\CodeIgniter.php(951): App\Controllers\Artikel->admin_index()
#8 C:\xampp\htdocs\lab11_ci\ci4\system\CodeIgniter.php(497): CodeIgniter\CodeIgniter->runController(Object(App\Controllers\Artikel))
#9 C:\xampp\htdocs\lab11_ci\ci4\system\CodeIgniter.php(340): CodeIgniter\CodeIgniter->handleRequest(NULL, Object(Config\Cache), false)
#10 C:\xampp\htdocs\lab11_ci\ci4\system\Boot.php(417): CodeIgniter\CodeIgniter->run()
#11 C:\xampp\htdocs\lab11_ci\ci4\system\Boot.php(68): CodeIgniter\Boot::runCodeIgniter(Object(CodeIgniter\CodeIgniter))
#12 C:\xampp\htdocs\lab11_ci\ci4\public\index.php(59): CodeIgniter\Boot::bootWeb(Object(Config\Paths))
#13 C:\xampp\htdocs\lab11_ci\ci4\system\rewrite.php(44): require_once('C:\\xampp\\htdocs...')
#14 {main}

Next CodeIgniter\Database\Exceptions\DatabaseException: Access denied for user ''@'localhost' (using password: NO) in C:\xampp\htdocs\lab11_ci\ci4\system\Database\MySQLi\Connection.php:231
Stack trace:
#0 C:\xampp\htdocs\lab11_ci\ci4\system\Database\BaseConnection.php(419): CodeIgniter\Database\MySQLi\Connection->connect(false)
#1 C:\xampp\htdocs\lab11_ci\ci4\system\Database\BaseConnection.php(654): CodeIgniter\Database\BaseConnection->initialize()
#2 C:\xampp\htdocs\lab11_ci\ci4\system\Database\BaseBuilder.php(1649): CodeIgniter\Database\BaseConnection->query('SELECT *\nFROM `...', Array, false)
#3 C:\xampp\htdocs\lab11_ci\ci4\system\Model.php(254): CodeIgniter\Database\BaseBuilder->get()
#4 C:\xampp\htdocs\lab11_ci\ci4\system\BaseModel.php(675): CodeIgniter\Model->doFindAll(0, 0)
#5 C:\xampp\htdocs\lab11_ci\ci4\app\Controllers\Artikel.php(38): CodeIgniter\BaseModel->findAll()
#6 C:\xampp\htdocs\lab11_ci\ci4\system\CodeIgniter.php(951): App\Controllers\Artikel->admin_index()
#7 C:\xampp\htdocs\lab11_ci\ci4\system\CodeIgniter.php(497): CodeIgniter\CodeIgniter->runController(Object(App\Controllers\Artikel))
#8 C:\xampp\htdocs\lab11_ci\ci4\system\CodeIgniter.php(340): CodeIgniter\CodeIgniter->handleRequest(NULL, Object(Config\Cache), false)
#9 C:\xampp\htdocs\lab11_ci\ci4\system\Boot.php(417): CodeIgniter\CodeIgniter->run()
#10 C:\xampp\htdocs\lab11_ci\ci4\system\Boot.php(68): CodeIgniter\Boot::runCodeIgniter(Object(CodeIgniter\CodeIgniter))
#11 C:\xampp\htdocs\lab11_ci\ci4\public\index.php(59): CodeIgniter\Boot::bootWeb(Object(Config\Paths))
#12 C:\xampp\htdocs\lab11_ci\ci4\system\rewrite.php(44): require_once('C:\\xampp\\htdocs...')
#13 {main}
CRITICAL - 2026-03-08 02:16:32 --> CodeIgniter\Database\Exceptions\DatabaseException: Unable to connect to the database.
Main connection [MySQLi]: Access denied for user ''@'localhost' (using password: NO)
[Method: GET, Route: admin/artikel]
in SYSTEMPATH\Database\BaseConnection.php on line 465.
 1 SYSTEMPATH\Database\BaseConnection.php(654): CodeIgniter\Database\BaseConnection->initialize()
 2 SYSTEMPATH\Database\BaseBuilder.php(1649): CodeIgniter\Database\BaseConnection->query('SELECT *
FROM `artikel`', [], false)
 3 SYSTEMPATH\Model.php(254): CodeIgniter\Database\BaseBuilder->get()
 4 SYSTEMPATH\BaseModel.php(675): CodeIgniter\Model->doFindAll(0, 0)
 5 APPPATH\Controllers\Artikel.php(38): CodeIgniter\BaseModel->findAll()
 6 SYSTEMPATH\CodeIgniter.php(951): App\Controllers\Artikel->admin_index()
 7 SYSTEMPATH\CodeIgniter.php(497): CodeIgniter\CodeIgniter->runController(Object(App\Controllers\Artikel))
 8 SYSTEMPATH\CodeIgniter.php(340): CodeIgniter\CodeIgniter->handleRequest(null, Object(Config\Cache), false)
 9 SYSTEMPATH\Boot.php(417): CodeIgniter\CodeIgniter->run()
10 SYSTEMPATH\Boot.php(68): CodeIgniter\Boot::runCodeIgniter(Object(CodeIgniter\CodeIgniter))
11 FCPATH\index.php(59): CodeIgniter\Boot::bootWeb(Object(Config\Paths))
12 SYSTEMPATH\rewrite.php(44): require_once('C:\\xampp\\htdocs\\lab11_ci\\ci4\\public\\index.php')
ERROR - 2026-03-08 02:16:33 --> Error connecting to the database: mysqli_sql_exception: Access denied for user ''@'localhost' (using password: NO) in C:\xampp\htdocs\lab11_ci\ci4\system\Database\MySQLi\Connection.php:201
Stack trace:
#0 C:\xampp\htdocs\lab11_ci\ci4\system\Database\MySQLi\Connection.php(201): mysqli->real_connect('localhost', '', Object(SensitiveParameterValue), '', 3306, '', 0)
#1 C:\xampp\htdocs\lab11_ci\ci4\system\Database\BaseConnection.php(419): CodeIgniter\Database\MySQLi\Connection->connect(false)
#2 C:\xampp\htdocs\lab11_ci\ci4\system\Database\BaseConnection.php(654): CodeIgniter\Database\BaseConnection->initialize()
#3 C:\xampp\htdocs\lab11_ci\ci4\system\Database\BaseBuilder.php(1649): CodeIgniter\Database\BaseConnection->query('SELECT *\nFROM `...', Array, false)
#4 C:\xampp\htdocs\lab11_ci\ci4\system\Model.php(254): CodeIgniter\Database\BaseBuilder->get()
#5 C:\xampp\htdocs\lab11_ci\ci4\system\BaseModel.php(675): CodeIgniter\Model->doFindAll(0, 0)
#6 C:\xampp\htdocs\lab11_ci\ci4\app\Controllers\Artikel.php(38): CodeIgniter\BaseModel->findAll()
#7 C:\xampp\htdocs\lab11_ci\ci4\system\CodeIgniter.php(951): App\Controllers\Artikel->admin_index()
#8 C:\xampp\htdocs\lab11_ci\ci4\system\CodeIgniter.php(497): CodeIgniter\CodeIgniter->runController(Object(App\Controllers\Artikel))
#9 C:\xampp\htdocs\lab11_ci\ci4\system\CodeIgniter.php(340): CodeIgniter\CodeIgniter->handleRequest(NULL, Object(Config\Cache), false)
#10 C:\xampp\htdocs\lab11_ci\ci4\system\Boot.php(417): CodeIgniter\CodeIgniter->run()
#11 C:\xampp\htdocs\lab11_ci\ci4\system\Boot.php(68): CodeIgniter\Boot::runCodeIgniter(Object(CodeIgniter\CodeIgniter))
#12 C:\xampp\htdocs\lab11_ci\ci4\public\index.php(59): CodeIgniter\Boot::bootWeb(Object(Config\Paths))
#13 C:\xampp\htdocs\lab11_ci\ci4\system\rewrite.php(44): require_once('C:\\xampp\\htdocs...')
#14 {main}

Next CodeIgniter\Database\Exceptions\DatabaseException: Access denied for user ''@'localhost' (using password: NO) in C:\xampp\htdocs\lab11_ci\ci4\system\Database\MySQLi\Connection.php:231
Stack trace:
#0 C:\xampp\htdocs\lab11_ci\ci4\system\Database\BaseConnection.php(419): CodeIgniter\Database\MySQLi\Connection->connect(false)
#1 C:\xampp\htdocs\lab11_ci\ci4\system\Database\BaseConnection.php(654): CodeIgniter\Database\BaseConnection->initialize()
#2 C:\xampp\htdocs\lab11_ci\ci4\system\Database\BaseBuilder.php(1649): CodeIgniter\Database\BaseConnection->query('SELECT *\nFROM `...', Array, false)
#3 C:\xampp\htdocs\lab11_ci\ci4\system\Model.php(254): CodeIgniter\Database\BaseBuilder->get()
#4 C:\xampp\htdocs\lab11_ci\ci4\system\BaseModel.php(675): CodeIgniter\Model->doFindAll(0, 0)
#5 C:\xampp\htdocs\lab11_ci\ci4\app\Controllers\Artikel.php(38): CodeIgniter\BaseModel->findAll()
#6 C:\xampp\htdocs\lab11_ci\ci4\system\CodeIgniter.php(951): App\Controllers\Artikel->admin_index()
#7 C:\xampp\htdocs\lab11_ci\ci4\system\CodeIgniter.php(497): CodeIgniter\CodeIgniter->runController(Object(App\Controllers\Artikel))
#8 C:\xampp\htdocs\lab11_ci\ci4\system\CodeIgniter.php(340): CodeIgniter\CodeIgniter->handleRequest(NULL, Object(Config\Cache), false)
#9 C:\xampp\htdocs\lab11_ci\ci4\system\Boot.php(417): CodeIgniter\CodeIgniter->run()
#10 C:\xampp\htdocs\lab11_ci\ci4\system\Boot.php(68): CodeIgniter\Boot::runCodeIgniter(Object(CodeIgniter\CodeIgniter))
#11 C:\xampp\htdocs\lab11_ci\ci4\public\index.php(59): CodeIgniter\Boot::bootWeb(Object(Config\Paths))
#12 C:\xampp\htdocs\lab11_ci\ci4\system\rewrite.php(44): require_once('C:\\xampp\\htdocs...')
#13 {main}
CRITICAL - 2026-03-08 02:16:33 --> CodeIgniter\Database\Exceptions\DatabaseException: Unable to connect to the database.
Main connection [MySQLi]: Access denied for user ''@'localhost' (using password: NO)
[Method: GET, Route: admin/artikel]
in SYSTEMPATH\Database\BaseConnection.php on line 465.
 1 SYSTEMPATH\Database\BaseConnection.php(654): CodeIgniter\Database\BaseConnection->initialize()
 2 SYSTEMPATH\Database\BaseBuilder.php(1649): CodeIgniter\Database\BaseConnection->query('SELECT *
FROM `artikel`', [], false)
 3 SYSTEMPATH\Model.php(254): CodeIgniter\Database\BaseBuilder->get()
 4 SYSTEMPATH\BaseModel.php(675): CodeIgniter\Model->doFindAll(0, 0)
 5 APPPATH\Controllers\Artikel.php(38): CodeIgniter\BaseModel->findAll()
 6 SYSTEMPATH\CodeIgniter.php(951): App\Controllers\Artikel->admin_index()
 7 SYSTEMPATH\CodeIgniter.php(497): CodeIgniter\CodeIgniter->runController(Object(App\Controllers\Artikel))
 8 SYSTEMPATH\CodeIgniter.php(340): CodeIgniter\CodeIgniter->handleRequest(null, Object(Config\Cache), false)
 9 SYSTEMPATH\Boot.php(417): CodeIgniter\CodeIgniter->run()
10 SYSTEMPATH\Boot.php(68): CodeIgniter\Boot::runCodeIgniter(Object(CodeIgniter\CodeIgniter))
11 FCPATH\index.php(59): CodeIgniter\Boot::bootWeb(Object(Config\Paths))
12 SYSTEMPATH\rewrite.php(44): require_once('C:\\xampp\\htdocs\\lab11_ci\\ci4\\public\\index.php')
ERROR - 2026-03-08 02:16:33 --> Error connecting to the database: mysqli_sql_exception: Access denied for user ''@'localhost' (using password: NO) in C:\xampp\htdocs\lab11_ci\ci4\system\Database\MySQLi\Connection.php:201
Stack trace:
#0 C:\xampp\htdocs\lab11_ci\ci4\system\Database\MySQLi\Connection.php(201): mysqli->real_connect('localhost', '', Object(SensitiveParameterValue), '', 3306, '', 0)
#1 C:\xampp\htdocs\lab11_ci\ci4\system\Database\BaseConnection.php(419): CodeIgniter\Database\MySQLi\Connection->connect(false)
#2 C:\xampp\htdocs\lab11_ci\ci4\system\Database\BaseConnection.php(654): CodeIgniter\Database\BaseConnection->initialize()
#3 C:\xampp\htdocs\lab11_ci\ci4\system\Database\BaseBuilder.php(1649): CodeIgniter\Database\BaseConnection->query('SELECT *\nFROM `...', Array, false)
#4 C:\xampp\htdocs\lab11_ci\ci4\system\Model.php(254): CodeIgniter\Database\BaseBuilder->get()
#5 C:\xampp\htdocs\lab11_ci\ci4\system\BaseModel.php(675): CodeIgniter\Model->doFindAll(0, 0)
#6 C:\xampp\htdocs\lab11_ci\ci4\app\Controllers\Artikel.php(38): CodeIgniter\BaseModel->findAll()
#7 C:\xampp\htdocs\lab11_ci\ci4\system\CodeIgniter.php(951): App\Controllers\Artikel->admin_index()
#8 C:\xampp\htdocs\lab11_ci\ci4\system\CodeIgniter.php(497): CodeIgniter\CodeIgniter->runController(Object(App\Controllers\Artikel))
#9 C:\xampp\htdocs\lab11_ci\ci4\system\CodeIgniter.php(340): CodeIgniter\CodeIgniter->handleRequest(NULL, Object(Config\Cache), false)
#10 C:\xampp\htdocs\lab11_ci\ci4\system\Boot.php(417): CodeIgniter\CodeIgniter->run()
#11 C:\xampp\htdocs\lab11_ci\ci4\system\Boot.php(68): CodeIgniter\Boot::runCodeIgniter(Object(CodeIgniter\CodeIgniter))
#12 C:\xampp\htdocs\lab11_ci\ci4\public\index.php(59): CodeIgniter\Boot::bootWeb(Object(Config\Paths))
#13 C:\xampp\htdocs\lab11_ci\ci4\system\rewrite.php(44): require_once('C:\\xampp\\htdocs...')
#14 {main}

Next CodeIgniter\Database\Exceptions\DatabaseException: Access denied for user ''@'localhost' (using password: NO) in C:\xampp\htdocs\lab11_ci\ci4\system\Database\MySQLi\Connection.php:231
Stack trace:
#0 C:\xampp\htdocs\lab11_ci\ci4\system\Database\BaseConnection.php(419): CodeIgniter\Database\MySQLi\Connection->connect(false)
#1 C:\xampp\htdocs\lab11_ci\ci4\system\Database\BaseConnection.php(654): CodeIgniter\Database\BaseConnection->initialize()
#2 C:\xampp\htdocs\lab11_ci\ci4\system\Database\BaseBuilder.php(1649): CodeIgniter\Database\BaseConnection->query('SELECT *\nFROM `...', Array, false)
#3 C:\xampp\htdocs\lab11_ci\ci4\system\Model.php(254): CodeIgniter\Database\BaseBuilder->get()
#4 C:\xampp\htdocs\lab11_ci\ci4\system\BaseModel.php(675): CodeIgniter\Model->doFindAll(0, 0)
#5 C:\xampp\htdocs\lab11_ci\ci4\app\Controllers\Artikel.php(38): CodeIgniter\BaseModel->findAll()
#6 C:\xampp\htdocs\lab11_ci\ci4\system\CodeIgniter.php(951): App\Controllers\Artikel->admin_index()
#7 C:\xampp\htdocs\lab11_ci\ci4\system\CodeIgniter.php(497): CodeIgniter\CodeIgniter->runController(Object(App\Controllers\Artikel))
#8 C:\xampp\htdocs\lab11_ci\ci4\system\CodeIgniter.php(340): CodeIgniter\CodeIgniter->handleRequest(NULL, Object(Config\Cache), false)
#9 C:\xampp\htdocs\lab11_ci\ci4\system\Boot.php(417): CodeIgniter\CodeIgniter->run()
#10 C:\xampp\htdocs\lab11_ci\ci4\system\Boot.php(68): CodeIgniter\Boot::runCodeIgniter(Object(CodeIgniter\CodeIgniter))
#11 C:\xampp\htdocs\lab11_ci\ci4\public\index.php(59): CodeIgniter\Boot::bootWeb(Object(Config\Paths))
#12 C:\xampp\htdocs\lab11_ci\ci4\system\rewrite.php(44): require_once('C:\\xampp\\htdocs...')
#13 {main}
CRITICAL - 2026-03-08 02:16:33 --> CodeIgniter\Database\Exceptions\DatabaseException: Unable to connect to the database.
Main connection [MySQLi]: Access denied for user ''@'localhost' (using password: NO)
[Method: GET, Route: admin/artikel]
in SYSTEMPATH\Database\BaseConnection.php on line 465.
 1 SYSTEMPATH\Database\BaseConnection.php(654): CodeIgniter\Database\BaseConnection->initialize()
 2 SYSTEMPATH\Database\BaseBuilder.php(1649): CodeIgniter\Database\BaseConnection->query('SELECT *
FROM `artikel`', [], false)
 3 SYSTEMPATH\Model.php(254): CodeIgniter\Database\BaseBuilder->get()
 4 SYSTEMPATH\BaseModel.php(675): CodeIgniter\Model->doFindAll(0, 0)
 5 APPPATH\Controllers\Artikel.php(38): CodeIgniter\BaseModel->findAll()
 6 SYSTEMPATH\CodeIgniter.php(951): App\Controllers\Artikel->admin_index()
 7 SYSTEMPATH\CodeIgniter.php(497): CodeIgniter\CodeIgniter->runController(Object(App\Controllers\Artikel))
 8 SYSTEMPATH\CodeIgniter.php(340): CodeIgniter\CodeIgniter->handleRequest(null, Object(Config\Cache), false)
 9 SYSTEMPATH\Boot.php(417): CodeIgniter\CodeIgniter->run()
10 SYSTEMPATH\Boot.php(68): CodeIgniter\Boot::runCodeIgniter(Object(CodeIgniter\CodeIgniter))
11 FCPATH\index.php(59): CodeIgniter\Boot::bootWeb(Object(Config\Paths))
12 SYSTEMPATH\rewrite.php(44): require_once('C:\\xampp\\htdocs\\lab11_ci\\ci4\\public\\index.php')
ERROR - 2026-03-08 02:16:33 --> Error connecting to the database: mysqli_sql_exception: Access denied for user ''@'localhost' (using password: NO) in C:\xampp\htdocs\lab11_ci\ci4\system\Database\MySQLi\Connection.php:201
Stack trace:
#0 C:\xampp\htdocs\lab11_ci\ci4\system\Database\MySQLi\Connection.php(201): mysqli->real_connect('localhost', '', Object(SensitiveParameterValue), '', 3306, '', 0)
#1 C:\xampp\htdocs\lab11_ci\ci4\system\Database\BaseConnection.php(419): CodeIgniter\Database\MySQLi\Connection->connect(false)
#2 C:\xampp\htdocs\lab11_ci\ci4\system\Database\BaseConnection.php(654): CodeIgniter\Database\BaseConnection->initialize()
#3 C:\xampp\htdocs\lab11_ci\ci4\system\Database\BaseBuilder.php(1649): CodeIgniter\Database\BaseConnection->query('SELECT *\nFROM `...', Array, false)
#4 C:\xampp\htdocs\lab11_ci\ci4\system\Model.php(254): CodeIgniter\Database\BaseBuilder->get()
#5 C:\xampp\htdocs\lab11_ci\ci4\system\BaseModel.php(675): CodeIgniter\Model->doFindAll(0, 0)
#6 C:\xampp\htdocs\lab11_ci\ci4\app\Controllers\Artikel.php(38): CodeIgniter\BaseModel->findAll()
#7 C:\xampp\htdocs\lab11_ci\ci4\system\CodeIgniter.php(951): App\Controllers\Artikel->admin_index()
#8 C:\xampp\htdocs\lab11_ci\ci4\system\CodeIgniter.php(497): CodeIgniter\CodeIgniter->runController(Object(App\Controllers\Artikel))
#9 C:\xampp\htdocs\lab11_ci\ci4\system\CodeIgniter.php(340): CodeIgniter\CodeIgniter->handleRequest(NULL, Object(Config\Cache), false)
#10 C:\xampp\htdocs\lab11_ci\ci4\system\Boot.php(417): CodeIgniter\CodeIgniter->run()
#11 C:\xampp\htdocs\lab11_ci\ci4\system\Boot.php(68): CodeIgniter\Boot::runCodeIgniter(Object(CodeIgniter\CodeIgniter))
#12 C:\xampp\htdocs\lab11_ci\ci4\public\index.php(59): CodeIgniter\Boot::bootWeb(Object(Config\Paths))
#13 C:\xampp\htdocs\lab11_ci\ci4\system\rewrite.php(44): require_once('C:\\xampp\\htdocs...')
#14 {main}

Next CodeIgniter\Database\Exceptions\DatabaseException: Access denied for user ''@'localhost' (using password: NO) in C:\xampp\htdocs\lab11_ci\ci4\system\Database\MySQLi\Connection.php:231
Stack trace:
#0 C:\xampp\htdocs\lab11_ci\ci4\system\Database\BaseConnection.php(419): CodeIgniter\Database\MySQLi\Connection->connect(false)
#1 C:\xampp\htdocs\lab11_ci\ci4\system\Database\BaseConnection.php(654): CodeIgniter\Database\BaseConnection->initialize()
#2 C:\xampp\htdocs\lab11_ci\ci4\system\Database\BaseBuilder.php(1649): CodeIgniter\Database\BaseConnection->query('SELECT *\nFROM `...', Array, false)
#3 C:\xampp\htdocs\lab11_ci\ci4\system\Model.php(254): CodeIgniter\Database\BaseBuilder->get()
#4 C:\xampp\htdocs\lab11_ci\ci4\system\BaseModel.php(675): CodeIgniter\Model->doFindAll(0, 0)
#5 C:\xampp\htdocs\lab11_ci\ci4\app\Controllers\Artikel.php(38): CodeIgniter\BaseModel->findAll()
#6 C:\xampp\htdocs\lab11_ci\ci4\system\CodeIgniter.php(951): App\Controllers\Artikel->admin_index()
#7 C:\xampp\htdocs\lab11_ci\ci4\system\CodeIgniter.php(497): CodeIgniter\CodeIgniter->runController(Object(App\Controllers\Artikel))
#8 C:\xampp\htdocs\lab11_ci\ci4\system\CodeIgniter.php(340): CodeIgniter\CodeIgniter->handleRequest(NULL, Object(Config\Cache), false)
#9 C:\xampp\htdocs\lab11_ci\ci4\system\Boot.php(417): CodeIgniter\CodeIgniter->run()
#10 C:\xampp\htdocs\lab11_ci\ci4\system\Boot.php(68): CodeIgniter\Boot::runCodeIgniter(Object(CodeIgniter\CodeIgniter))
#11 C:\xampp\htdocs\lab11_ci\ci4\public\index.php(59): CodeIgniter\Boot::bootWeb(Object(Config\Paths))
#12 C:\xampp\htdocs\lab11_ci\ci4\system\rewrite.php(44): require_once('C:\\xampp\\htdocs...')
#13 {main}
CRITICAL - 2026-03-08 02:16:33 --> CodeIgniter\Database\Exceptions\DatabaseException: Unable to connect to the database.
Main connection [MySQLi]: Access denied for user ''@'localhost' (using password: NO)
[Method: GET, Route: admin/artikel]
in SYSTEMPATH\Database\BaseConnection.php on line 465.
 1 SYSTEMPATH\Database\BaseConnection.php(654): CodeIgniter\Database\BaseConnection->initialize()
 2 SYSTEMPATH\Database\BaseBuilder.php(1649): CodeIgniter\Database\BaseConnection->query('SELECT *
FROM `artikel`', [], false)
 3 SYSTEMPATH\Model.php(254): CodeIgniter\Database\BaseBuilder->get()
 4 SYSTEMPATH\BaseModel.php(675): CodeIgniter\Model->doFindAll(0, 0)
 5 APPPATH\Controllers\Artikel.php(38): CodeIgniter\BaseModel->findAll()
 6 SYSTEMPATH\CodeIgniter.php(951): App\Controllers\Artikel->admin_index()
 7 SYSTEMPATH\CodeIgniter.php(497): CodeIgniter\CodeIgniter->runController(Object(App\Controllers\Artikel))
 8 SYSTEMPATH\CodeIgniter.php(340): CodeIgniter\CodeIgniter->handleRequest(null, Object(Config\Cache), false)
 9 SYSTEMPATH\Boot.php(417): CodeIgniter\CodeIgniter->run()
10 SYSTEMPATH\Boot.php(68): CodeIgniter\Boot::runCodeIgniter(Object(CodeIgniter\CodeIgniter))
11 FCPATH\index.php(59): CodeIgniter\Boot::bootWeb(Object(Config\Paths))
12 SYSTEMPATH\rewrite.php(44): require_once('C:\\xampp\\htdocs\\lab11_ci\\ci4\\public\\index.php')
ERROR - 2026-03-08 02:16:33 --> Error connecting to the database: mysqli_sql_exception: Access denied for user ''@'localhost' (using password: NO) in C:\xampp\htdocs\lab11_ci\ci4\system\Database\MySQLi\Connection.php:201
Stack trace:
#0 C:\xampp\htdocs\lab11_ci\ci4\system\Database\MySQLi\Connection.php(201): mysqli->real_connect('localhost', '', Object(SensitiveParameterValue), '', 3306, '', 0)
#1 C:\xampp\htdocs\lab11_ci\ci4\system\Database\BaseConnection.php(419): CodeIgniter\Database\MySQLi\Connection->connect(false)
#2 C:\xampp\htdocs\lab11_ci\ci4\system\Database\BaseConnection.php(654): CodeIgniter\Database\BaseConnection->initialize()
#3 C:\xampp\htdocs\lab11_ci\ci4\system\Database\BaseBuilder.php(1649): CodeIgniter\Database\BaseConnection->query('SELECT *\nFROM `...', Array, false)
#4 C:\xampp\htdocs\lab11_ci\ci4\system\Model.php(254): CodeIgniter\Database\BaseBuilder->get()
#5 C:\xampp\htdocs\lab11_ci\ci4\system\BaseModel.php(675): CodeIgniter\Model->doFindAll(0, 0)
#6 C:\xampp\htdocs\lab11_ci\ci4\app\Controllers\Artikel.php(38): CodeIgniter\BaseModel->findAll()
#7 C:\xampp\htdocs\lab11_ci\ci4\system\CodeIgniter.php(951): App\Controllers\Artikel->admin_index()
#8 C:\xampp\htdocs\lab11_ci\ci4\system\CodeIgniter.php(497): CodeIgniter\CodeIgniter->runController(Object(App\Controllers\Artikel))
#9 C:\xampp\htdocs\lab11_ci\ci4\system\CodeIgniter.php(340): CodeIgniter\CodeIgniter->handleRequest(NULL, Object(Config\Cache), false)
#10 C:\xampp\htdocs\lab11_ci\ci4\system\Boot.php(417): CodeIgniter\CodeIgniter->run()
#11 C:\xampp\htdocs\lab11_ci\ci4\system\Boot.php(68): CodeIgniter\Boot::runCodeIgniter(Object(CodeIgniter\CodeIgniter))
#12 C:\xampp\htdocs\lab11_ci\ci4\public\index.php(59): CodeIgniter\Boot::bootWeb(Object(Config\Paths))
#13 C:\xampp\htdocs\lab11_ci\ci4\system\rewrite.php(44): require_once('C:\\xampp\\htdocs...')
#14 {main}

Next CodeIgniter\Database\Exceptions\DatabaseException: Access denied for user ''@'localhost' (using password: NO) in C:\xampp\htdocs\lab11_ci\ci4\system\Database\MySQLi\Connection.php:231
Stack trace:
#0 C:\xampp\htdocs\lab11_ci\ci4\system\Database\BaseConnection.php(419): CodeIgniter\Database\MySQLi\Connection->connect(false)
#1 C:\xampp\htdocs\lab11_ci\ci4\system\Database\BaseConnection.php(654): CodeIgniter\Database\BaseConnection->initialize()
#2 C:\xampp\htdocs\lab11_ci\ci4\system\Database\BaseBuilder.php(1649): CodeIgniter\Database\BaseConnection->query('SELECT *\nFROM `...', Array, false)
#3 C:\xampp\htdocs\lab11_ci\ci4\system\Model.php(254): CodeIgniter\Database\BaseBuilder->get()
#4 C:\xampp\htdocs\lab11_ci\ci4\system\BaseModel.php(675): CodeIgniter\Model->doFindAll(0, 0)
#5 C:\xampp\htdocs\lab11_ci\ci4\app\Controllers\Artikel.php(38): CodeIgniter\BaseModel->findAll()
#6 C:\xampp\htdocs\lab11_ci\ci4\system\CodeIgniter.php(951): App\Controllers\Artikel->admin_index()
#7 C:\xampp\htdocs\lab11_ci\ci4\system\CodeIgniter.php(497): CodeIgniter\CodeIgniter->runController(Object(App\Controllers\Artikel))
#8 C:\xampp\htdocs\lab11_ci\ci4\system\CodeIgniter.php(340): CodeIgniter\CodeIgniter->handleRequest(NULL, Object(Config\Cache), false)
#9 C:\xampp\htdocs\lab11_ci\ci4\system\Boot.php(417): CodeIgniter\CodeIgniter->run()
#10 C:\xampp\htdocs\lab11_ci\ci4\system\Boot.php(68): CodeIgniter\Boot::runCodeIgniter(Object(CodeIgniter\CodeIgniter))
#11 C:\xampp\htdocs\lab11_ci\ci4\public\index.php(59): CodeIgniter\Boot::bootWeb(Object(Config\Paths))
#12 C:\xampp\htdocs\lab11_ci\ci4\system\rewrite.php(44): require_once('C:\\xampp\\htdocs...')
#13 {main}
CRITICAL - 2026-03-08 02:16:33 --> CodeIgniter\Database\Exceptions\DatabaseException: Unable to connect to the database.
Main connection [MySQLi]: Access denied for user ''@'localhost' (using password: NO)
[Method: GET, Route: admin/artikel]
in SYSTEMPATH\Database\BaseConnection.php on line 465.
 1 SYSTEMPATH\Database\BaseConnection.php(654): CodeIgniter\Database\BaseConnection->initialize()
 2 SYSTEMPATH\Database\BaseBuilder.php(1649): CodeIgniter\Database\BaseConnection->query('SELECT *
FROM `artikel`', [], false)
 3 SYSTEMPATH\Model.php(254): CodeIgniter\Database\BaseBuilder->get()
 4 SYSTEMPATH\BaseModel.php(675): CodeIgniter\Model->doFindAll(0, 0)
 5 APPPATH\Controllers\Artikel.php(38): CodeIgniter\BaseModel->findAll()
 6 SYSTEMPATH\CodeIgniter.php(951): App\Controllers\Artikel->admin_index()
 7 SYSTEMPATH\CodeIgniter.php(497): CodeIgniter\CodeIgniter->runController(Object(App\Controllers\Artikel))
 8 SYSTEMPATH\CodeIgniter.php(340): CodeIgniter\CodeIgniter->handleRequest(null, Object(Config\Cache), false)
 9 SYSTEMPATH\Boot.php(417): CodeIgniter\CodeIgniter->run()
10 SYSTEMPATH\Boot.php(68): CodeIgniter\Boot::runCodeIgniter(Object(CodeIgniter\CodeIgniter))
11 FCPATH\index.php(59): CodeIgniter\Boot::bootWeb(Object(Config\Paths))
12 SYSTEMPATH\rewrite.php(44): require_once('C:\\xampp\\htdocs\\lab11_ci\\ci4\\public\\index.php')
ERROR - 2026-03-08 02:16:33 --> Error connecting to the database: mysqli_sql_exception: Access denied for user ''@'localhost' (using password: NO) in C:\xampp\htdocs\lab11_ci\ci4\system\Database\MySQLi\Connection.php:201
Stack trace:
#0 C:\xampp\htdocs\lab11_ci\ci4\system\Database\MySQLi\Connection.php(201): mysqli->real_connect('localhost', '', Object(SensitiveParameterValue), '', 3306, '', 0)
#1 C:\xampp\htdocs\lab11_ci\ci4\system\Database\BaseConnection.php(419): CodeIgniter\Database\MySQLi\Connection->connect(false)
#2 C:\xampp\htdocs\lab11_ci\ci4\system\Database\BaseConnection.php(654): CodeIgniter\Database\BaseConnection->initialize()
#3 C:\xampp\htdocs\lab11_ci\ci4\system\Database\BaseBuilder.php(1649): CodeIgniter\Database\BaseConnection->query('SELECT *\nFROM `...', Array, false)
#4 C:\xampp\htdocs\lab11_ci\ci4\system\Model.php(254): CodeIgniter\Database\BaseBuilder->get()
#5 C:\xampp\htdocs\lab11_ci\ci4\system\BaseModel.php(675): CodeIgniter\Model->doFindAll(0, 0)
#6 C:\xampp\htdocs\lab11_ci\ci4\app\Controllers\Artikel.php(38): CodeIgniter\BaseModel->findAll()
#7 C:\xampp\htdocs\lab11_ci\ci4\system\CodeIgniter.php(951): App\Controllers\Artikel->admin_index()
#8 C:\xampp\htdocs\lab11_ci\ci4\system\CodeIgniter.php(497): CodeIgniter\CodeIgniter->runController(Object(App\Controllers\Artikel))
#9 C:\xampp\htdocs\lab11_ci\ci4\system\CodeIgniter.php(340): CodeIgniter\CodeIgniter->handleRequest(NULL, Object(Config\Cache), false)
#10 C:\xampp\htdocs\lab11_ci\ci4\system\Boot.php(417): CodeIgniter\CodeIgniter->run()
#11 C:\xampp\htdocs\lab11_ci\ci4\system\Boot.php(68): CodeIgniter\Boot::runCodeIgniter(Object(CodeIgniter\CodeIgniter))
#12 C:\xampp\htdocs\lab11_ci\ci4\public\index.php(59): CodeIgniter\Boot::bootWeb(Object(Config\Paths))
#13 C:\xampp\htdocs\lab11_ci\ci4\system\rewrite.php(44): require_once('C:\\xampp\\htdocs...')
#14 {main}

Next CodeIgniter\Database\Exceptions\DatabaseException: Access denied for user ''@'localhost' (using password: NO) in C:\xampp\htdocs\lab11_ci\ci4\system\Database\MySQLi\Connection.php:231
Stack trace:
#0 C:\xampp\htdocs\lab11_ci\ci4\system\Database\BaseConnection.php(419): CodeIgniter\Database\MySQLi\Connection->connect(false)
#1 C:\xampp\htdocs\lab11_ci\ci4\system\Database\BaseConnection.php(654): CodeIgniter\Database\BaseConnection->initialize()
#2 C:\xampp\htdocs\lab11_ci\ci4\system\Database\BaseBuilder.php(1649): CodeIgniter\Database\BaseConnection->query('SELECT *\nFROM `...', Array, false)
#3 C:\xampp\htdocs\lab11_ci\ci4\system\Model.php(254): CodeIgniter\Database\BaseBuilder->get()
#4 C:\xampp\htdocs\lab11_ci\ci4\system\BaseModel.php(675): CodeIgniter\Model->doFindAll(0, 0)
#5 C:\xampp\htdocs\lab11_ci\ci4\app\Controllers\Artikel.php(38): CodeIgniter\BaseModel->findAll()
#6 C:\xampp\htdocs\lab11_ci\ci4\system\CodeIgniter.php(951): App\Controllers\Artikel->admin_index()
#7 C:\xampp\htdocs\lab11_ci\ci4\system\CodeIgniter.php(497): CodeIgniter\CodeIgniter->runController(Object(App\Controllers\Artikel))
#8 C:\xampp\htdocs\lab11_ci\ci4\system\CodeIgniter.php(340): CodeIgniter\CodeIgniter->handleRequest(NULL, Object(Config\Cache), false)
#9 C:\xampp\htdocs\lab11_ci\ci4\system\Boot.php(417): CodeIgniter\CodeIgniter->run()
#10 C:\xampp\htdocs\lab11_ci\ci4\system\Boot.php(68): CodeIgniter\Boot::runCodeIgniter(Object(CodeIgniter\CodeIgniter))
#11 C:\xampp\htdocs\lab11_ci\ci4\public\index.php(59): CodeIgniter\Boot::bootWeb(Object(Config\Paths))
#12 C:\xampp\htdocs\lab11_ci\ci4\system\rewrite.php(44): require_once('C:\\xampp\\htdocs...')
#13 {main}
CRITICAL - 2026-03-08 02:16:33 --> CodeIgniter\Database\Exceptions\DatabaseException: Unable to connect to the database.
Main connection [MySQLi]: Access denied for user ''@'localhost' (using password: NO)
[Method: GET, Route: admin/artikel]
in SYSTEMPATH\Database\BaseConnection.php on line 465.
 1 SYSTEMPATH\Database\BaseConnection.php(654): CodeIgniter\Database\BaseConnection->initialize()
 2 SYSTEMPATH\Database\BaseBuilder.php(1649): CodeIgniter\Database\BaseConnection->query('SELECT *
FROM `artikel`', [], false)
 3 SYSTEMPATH\Model.php(254): CodeIgniter\Database\BaseBuilder->get()
 4 SYSTEMPATH\BaseModel.php(675): CodeIgniter\Model->doFindAll(0, 0)
 5 APPPATH\Controllers\Artikel.php(38): CodeIgniter\BaseModel->findAll()
 6 SYSTEMPATH\CodeIgniter.php(951): App\Controllers\Artikel->admin_index()
 7 SYSTEMPATH\CodeIgniter.php(497): CodeIgniter\CodeIgniter->runController(Object(App\Controllers\Artikel))
 8 SYSTEMPATH\CodeIgniter.php(340): CodeIgniter\CodeIgniter->handleRequest(null, Object(Config\Cache), false)
 9 SYSTEMPATH\Boot.php(417): CodeIgniter\CodeIgniter->run()
10 SYSTEMPATH\Boot.php(68): CodeIgniter\Boot::runCodeIgniter(Object(CodeIgniter\CodeIgniter))
11 FCPATH\index.php(59): CodeIgniter\Boot::bootWeb(Object(Config\Paths))
12 SYSTEMPATH\rewrite.php(44): require_once('C:\\xampp\\htdocs\\lab11_ci\\ci4\\public\\index.php')
ERROR - 2026-03-08 02:16:33 --> Error connecting to the database: mysqli_sql_exception: Access denied for user ''@'localhost' (using password: NO) in C:\xampp\htdocs\lab11_ci\ci4\system\Database\MySQLi\Connection.php:201
Stack trace:
#0 C:\xampp\htdocs\lab11_ci\ci4\system\Database\MySQLi\Connection.php(201): mysqli->real_connect('localhost', '', Object(SensitiveParameterValue), '', 3306, '', 0)
#1 C:\xampp\htdocs\lab11_ci\ci4\system\Database\BaseConnection.php(419): CodeIgniter\Database\MySQLi\Connection->connect(false)
#2 C:\xampp\htdocs\lab11_ci\ci4\system\Database\BaseConnection.php(654): CodeIgniter\Database\BaseConnection->initialize()
#3 C:\xampp\htdocs\lab11_ci\ci4\system\Database\BaseBuilder.php(1649): CodeIgniter\Database\BaseConnection->query('SELECT *\nFROM `...', Array, false)
#4 C:\xampp\htdocs\lab11_ci\ci4\system\Model.php(254): CodeIgniter\Database\BaseBuilder->get()
#5 C:\xampp\htdocs\lab11_ci\ci4\system\BaseModel.php(675): CodeIgniter\Model->doFindAll(0, 0)
#6 C:\xampp\htdocs\lab11_ci\ci4\app\Controllers\Artikel.php(38): CodeIgniter\BaseModel->findAll()
#7 C:\xampp\htdocs\lab11_ci\ci4\system\CodeIgniter.php(951): App\Controllers\Artikel->admin_index()
#8 C:\xampp\htdocs\lab11_ci\ci4\system\CodeIgniter.php(497): CodeIgniter\CodeIgniter->runController(Object(App\Controllers\Artikel))
#9 C:\xampp\htdocs\lab11_ci\ci4\system\CodeIgniter.php(340): CodeIgniter\CodeIgniter->handleRequest(NULL, Object(Config\Cache), false)
#10 C:\xampp\htdocs\lab11_ci\ci4\system\Boot.php(417): CodeIgniter\CodeIgniter->run()
#11 C:\xampp\htdocs\lab11_ci\ci4\system\Boot.php(68): CodeIgniter\Boot::runCodeIgniter(Object(CodeIgniter\CodeIgniter))
#12 C:\xampp\htdocs\lab11_ci\ci4\public\index.php(59): CodeIgniter\Boot::bootWeb(Object(Config\Paths))
#13 C:\xampp\htdocs\lab11_ci\ci4\system\rewrite.php(44): require_once('C:\\xampp\\htdocs...')
#14 {main}

Next CodeIgniter\Database\Exceptions\DatabaseException: Access denied for user ''@'localhost' (using password: NO) in C:\xampp\htdocs\lab11_ci\ci4\system\Database\MySQLi\Connection.php:231
Stack trace:
#0 C:\xampp\htdocs\lab11_ci\ci4\system\Database\BaseConnection.php(419): CodeIgniter\Database\MySQLi\Connection->connect(false)
#1 C:\xampp\htdocs\lab11_ci\ci4\system\Database\BaseConnection.php(654): CodeIgniter\Database\BaseConnection->initialize()
#2 C:\xampp\htdocs\lab11_ci\ci4\system\Database\BaseBuilder.php(1649): CodeIgniter\Database\BaseConnection->query('SELECT *\nFROM `...', Array, false)
#3 C:\xampp\htdocs\lab11_ci\ci4\system\Model.php(254): CodeIgniter\Database\BaseBuilder->get()
#4 C:\xampp\htdocs\lab11_ci\ci4\system\BaseModel.php(675): CodeIgniter\Model->doFindAll(0, 0)
#5 C:\xampp\htdocs\lab11_ci\ci4\app\Controllers\Artikel.php(38): CodeIgniter\BaseModel->findAll()
#6 C:\xampp\htdocs\lab11_ci\ci4\system\CodeIgniter.php(951): App\Controllers\Artikel->admin_index()
#7 C:\xampp\htdocs\lab11_ci\ci4\system\CodeIgniter.php(497): CodeIgniter\CodeIgniter->runController(Object(App\Controllers\Artikel))
#8 C:\xampp\htdocs\lab11_ci\ci4\system\CodeIgniter.php(340): CodeIgniter\CodeIgniter->handleRequest(NULL, Object(Config\Cache), false)
#9 C:\xampp\htdocs\lab11_ci\ci4\system\Boot.php(417): CodeIgniter\CodeIgniter->run()
#10 C:\xampp\htdocs\lab11_ci\ci4\system\Boot.php(68): CodeIgniter\Boot::runCodeIgniter(Object(CodeIgniter\CodeIgniter))
#11 C:\xampp\htdocs\lab11_ci\ci4\public\index.php(59): CodeIgniter\Boot::bootWeb(Object(Config\Paths))
#12 C:\xampp\htdocs\lab11_ci\ci4\system\rewrite.php(44): require_once('C:\\xampp\\htdocs...')
#13 {main}
CRITICAL - 2026-03-08 02:16:33 --> CodeIgniter\Database\Exceptions\DatabaseException: Unable to connect to the database.
Main connection [MySQLi]: Access denied for user ''@'localhost' (using password: NO)
[Method: GET, Route: admin/artikel]
in SYSTEMPATH\Database\BaseConnection.php on line 465.
 1 SYSTEMPATH\Database\BaseConnection.php(654): CodeIgniter\Database\BaseConnection->initialize()
 2 SYSTEMPATH\Database\BaseBuilder.php(1649): CodeIgniter\Database\BaseConnection->query('SELECT *
FROM `artikel`', [], false)
 3 SYSTEMPATH\Model.php(254): CodeIgniter\Database\BaseBuilder->get()
 4 SYSTEMPATH\BaseModel.php(675): CodeIgniter\Model->doFindAll(0, 0)
 5 APPPATH\Controllers\Artikel.php(38): CodeIgniter\BaseModel->findAll()
 6 SYSTEMPATH\CodeIgniter.php(951): App\Controllers\Artikel->admin_index()
 7 SYSTEMPATH\CodeIgniter.php(497): CodeIgniter\CodeIgniter->runController(Object(App\Controllers\Artikel))
 8 SYSTEMPATH\CodeIgniter.php(340): CodeIgniter\CodeIgniter->handleRequest(null, Object(Config\Cache), false)
 9 SYSTEMPATH\Boot.php(417): CodeIgniter\CodeIgniter->run()
10 SYSTEMPATH\Boot.php(68): CodeIgniter\Boot::runCodeIgniter(Object(CodeIgniter\CodeIgniter))
11 FCPATH\index.php(59): CodeIgniter\Boot::bootWeb(Object(Config\Paths))
12 SYSTEMPATH\rewrite.php(44): require_once('C:\\xampp\\htdocs\\lab11_ci\\ci4\\public\\index.php')
ERROR - 2026-03-08 02:16:34 --> Error connecting to the database: mysqli_sql_exception: Access denied for user ''@'localhost' (using password: NO) in C:\xampp\htdocs\lab11_ci\ci4\system\Database\MySQLi\Connection.php:201
Stack trace:
#0 C:\xampp\htdocs\lab11_ci\ci4\system\Database\MySQLi\Connection.php(201): mysqli->real_connect('localhost', '', Object(SensitiveParameterValue), '', 3306, '', 0)
#1 C:\xampp\htdocs\lab11_ci\ci4\system\Database\BaseConnection.php(419): CodeIgniter\Database\MySQLi\Connection->connect(false)
#2 C:\xampp\htdocs\lab11_ci\ci4\system\Database\BaseConnection.php(654): CodeIgniter\Database\BaseConnection->initialize()
#3 C:\xampp\htdocs\lab11_ci\ci4\system\Database\BaseBuilder.php(1649): CodeIgniter\Database\BaseConnection->query('SELECT *\nFROM `...', Array, false)
#4 C:\xampp\htdocs\lab11_ci\ci4\system\Model.php(254): CodeIgniter\Database\BaseBuilder->get()
#5 C:\xampp\htdocs\lab11_ci\ci4\system\BaseModel.php(675): CodeIgniter\Model->doFindAll(0, 0)
#6 C:\xampp\htdocs\lab11_ci\ci4\app\Controllers\Artikel.php(38): CodeIgniter\BaseModel->findAll()
#7 C:\xampp\htdocs\lab11_ci\ci4\system\CodeIgniter.php(951): App\Controllers\Artikel->admin_index()
#8 C:\xampp\htdocs\lab11_ci\ci4\system\CodeIgniter.php(497): CodeIgniter\CodeIgniter->runController(Object(App\Controllers\Artikel))
#9 C:\xampp\htdocs\lab11_ci\ci4\system\CodeIgniter.php(340): CodeIgniter\CodeIgniter->handleRequest(NULL, Object(Config\Cache), false)
#10 C:\xampp\htdocs\lab11_ci\ci4\system\Boot.php(417): CodeIgniter\CodeIgniter->run()
#11 C:\xampp\htdocs\lab11_ci\ci4\system\Boot.php(68): CodeIgniter\Boot::runCodeIgniter(Object(CodeIgniter\CodeIgniter))
#12 C:\xampp\htdocs\lab11_ci\ci4\public\index.php(59): CodeIgniter\Boot::bootWeb(Object(Config\Paths))
#13 C:\xampp\htdocs\lab11_ci\ci4\system\rewrite.php(44): require_once('C:\\xampp\\htdocs...')
#14 {main}

Next CodeIgniter\Database\Exceptions\DatabaseException: Access denied for user ''@'localhost' (using password: NO) in C:\xampp\htdocs\lab11_ci\ci4\system\Database\MySQLi\Connection.php:231
Stack trace:
#0 C:\xampp\htdocs\lab11_ci\ci4\system\Database\BaseConnection.php(419): CodeIgniter\Database\MySQLi\Connection->connect(false)
#1 C:\xampp\htdocs\lab11_ci\ci4\system\Database\BaseConnection.php(654): CodeIgniter\Database\BaseConnection->initialize()
#2 C:\xampp\htdocs\lab11_ci\ci4\system\Database\BaseBuilder.php(1649): CodeIgniter\Database\BaseConnection->query('SELECT *\nFROM `...', Array, false)
#3 C:\xampp\htdocs\lab11_ci\ci4\system\Model.php(254): CodeIgniter\Database\BaseBuilder->get()
#4 C:\xampp\htdocs\lab11_ci\ci4\system\BaseModel.php(675): CodeIgniter\Model->doFindAll(0, 0)
#5 C:\xampp\htdocs\lab11_ci\ci4\app\Controllers\Artikel.php(38): CodeIgniter\BaseModel->findAll()
#6 C:\xampp\htdocs\lab11_ci\ci4\system\CodeIgniter.php(951): App\Controllers\Artikel->admin_index()
#7 C:\xampp\htdocs\lab11_ci\ci4\system\CodeIgniter.php(497): CodeIgniter\CodeIgniter->runController(Object(App\Controllers\Artikel))
#8 C:\xampp\htdocs\lab11_ci\ci4\system\CodeIgniter.php(340): CodeIgniter\CodeIgniter->handleRequest(NULL, Object(Config\Cache), false)
#9 C:\xampp\htdocs\lab11_ci\ci4\system\Boot.php(417): CodeIgniter\CodeIgniter->run()
#10 C:\xampp\htdocs\lab11_ci\ci4\system\Boot.php(68): CodeIgniter\Boot::runCodeIgniter(Object(CodeIgniter\CodeIgniter))
#11 C:\xampp\htdocs\lab11_ci\ci4\public\index.php(59): CodeIgniter\Boot::bootWeb(Object(Config\Paths))
#12 C:\xampp\htdocs\lab11_ci\ci4\system\rewrite.php(44): require_once('C:\\xampp\\htdocs...')
#13 {main}
CRITICAL - 2026-03-08 02:16:34 --> CodeIgniter\Database\Exceptions\DatabaseException: Unable to connect to the database.
Main connection [MySQLi]: Access denied for user ''@'localhost' (using password: NO)
[Method: GET, Route: admin/artikel]
in SYSTEMPATH\Database\BaseConnection.php on line 465.
 1 SYSTEMPATH\Database\BaseConnection.php(654): CodeIgniter\Database\BaseConnection->initialize()
 2 SYSTEMPATH\Database\BaseBuilder.php(1649): CodeIgniter\Database\BaseConnection->query('SELECT *
FROM `artikel`', [], false)
 3 SYSTEMPATH\Model.php(254): CodeIgniter\Database\BaseBuilder->get()
 4 SYSTEMPATH\BaseModel.php(675): CodeIgniter\Model->doFindAll(0, 0)
 5 APPPATH\Controllers\Artikel.php(38): CodeIgniter\BaseModel->findAll()
 6 SYSTEMPATH\CodeIgniter.php(951): App\Controllers\Artikel->admin_index()
 7 SYSTEMPATH\CodeIgniter.php(497): CodeIgniter\CodeIgniter->runController(Object(App\Controllers\Artikel))
 8 SYSTEMPATH\CodeIgniter.php(340): CodeIgniter\CodeIgniter->handleRequest(null, Object(Config\Cache), false)
 9 SYSTEMPATH\Boot.php(417): CodeIgniter\CodeIgniter->run()
10 SYSTEMPATH\Boot.php(68): CodeIgniter\Boot::runCodeIgniter(Object(CodeIgniter\CodeIgniter))
11 FCPATH\index.php(59): CodeIgniter\Boot::bootWeb(Object(Config\Paths))
12 SYSTEMPATH\rewrite.php(44): require_once('C:\\xampp\\htdocs\\lab11_ci\\ci4\\public\\index.php')
ERROR - 2026-03-08 02:16:34 --> Error connecting to the database: mysqli_sql_exception: Access denied for user ''@'localhost' (using password: NO) in C:\xampp\htdocs\lab11_ci\ci4\system\Database\MySQLi\Connection.php:201
Stack trace:
#0 C:\xampp\htdocs\lab11_ci\ci4\system\Database\MySQLi\Connection.php(201): mysqli->real_connect('localhost', '', Object(SensitiveParameterValue), '', 3306, '', 0)
#1 C:\xampp\htdocs\lab11_ci\ci4\system\Database\BaseConnection.php(419): CodeIgniter\Database\MySQLi\Connection->connect(false)
#2 C:\xampp\htdocs\lab11_ci\ci4\system\Database\BaseConnection.php(654): CodeIgniter\Database\BaseConnection->initialize()
#3 C:\xampp\htdocs\lab11_ci\ci4\system\Database\BaseBuilder.php(1649): CodeIgniter\Database\BaseConnection->query('SELECT *\nFROM `...', Array, false)
#4 C:\xampp\htdocs\lab11_ci\ci4\system\Model.php(254): CodeIgniter\Database\BaseBuilder->get()
#5 C:\xampp\htdocs\lab11_ci\ci4\system\BaseModel.php(675): CodeIgniter\Model->doFindAll(0, 0)
#6 C:\xampp\htdocs\lab11_ci\ci4\app\Controllers\Artikel.php(38): CodeIgniter\BaseModel->findAll()
#7 C:\xampp\htdocs\lab11_ci\ci4\system\CodeIgniter.php(951): App\Controllers\Artikel->admin_index()
#8 C:\xampp\htdocs\lab11_ci\ci4\system\CodeIgniter.php(497): CodeIgniter\CodeIgniter->runController(Object(App\Controllers\Artikel))
#9 C:\xampp\htdocs\lab11_ci\ci4\system\CodeIgniter.php(340): CodeIgniter\CodeIgniter->handleRequest(NULL, Object(Config\Cache), false)
#10 C:\xampp\htdocs\lab11_ci\ci4\system\Boot.php(417): CodeIgniter\CodeIgniter->run()
#11 C:\xampp\htdocs\lab11_ci\ci4\system\Boot.php(68): CodeIgniter\Boot::runCodeIgniter(Object(CodeIgniter\CodeIgniter))
#12 C:\xampp\htdocs\lab11_ci\ci4\public\index.php(59): CodeIgniter\Boot::bootWeb(Object(Config\Paths))
#13 C:\xampp\htdocs\lab11_ci\ci4\system\rewrite.php(44): require_once('C:\\xampp\\htdocs...')
#14 {main}

Next CodeIgniter\Database\Exceptions\DatabaseException: Access denied for user ''@'localhost' (using password: NO) in C:\xampp\htdocs\lab11_ci\ci4\system\Database\MySQLi\Connection.php:231
Stack trace:
#0 C:\xampp\htdocs\lab11_ci\ci4\system\Database\BaseConnection.php(419): CodeIgniter\Database\MySQLi\Connection->connect(false)
#1 C:\xampp\htdocs\lab11_ci\ci4\system\Database\BaseConnection.php(654): CodeIgniter\Database\BaseConnection->initialize()
#2 C:\xampp\htdocs\lab11_ci\ci4\system\Database\BaseBuilder.php(1649): CodeIgniter\Database\BaseConnection->query('SELECT *\nFROM `...', Array, false)
#3 C:\xampp\htdocs\lab11_ci\ci4\system\Model.php(254): CodeIgniter\Database\BaseBuilder->get()
#4 C:\xampp\htdocs\lab11_ci\ci4\system\BaseModel.php(675): CodeIgniter\Model->doFindAll(0, 0)
#5 C:\xampp\htdocs\lab11_ci\ci4\app\Controllers\Artikel.php(38): CodeIgniter\BaseModel->findAll()
#6 C:\xampp\htdocs\lab11_ci\ci4\system\CodeIgniter.php(951): App\Controllers\Artikel->admin_index()
#7 C:\xampp\htdocs\lab11_ci\ci4\system\CodeIgniter.php(497): CodeIgniter\CodeIgniter->runController(Object(App\Controllers\Artikel))
#8 C:\xampp\htdocs\lab11_ci\ci4\system\CodeIgniter.php(340): CodeIgniter\CodeIgniter->handleRequest(NULL, Object(Config\Cache), false)
#9 C:\xampp\htdocs\lab11_ci\ci4\system\Boot.php(417): CodeIgniter\CodeIgniter->run()
#10 C:\xampp\htdocs\lab11_ci\ci4\system\Boot.php(68): CodeIgniter\Boot::runCodeIgniter(Object(CodeIgniter\CodeIgniter))
#11 C:\xampp\htdocs\lab11_ci\ci4\public\index.php(59): CodeIgniter\Boot::bootWeb(Object(Config\Paths))
#12 C:\xampp\htdocs\lab11_ci\ci4\system\rewrite.php(44): require_once('C:\\xampp\\htdocs...')
#13 {main}
CRITICAL - 2026-03-08 02:16:34 --> CodeIgniter\Database\Exceptions\DatabaseException: Unable to connect to the database.
Main connection [MySQLi]: Access denied for user ''@'localhost' (using password: NO)
[Method: GET, Route: admin/artikel]
in SYSTEMPATH\Database\BaseConnection.php on line 465.
 1 SYSTEMPATH\Database\BaseConnection.php(654): CodeIgniter\Database\BaseConnection->initialize()
 2 SYSTEMPATH\Database\BaseBuilder.php(1649): CodeIgniter\Database\BaseConnection->query('SELECT *
FROM `artikel`', [], false)
 3 SYSTEMPATH\Model.php(254): CodeIgniter\Database\BaseBuilder->get()
 4 SYSTEMPATH\BaseModel.php(675): CodeIgniter\Model->doFindAll(0, 0)
 5 APPPATH\Controllers\Artikel.php(38): CodeIgniter\BaseModel->findAll()
 6 SYSTEMPATH\CodeIgniter.php(951): App\Controllers\Artikel->admin_index()
 7 SYSTEMPATH\CodeIgniter.php(497): CodeIgniter\CodeIgniter->runController(Object(App\Controllers\Artikel))
 8 SYSTEMPATH\CodeIgniter.php(340): CodeIgniter\CodeIgniter->handleRequest(null, Object(Config\Cache), false)
 9 SYSTEMPATH\Boot.php(417): CodeIgniter\CodeIgniter->run()
10 SYSTEMPATH\Boot.php(68): CodeIgniter\Boot::runCodeIgniter(Object(CodeIgniter\CodeIgniter))
11 FCPATH\index.php(59): CodeIgniter\Boot::bootWeb(Object(Config\Paths))
12 SYSTEMPATH\rewrite.php(44): require_once('C:\\xampp\\htdocs\\lab11_ci\\ci4\\public\\index.php')
ERROR - 2026-03-08 02:16:34 --> Error connecting to the database: mysqli_sql_exception: Access denied for user ''@'localhost' (using password: NO) in C:\xampp\htdocs\lab11_ci\ci4\system\Database\MySQLi\Connection.php:201
Stack trace:
#0 C:\xampp\htdocs\lab11_ci\ci4\system\Database\MySQLi\Connection.php(201): mysqli->real_connect('localhost', '', Object(SensitiveParameterValue), '', 3306, '', 0)
#1 C:\xampp\htdocs\lab11_ci\ci4\system\Database\BaseConnection.php(419): CodeIgniter\Database\MySQLi\Connection->connect(false)
#2 C:\xampp\htdocs\lab11_ci\ci4\system\Database\BaseConnection.php(654): CodeIgniter\Database\BaseConnection->initialize()
#3 C:\xampp\htdocs\lab11_ci\ci4\system\Database\BaseBuilder.php(1649): CodeIgniter\Database\BaseConnection->query('SELECT *\nFROM `...', Array, false)
#4 C:\xampp\htdocs\lab11_ci\ci4\system\Model.php(254): CodeIgniter\Database\BaseBuilder->get()
#5 C:\xampp\htdocs\lab11_ci\ci4\system\BaseModel.php(675): CodeIgniter\Model->doFindAll(0, 0)
#6 C:\xampp\htdocs\lab11_ci\ci4\app\Controllers\Artikel.php(38): CodeIgniter\BaseModel->findAll()
#7 C:\xampp\htdocs\lab11_ci\ci4\system\CodeIgniter.php(951): App\Controllers\Artikel->admin_index()
#8 C:\xampp\htdocs\lab11_ci\ci4\system\CodeIgniter.php(497): CodeIgniter\CodeIgniter->runController(Object(App\Controllers\Artikel))
#9 C:\xampp\htdocs\lab11_ci\ci4\system\CodeIgniter.php(340): CodeIgniter\CodeIgniter->handleRequest(NULL, Object(Config\Cache), false)
#10 C:\xampp\htdocs\lab11_ci\ci4\system\Boot.php(417): CodeIgniter\CodeIgniter->run()
#11 C:\xampp\htdocs\lab11_ci\ci4\system\Boot.php(68): CodeIgniter\Boot::runCodeIgniter(Object(CodeIgniter\CodeIgniter))
#12 C:\xampp\htdocs\lab11_ci\ci4\public\index.php(59): CodeIgniter\Boot::bootWeb(Object(Config\Paths))
#13 C:\xampp\htdocs\lab11_ci\ci4\system\rewrite.php(44): require_once('C:\\xampp\\htdocs...')
#14 {main}

Next CodeIgniter\Database\Exceptions\DatabaseException: Access denied for user ''@'localhost' (using password: NO) in C:\xampp\htdocs\lab11_ci\ci4\system\Database\MySQLi\Connection.php:231
Stack trace:
#0 C:\xampp\htdocs\lab11_ci\ci4\system\Database\BaseConnection.php(419): CodeIgniter\Database\MySQLi\Connection->connect(false)
#1 C:\xampp\htdocs\lab11_ci\ci4\system\Database\BaseConnection.php(654): CodeIgniter\Database\BaseConnection->initialize()
#2 C:\xampp\htdocs\lab11_ci\ci4\system\Database\BaseBuilder.php(1649): CodeIgniter\Database\BaseConnection->query('SELECT *\nFROM `...', Array, false)
#3 C:\xampp\htdocs\lab11_ci\ci4\system\Model.php(254): CodeIgniter\Database\BaseBuilder->get()
#4 C:\xampp\htdocs\lab11_ci\ci4\system\BaseModel.php(675): CodeIgniter\Model->doFindAll(0, 0)
#5 C:\xampp\htdocs\lab11_ci\ci4\app\Controllers\Artikel.php(38): CodeIgniter\BaseModel->findAll()
#6 C:\xampp\htdocs\lab11_ci\ci4\system\CodeIgniter.php(951): App\Controllers\Artikel->admin_index()
#7 C:\xampp\htdocs\lab11_ci\ci4\system\CodeIgniter.php(497): CodeIgniter\CodeIgniter->runController(Object(App\Controllers\Artikel))
#8 C:\xampp\htdocs\lab11_ci\ci4\system\CodeIgniter.php(340): CodeIgniter\CodeIgniter->handleRequest(NULL, Object(Config\Cache), false)
#9 C:\xampp\htdocs\lab11_ci\ci4\system\Boot.php(417): CodeIgniter\CodeIgniter->run()
#10 C:\xampp\htdocs\lab11_ci\ci4\system\Boot.php(68): CodeIgniter\Boot::runCodeIgniter(Object(CodeIgniter\CodeIgniter))
#11 C:\xampp\htdocs\lab11_ci\ci4\public\index.php(59): CodeIgniter\Boot::bootWeb(Object(Config\Paths))
#12 C:\xampp\htdocs\lab11_ci\ci4\system\rewrite.php(44): require_once('C:\\xampp\\htdocs...')
#13 {main}
CRITICAL - 2026-03-08 02:16:34 --> CodeIgniter\Database\Exceptions\DatabaseException: Unable to connect to the database.
Main connection [MySQLi]: Access denied for user ''@'localhost' (using password: NO)
[Method: GET, Route: admin/artikel]
in SYSTEMPATH\Database\BaseConnection.php on line 465.
 1 SYSTEMPATH\Database\BaseConnection.php(654): CodeIgniter\Database\BaseConnection->initialize()
 2 SYSTEMPATH\Database\BaseBuilder.php(1649): CodeIgniter\Database\BaseConnection->query('SELECT *
FROM `artikel`', [], false)
 3 SYSTEMPATH\Model.php(254): CodeIgniter\Database\BaseBuilder->get()
 4 SYSTEMPATH\BaseModel.php(675): CodeIgniter\Model->doFindAll(0, 0)
 5 APPPATH\Controllers\Artikel.php(38): CodeIgniter\BaseModel->findAll()
 6 SYSTEMPATH\CodeIgniter.php(951): App\Controllers\Artikel->admin_index()
 7 SYSTEMPATH\CodeIgniter.php(497): CodeIgniter\CodeIgniter->runController(Object(App\Controllers\Artikel))
 8 SYSTEMPATH\CodeIgniter.php(340): CodeIgniter\CodeIgniter->handleRequest(null, Object(Config\Cache), false)
 9 SYSTEMPATH\Boot.php(417): CodeIgniter\CodeIgniter->run()
10 SYSTEMPATH\Boot.php(68): CodeIgniter\Boot::runCodeIgniter(Object(CodeIgniter\CodeIgniter))
11 FCPATH\index.php(59): CodeIgniter\Boot::bootWeb(Object(Config\Paths))
12 SYSTEMPATH\rewrite.php(44): require_once('C:\\xampp\\htdocs\\lab11_ci\\ci4\\public\\index.php')
ERROR - 2026-03-08 02:16:34 --> Error connecting to the database: mysqli_sql_exception: Access denied for user ''@'localhost' (using password: NO) in C:\xampp\htdocs\lab11_ci\ci4\system\Database\MySQLi\Connection.php:201
Stack trace:
#0 C:\xampp\htdocs\lab11_ci\ci4\system\Database\MySQLi\Connection.php(201): mysqli->real_connect('localhost', '', Object(SensitiveParameterValue), '', 3306, '', 0)
#1 C:\xampp\htdocs\lab11_ci\ci4\system\Database\BaseConnection.php(419): CodeIgniter\Database\MySQLi\Connection->connect(false)
#2 C:\xampp\htdocs\lab11_ci\ci4\system\Database\BaseConnection.php(654): CodeIgniter\Database\BaseConnection->initialize()
#3 C:\xampp\htdocs\lab11_ci\ci4\system\Database\BaseBuilder.php(1649): CodeIgniter\Database\BaseConnection->query('SELECT *\nFROM `...', Array, false)
#4 C:\xampp\htdocs\lab11_ci\ci4\system\Model.php(254): CodeIgniter\Database\BaseBuilder->get()
#5 C:\xampp\htdocs\lab11_ci\ci4\system\BaseModel.php(675): CodeIgniter\Model->doFindAll(0, 0)
#6 C:\xampp\htdocs\lab11_ci\ci4\app\Controllers\Artikel.php(38): CodeIgniter\BaseModel->findAll()
#7 C:\xampp\htdocs\lab11_ci\ci4\system\CodeIgniter.php(951): App\Controllers\Artikel->admin_index()
#8 C:\xampp\htdocs\lab11_ci\ci4\system\CodeIgniter.php(497): CodeIgniter\CodeIgniter->runController(Object(App\Controllers\Artikel))
#9 C:\xampp\htdocs\lab11_ci\ci4\system\CodeIgniter.php(340): CodeIgniter\CodeIgniter->handleRequest(NULL, Object(Config\Cache), false)
#10 C:\xampp\htdocs\lab11_ci\ci4\system\Boot.php(417): CodeIgniter\CodeIgniter->run()
#11 C:\xampp\htdocs\lab11_ci\ci4\system\Boot.php(68): CodeIgniter\Boot::runCodeIgniter(Object(CodeIgniter\CodeIgniter))
#12 C:\xampp\htdocs\lab11_ci\ci4\public\index.php(59): CodeIgniter\Boot::bootWeb(Object(Config\Paths))
#13 C:\xampp\htdocs\lab11_ci\ci4\system\rewrite.php(44): require_once('C:\\xampp\\htdocs...')
#14 {main}

Next CodeIgniter\Database\Exceptions\DatabaseException: Access denied for user ''@'localhost' (using password: NO) in C:\xampp\htdocs\lab11_ci\ci4\system\Database\MySQLi\Connection.php:231
Stack trace:
#0 C:\xampp\htdocs\lab11_ci\ci4\system\Database\BaseConnection.php(419): CodeIgniter\Database\MySQLi\Connection->connect(false)
#1 C:\xampp\htdocs\lab11_ci\ci4\system\Database\BaseConnection.php(654): CodeIgniter\Database\BaseConnection->initialize()
#2 C:\xampp\htdocs\lab11_ci\ci4\system\Database\BaseBuilder.php(1649): CodeIgniter\Database\BaseConnection->query('SELECT *\nFROM `...', Array, false)
#3 C:\xampp\htdocs\lab11_ci\ci4\system\Model.php(254): CodeIgniter\Database\BaseBuilder->get()
#4 C:\xampp\htdocs\lab11_ci\ci4\system\BaseModel.php(675): CodeIgniter\Model->doFindAll(0, 0)
#5 C:\xampp\htdocs\lab11_ci\ci4\app\Controllers\Artikel.php(38): CodeIgniter\BaseModel->findAll()
#6 C:\xampp\htdocs\lab11_ci\ci4\system\CodeIgniter.php(951): App\Controllers\Artikel->admin_index()
#7 C:\xampp\htdocs\lab11_ci\ci4\system\CodeIgniter.php(497): CodeIgniter\CodeIgniter->runController(Object(App\Controllers\Artikel))
#8 C:\xampp\htdocs\lab11_ci\ci4\system\CodeIgniter.php(340): CodeIgniter\CodeIgniter->handleRequest(NULL, Object(Config\Cache), false)
#9 C:\xampp\htdocs\lab11_ci\ci4\system\Boot.php(417): CodeIgniter\CodeIgniter->run()
#10 C:\xampp\htdocs\lab11_ci\ci4\system\Boot.php(68): CodeIgniter\Boot::runCodeIgniter(Object(CodeIgniter\CodeIgniter))
#11 C:\xampp\htdocs\lab11_ci\ci4\public\index.php(59): CodeIgniter\Boot::bootWeb(Object(Config\Paths))
#12 C:\xampp\htdocs\lab11_ci\ci4\system\rewrite.php(44): require_once('C:\\xampp\\htdocs...')
#13 {main}
CRITICAL - 2026-03-08 02:16:34 --> CodeIgniter\Database\Exceptions\DatabaseException: Unable to connect to the database.
Main connection [MySQLi]: Access denied for user ''@'localhost' (using password: NO)
[Method: GET, Route: admin/artikel]
in SYSTEMPATH\Database\BaseConnection.php on line 465.
 1 SYSTEMPATH\Database\BaseConnection.php(654): CodeIgniter\Database\BaseConnection->initialize()
 2 SYSTEMPATH\Database\BaseBuilder.php(1649): CodeIgniter\Database\BaseConnection->query('SELECT *
FROM `artikel`', [], false)
 3 SYSTEMPATH\Model.php(254): CodeIgniter\Database\BaseBuilder->get()
 4 SYSTEMPATH\BaseModel.php(675): CodeIgniter\Model->doFindAll(0, 0)
 5 APPPATH\Controllers\Artikel.php(38): CodeIgniter\BaseModel->findAll()
 6 SYSTEMPATH\CodeIgniter.php(951): App\Controllers\Artikel->admin_index()
 7 SYSTEMPATH\CodeIgniter.php(497): CodeIgniter\CodeIgniter->runController(Object(App\Controllers\Artikel))
 8 SYSTEMPATH\CodeIgniter.php(340): CodeIgniter\CodeIgniter->handleRequest(null, Object(Config\Cache), false)
 9 SYSTEMPATH\Boot.php(417): CodeIgniter\CodeIgniter->run()
10 SYSTEMPATH\Boot.php(68): CodeIgniter\Boot::runCodeIgniter(Object(CodeIgniter\CodeIgniter))
11 FCPATH\index.php(59): CodeIgniter\Boot::bootWeb(Object(Config\Paths))
12 SYSTEMPATH\rewrite.php(44): require_once('C:\\xampp\\htdocs\\lab11_ci\\ci4\\public\\index.php')
ERROR - 2026-03-08 02:16:35 --> Error connecting to the database: mysqli_sql_exception: Access denied for user ''@'localhost' (using password: NO) in C:\xampp\htdocs\lab11_ci\ci4\system\Database\MySQLi\Connection.php:201
Stack trace:
#0 C:\xampp\htdocs\lab11_ci\ci4\system\Database\MySQLi\Connection.php(201): mysqli->real_connect('localhost', '', Object(SensitiveParameterValue), '', 3306, '', 0)
#1 C:\xampp\htdocs\lab11_ci\ci4\system\Database\BaseConnection.php(419): CodeIgniter\Database\MySQLi\Connection->connect(false)
#2 C:\xampp\htdocs\lab11_ci\ci4\system\Database\BaseConnection.php(654): CodeIgniter\Database\BaseConnection->initialize()
#3 C:\xampp\htdocs\lab11_ci\ci4\system\Database\BaseBuilder.php(1649): CodeIgniter\Database\BaseConnection->query('SELECT *\nFROM `...', Array, false)
#4 C:\xampp\htdocs\lab11_ci\ci4\system\Model.php(254): CodeIgniter\Database\BaseBuilder->get()
#5 C:\xampp\htdocs\lab11_ci\ci4\system\BaseModel.php(675): CodeIgniter\Model->doFindAll(0, 0)
#6 C:\xampp\htdocs\lab11_ci\ci4\app\Controllers\Artikel.php(38): CodeIgniter\BaseModel->findAll()
#7 C:\xampp\htdocs\lab11_ci\ci4\system\CodeIgniter.php(951): App\Controllers\Artikel->admin_index()
#8 C:\xampp\htdocs\lab11_ci\ci4\system\CodeIgniter.php(497): CodeIgniter\CodeIgniter->runController(Object(App\Controllers\Artikel))
#9 C:\xampp\htdocs\lab11_ci\ci4\system\CodeIgniter.php(340): CodeIgniter\CodeIgniter->handleRequest(NULL, Object(Config\Cache), false)
#10 C:\xampp\htdocs\lab11_ci\ci4\system\Boot.php(417): CodeIgniter\CodeIgniter->run()
#11 C:\xampp\htdocs\lab11_ci\ci4\system\Boot.php(68): CodeIgniter\Boot::runCodeIgniter(Object(CodeIgniter\CodeIgniter))
#12 C:\xampp\htdocs\lab11_ci\ci4\public\index.php(59): CodeIgniter\Boot::bootWeb(Object(Config\Paths))
#13 C:\xampp\htdocs\lab11_ci\ci4\system\rewrite.php(44): require_once('C:\\xampp\\htdocs...')
#14 {main}

Next CodeIgniter\Database\Exceptions\DatabaseException: Access denied for user ''@'localhost' (using password: NO) in C:\xampp\htdocs\lab11_ci\ci4\system\Database\MySQLi\Connection.php:231
Stack trace:
#0 C:\xampp\htdocs\lab11_ci\ci4\system\Database\BaseConnection.php(419): CodeIgniter\Database\MySQLi\Connection->connect(false)
#1 C:\xampp\htdocs\lab11_ci\ci4\system\Database\BaseConnection.php(654): CodeIgniter\Database\BaseConnection->initialize()
#2 C:\xampp\htdocs\lab11_ci\ci4\system\Database\BaseBuilder.php(1649): CodeIgniter\Database\BaseConnection->query('SELECT *\nFROM `...', Array, false)
#3 C:\xampp\htdocs\lab11_ci\ci4\system\Model.php(254): CodeIgniter\Database\BaseBuilder->get()
#4 C:\xampp\htdocs\lab11_ci\ci4\system\BaseModel.php(675): CodeIgniter\Model->doFindAll(0, 0)
#5 C:\xampp\htdocs\lab11_ci\ci4\app\Controllers\Artikel.php(38): CodeIgniter\BaseModel->findAll()
#6 C:\xampp\htdocs\lab11_ci\ci4\system\CodeIgniter.php(951): App\Controllers\Artikel->admin_index()
#7 C:\xampp\htdocs\lab11_ci\ci4\system\CodeIgniter.php(497): CodeIgniter\CodeIgniter->runController(Object(App\Controllers\Artikel))
#8 C:\xampp\htdocs\lab11_ci\ci4\system\CodeIgniter.php(340): CodeIgniter\CodeIgniter->handleRequest(NULL, Object(Config\Cache), false)
#9 C:\xampp\htdocs\lab11_ci\ci4\system\Boot.php(417): CodeIgniter\CodeIgniter->run()
#10 C:\xampp\htdocs\lab11_ci\ci4\system\Boot.php(68): CodeIgniter\Boot::runCodeIgniter(Object(CodeIgniter\CodeIgniter))
#11 C:\xampp\htdocs\lab11_ci\ci4\public\index.php(59): CodeIgniter\Boot::bootWeb(Object(Config\Paths))
#12 C:\xampp\htdocs\lab11_ci\ci4\system\rewrite.php(44): require_once('C:\\xampp\\htdocs...')
#13 {main}
CRITICAL - 2026-03-08 02:16:35 --> CodeIgniter\Database\Exceptions\DatabaseException: Unable to connect to the database.
Main connection [MySQLi]: Access denied for user ''@'localhost' (using password: NO)
[Method: GET, Route: admin/artikel]
in SYSTEMPATH\Database\BaseConnection.php on line 465.
 1 SYSTEMPATH\Database\BaseConnection.php(654): CodeIgniter\Database\BaseConnection->initialize()
 2 SYSTEMPATH\Database\BaseBuilder.php(1649): CodeIgniter\Database\BaseConnection->query('SELECT *
FROM `artikel`', [], false)
 3 SYSTEMPATH\Model.php(254): CodeIgniter\Database\BaseBuilder->get()
 4 SYSTEMPATH\BaseModel.php(675): CodeIgniter\Model->doFindAll(0, 0)
 5 APPPATH\Controllers\Artikel.php(38): CodeIgniter\BaseModel->findAll()
 6 SYSTEMPATH\CodeIgniter.php(951): App\Controllers\Artikel->admin_index()
 7 SYSTEMPATH\CodeIgniter.php(497): CodeIgniter\CodeIgniter->runController(Object(App\Controllers\Artikel))
 8 SYSTEMPATH\CodeIgniter.php(340): CodeIgniter\CodeIgniter->handleRequest(null, Object(Config\Cache), false)
 9 SYSTEMPATH\Boot.php(417): CodeIgniter\CodeIgniter->run()
10 SYSTEMPATH\Boot.php(68): CodeIgniter\Boot::runCodeIgniter(Object(CodeIgniter\CodeIgniter))
11 FCPATH\index.php(59): CodeIgniter\Boot::bootWeb(Object(Config\Paths))
12 SYSTEMPATH\rewrite.php(44): require_once('C:\\xampp\\htdocs\\lab11_ci\\ci4\\public\\index.php')
ERROR - 2026-03-08 02:16:35 --> Error connecting to the database: mysqli_sql_exception: Access denied for user ''@'localhost' (using password: NO) in C:\xampp\htdocs\lab11_ci\ci4\system\Database\MySQLi\Connection.php:201
Stack trace:
#0 C:\xampp\htdocs\lab11_ci\ci4\system\Database\MySQLi\Connection.php(201): mysqli->real_connect('localhost', '', Object(SensitiveParameterValue), '', 3306, '', 0)
#1 C:\xampp\htdocs\lab11_ci\ci4\system\Database\BaseConnection.php(419): CodeIgniter\Database\MySQLi\Connection->connect(false)
#2 C:\xampp\htdocs\lab11_ci\ci4\system\Database\BaseConnection.php(654): CodeIgniter\Database\BaseConnection->initialize()
#3 C:\xampp\htdocs\lab11_ci\ci4\system\Database\BaseBuilder.php(1649): CodeIgniter\Database\BaseConnection->query('SELECT *\nFROM `...', Array, false)
#4 C:\xampp\htdocs\lab11_ci\ci4\system\Model.php(254): CodeIgniter\Database\BaseBuilder->get()
#5 C:\xampp\htdocs\lab11_ci\ci4\system\BaseModel.php(675): CodeIgniter\Model->doFindAll(0, 0)
#6 C:\xampp\htdocs\lab11_ci\ci4\app\Controllers\Artikel.php(38): CodeIgniter\BaseModel->findAll()
#7 C:\xampp\htdocs\lab11_ci\ci4\system\CodeIgniter.php(951): App\Controllers\Artikel->admin_index()
#8 C:\xampp\htdocs\lab11_ci\ci4\system\CodeIgniter.php(497): CodeIgniter\CodeIgniter->runController(Object(App\Controllers\Artikel))
#9 C:\xampp\htdocs\lab11_ci\ci4\system\CodeIgniter.php(340): CodeIgniter\CodeIgniter->handleRequest(NULL, Object(Config\Cache), false)
#10 C:\xampp\htdocs\lab11_ci\ci4\system\Boot.php(417): CodeIgniter\CodeIgniter->run()
#11 C:\xampp\htdocs\lab11_ci\ci4\system\Boot.php(68): CodeIgniter\Boot::runCodeIgniter(Object(CodeIgniter\CodeIgniter))
#12 C:\xampp\htdocs\lab11_ci\ci4\public\index.php(59): CodeIgniter\Boot::bootWeb(Object(Config\Paths))
#13 C:\xampp\htdocs\lab11_ci\ci4\system\rewrite.php(44): require_once('C:\\xampp\\htdocs...')
#14 {main}

Next CodeIgniter\Database\Exceptions\DatabaseException: Access denied for user ''@'localhost' (using password: NO) in C:\xampp\htdocs\lab11_ci\ci4\system\Database\MySQLi\Connection.php:231
Stack trace:
#0 C:\xampp\htdocs\lab11_ci\ci4\system\Database\BaseConnection.php(419): CodeIgniter\Database\MySQLi\Connection->connect(false)
#1 C:\xampp\htdocs\lab11_ci\ci4\system\Database\BaseConnection.php(654): CodeIgniter\Database\BaseConnection->initialize()
#2 C:\xampp\htdocs\lab11_ci\ci4\system\Database\BaseBuilder.php(1649): CodeIgniter\Database\BaseConnection->query('SELECT *\nFROM `...', Array, false)
#3 C:\xampp\htdocs\lab11_ci\ci4\system\Model.php(254): CodeIgniter\Database\BaseBuilder->get()
#4 C:\xampp\htdocs\lab11_ci\ci4\system\BaseModel.php(675): CodeIgniter\Model->doFindAll(0, 0)
#5 C:\xampp\htdocs\lab11_ci\ci4\app\Controllers\Artikel.php(38): CodeIgniter\BaseModel->findAll()
#6 C:\xampp\htdocs\lab11_ci\ci4\system\CodeIgniter.php(951): App\Controllers\Artikel->admin_index()
#7 C:\xampp\htdocs\lab11_ci\ci4\system\CodeIgniter.php(497): CodeIgniter\CodeIgniter->runController(Object(App\Controllers\Artikel))
#8 C:\xampp\htdocs\lab11_ci\ci4\system\CodeIgniter.php(340): CodeIgniter\CodeIgniter->handleRequest(NULL, Object(Config\Cache), false)
#9 C:\xampp\htdocs\lab11_ci\ci4\system\Boot.php(417): CodeIgniter\CodeIgniter->run()
#10 C:\xampp\htdocs\lab11_ci\ci4\system\Boot.php(68): CodeIgniter\Boot::runCodeIgniter(Object(CodeIgniter\CodeIgniter))
#11 C:\xampp\htdocs\lab11_ci\ci4\public\index.php(59): CodeIgniter\Boot::bootWeb(Object(Config\Paths))
#12 C:\xampp\htdocs\lab11_ci\ci4\system\rewrite.php(44): require_once('C:\\xampp\\htdocs...')
#13 {main}
CRITICAL - 2026-03-08 02:16:35 --> CodeIgniter\Database\Exceptions\DatabaseException: Unable to connect to the database.
Main connection [MySQLi]: Access denied for user ''@'localhost' (using password: NO)
[Method: GET, Route: admin/artikel]
in SYSTEMPATH\Database\BaseConnection.php on line 465.
 1 SYSTEMPATH\Database\BaseConnection.php(654): CodeIgniter\Database\BaseConnection->initialize()
 2 SYSTEMPATH\Database\BaseBuilder.php(1649): CodeIgniter\Database\BaseConnection->query('SELECT *
FROM `artikel`', [], false)
 3 SYSTEMPATH\Model.php(254): CodeIgniter\Database\BaseBuilder->get()
 4 SYSTEMPATH\BaseModel.php(675): CodeIgniter\Model->doFindAll(0, 0)
 5 APPPATH\Controllers\Artikel.php(38): CodeIgniter\BaseModel->findAll()
 6 SYSTEMPATH\CodeIgniter.php(951): App\Controllers\Artikel->admin_index()
 7 SYSTEMPATH\CodeIgniter.php(497): CodeIgniter\CodeIgniter->runController(Object(App\Controllers\Artikel))
 8 SYSTEMPATH\CodeIgniter.php(340): CodeIgniter\CodeIgniter->handleRequest(null, Object(Config\Cache), false)
 9 SYSTEMPATH\Boot.php(417): CodeIgniter\CodeIgniter->run()
10 SYSTEMPATH\Boot.php(68): CodeIgniter\Boot::runCodeIgniter(Object(CodeIgniter\CodeIgniter))
11 FCPATH\index.php(59): CodeIgniter\Boot::bootWeb(Object(Config\Paths))
12 SYSTEMPATH\rewrite.php(44): require_once('C:\\xampp\\htdocs\\lab11_ci\\ci4\\public\\index.php')
ERROR - 2026-03-08 02:16:35 --> Error connecting to the database: mysqli_sql_exception: Access denied for user ''@'localhost' (using password: NO) in C:\xampp\htdocs\lab11_ci\ci4\system\Database\MySQLi\Connection.php:201
Stack trace:
#0 C:\xampp\htdocs\lab11_ci\ci4\system\Database\MySQLi\Connection.php(201): mysqli->real_connect('localhost', '', Object(SensitiveParameterValue), '', 3306, '', 0)
#1 C:\xampp\htdocs\lab11_ci\ci4\system\Database\BaseConnection.php(419): CodeIgniter\Database\MySQLi\Connection->connect(false)
#2 C:\xampp\htdocs\lab11_ci\ci4\system\Database\BaseConnection.php(654): CodeIgniter\Database\BaseConnection->initialize()
#3 C:\xampp\htdocs\lab11_ci\ci4\system\Database\BaseBuilder.php(1649): CodeIgniter\Database\BaseConnection->query('SELECT *\nFROM `...', Array, false)
#4 C:\xampp\htdocs\lab11_ci\ci4\system\Model.php(254): CodeIgniter\Database\BaseBuilder->get()
#5 C:\xampp\htdocs\lab11_ci\ci4\system\BaseModel.php(675): CodeIgniter\Model->doFindAll(0, 0)
#6 C:\xampp\htdocs\lab11_ci\ci4\app\Controllers\Artikel.php(38): CodeIgniter\BaseModel->findAll()
#7 C:\xampp\htdocs\lab11_ci\ci4\system\CodeIgniter.php(951): App\Controllers\Artikel->admin_index()
#8 C:\xampp\htdocs\lab11_ci\ci4\system\CodeIgniter.php(497): CodeIgniter\CodeIgniter->runController(Object(App\Controllers\Artikel))
#9 C:\xampp\htdocs\lab11_ci\ci4\system\CodeIgniter.php(340): CodeIgniter\CodeIgniter->handleRequest(NULL, Object(Config\Cache), false)
#10 C:\xampp\htdocs\lab11_ci\ci4\system\Boot.php(417): CodeIgniter\CodeIgniter->run()
#11 C:\xampp\htdocs\lab11_ci\ci4\system\Boot.php(68): CodeIgniter\Boot::runCodeIgniter(Object(CodeIgniter\CodeIgniter))
#12 C:\xampp\htdocs\lab11_ci\ci4\public\index.php(59): CodeIgniter\Boot::bootWeb(Object(Config\Paths))
#13 C:\xampp\htdocs\lab11_ci\ci4\system\rewrite.php(44): require_once('C:\\xampp\\htdocs...')
#14 {main}

Next CodeIgniter\Database\Exceptions\DatabaseException: Access denied for user ''@'localhost' (using password: NO) in C:\xampp\htdocs\lab11_ci\ci4\system\Database\MySQLi\Connection.php:231
Stack trace:
#0 C:\xampp\htdocs\lab11_ci\ci4\system\Database\BaseConnection.php(419): CodeIgniter\Database\MySQLi\Connection->connect(false)
#1 C:\xampp\htdocs\lab11_ci\ci4\system\Database\BaseConnection.php(654): CodeIgniter\Database\BaseConnection->initialize()
#2 C:\xampp\htdocs\lab11_ci\ci4\system\Database\BaseBuilder.php(1649): CodeIgniter\Database\BaseConnection->query('SELECT *\nFROM `...', Array, false)
#3 C:\xampp\htdocs\lab11_ci\ci4\system\Model.php(254): CodeIgniter\Database\BaseBuilder->get()
#4 C:\xampp\htdocs\lab11_ci\ci4\system\BaseModel.php(675): CodeIgniter\Model->doFindAll(0, 0)
#5 C:\xampp\htdocs\lab11_ci\ci4\app\Controllers\Artikel.php(38): CodeIgniter\BaseModel->findAll()
#6 C:\xampp\htdocs\lab11_ci\ci4\system\CodeIgniter.php(951): App\Controllers\Artikel->admin_index()
#7 C:\xampp\htdocs\lab11_ci\ci4\system\CodeIgniter.php(497): CodeIgniter\CodeIgniter->runController(Object(App\Controllers\Artikel))
#8 C:\xampp\htdocs\lab11_ci\ci4\system\CodeIgniter.php(340): CodeIgniter\CodeIgniter->handleRequest(NULL, Object(Config\Cache), false)
#9 C:\xampp\htdocs\lab11_ci\ci4\system\Boot.php(417): CodeIgniter\CodeIgniter->run()
#10 C:\xampp\htdocs\lab11_ci\ci4\system\Boot.php(68): CodeIgniter\Boot::runCodeIgniter(Object(CodeIgniter\CodeIgniter))
#11 C:\xampp\htdocs\lab11_ci\ci4\public\index.php(59): CodeIgniter\Boot::bootWeb(Object(Config\Paths))
#12 C:\xampp\htdocs\lab11_ci\ci4\system\rewrite.php(44): require_once('C:\\xampp\\htdocs...')
#13 {main}
CRITICAL - 2026-03-08 02:16:35 --> CodeIgniter\Database\Exceptions\DatabaseException: Unable to connect to the database.
Main connection [MySQLi]: Access denied for user ''@'localhost' (using password: NO)
[Method: GET, Route: admin/artikel]
in SYSTEMPATH\Database\BaseConnection.php on line 465.
 1 SYSTEMPATH\Database\BaseConnection.php(654): CodeIgniter\Database\BaseConnection->initialize()
 2 SYSTEMPATH\Database\BaseBuilder.php(1649): CodeIgniter\Database\BaseConnection->query('SELECT *
FROM `artikel`', [], false)
 3 SYSTEMPATH\Model.php(254): CodeIgniter\Database\BaseBuilder->get()
 4 SYSTEMPATH\BaseModel.php(675): CodeIgniter\Model->doFindAll(0, 0)
 5 APPPATH\Controllers\Artikel.php(38): CodeIgniter\BaseModel->findAll()
 6 SYSTEMPATH\CodeIgniter.php(951): App\Controllers\Artikel->admin_index()
 7 SYSTEMPATH\CodeIgniter.php(497): CodeIgniter\CodeIgniter->runController(Object(App\Controllers\Artikel))
 8 SYSTEMPATH\CodeIgniter.php(340): CodeIgniter\CodeIgniter->handleRequest(null, Object(Config\Cache), false)
 9 SYSTEMPATH\Boot.php(417): CodeIgniter\CodeIgniter->run()
10 SYSTEMPATH\Boot.php(68): CodeIgniter\Boot::runCodeIgniter(Object(CodeIgniter\CodeIgniter))
11 FCPATH\index.php(59): CodeIgniter\Boot::bootWeb(Object(Config\Paths))
12 SYSTEMPATH\rewrite.php(44): require_once('C:\\xampp\\htdocs\\lab11_ci\\ci4\\public\\index.php')
ERROR - 2026-03-08 02:16:35 --> Error connecting to the database: mysqli_sql_exception: Access denied for user ''@'localhost' (using password: NO) in C:\xampp\htdocs\lab11_ci\ci4\system\Database\MySQLi\Connection.php:201
Stack trace:
#0 C:\xampp\htdocs\lab11_ci\ci4\system\Database\MySQLi\Connection.php(201): mysqli->real_connect('localhost', '', Object(SensitiveParameterValue), '', 3306, '', 0)
#1 C:\xampp\htdocs\lab11_ci\ci4\system\Database\BaseConnection.php(419): CodeIgniter\Database\MySQLi\Connection->connect(false)
#2 C:\xampp\htdocs\lab11_ci\ci4\system\Database\BaseConnection.php(654): CodeIgniter\Database\BaseConnection->initialize()
#3 C:\xampp\htdocs\lab11_ci\ci4\system\Database\BaseBuilder.php(1649): CodeIgniter\Database\BaseConnection->query('SELECT *\nFROM `...', Array, false)
#4 C:\xampp\htdocs\lab11_ci\ci4\system\Model.php(254): CodeIgniter\Database\BaseBuilder->get()
#5 C:\xampp\htdocs\lab11_ci\ci4\system\BaseModel.php(675): CodeIgniter\Model->doFindAll(0, 0)
#6 C:\xampp\htdocs\lab11_ci\ci4\app\Controllers\Artikel.php(38): CodeIgniter\BaseModel->findAll()
#7 C:\xampp\htdocs\lab11_ci\ci4\system\CodeIgniter.php(951): App\Controllers\Artikel->admin_index()
#8 C:\xampp\htdocs\lab11_ci\ci4\system\CodeIgniter.php(497): CodeIgniter\CodeIgniter->runController(Object(App\Controllers\Artikel))
#9 C:\xampp\htdocs\lab11_ci\ci4\system\CodeIgniter.php(340): CodeIgniter\CodeIgniter->handleRequest(NULL, Object(Config\Cache), false)
#10 C:\xampp\htdocs\lab11_ci\ci4\system\Boot.php(417): CodeIgniter\CodeIgniter->run()
#11 C:\xampp\htdocs\lab11_ci\ci4\system\Boot.php(68): CodeIgniter\Boot::runCodeIgniter(Object(CodeIgniter\CodeIgniter))
#12 C:\xampp\htdocs\lab11_ci\ci4\public\index.php(59): CodeIgniter\Boot::bootWeb(Object(Config\Paths))
#13 C:\xampp\htdocs\lab11_ci\ci4\system\rewrite.php(44): require_once('C:\\xampp\\htdocs...')
#14 {main}

Next CodeIgniter\Database\Exceptions\DatabaseException: Access denied for user ''@'localhost' (using password: NO) in C:\xampp\htdocs\lab11_ci\ci4\system\Database\MySQLi\Connection.php:231
Stack trace:
#0 C:\xampp\htdocs\lab11_ci\ci4\system\Database\BaseConnection.php(419): CodeIgniter\Database\MySQLi\Connection->connect(false)
#1 C:\xampp\htdocs\lab11_ci\ci4\system\Database\BaseConnection.php(654): CodeIgniter\Database\BaseConnection->initialize()
#2 C:\xampp\htdocs\lab11_ci\ci4\system\Database\BaseBuilder.php(1649): CodeIgniter\Database\BaseConnection->query('SELECT *\nFROM `...', Array, false)
#3 C:\xampp\htdocs\lab11_ci\ci4\system\Model.php(254): CodeIgniter\Database\BaseBuilder->get()
#4 C:\xampp\htdocs\lab11_ci\ci4\system\BaseModel.php(675): CodeIgniter\Model->doFindAll(0, 0)
#5 C:\xampp\htdocs\lab11_ci\ci4\app\Controllers\Artikel.php(38): CodeIgniter\BaseModel->findAll()
#6 C:\xampp\htdocs\lab11_ci\ci4\system\CodeIgniter.php(951): App\Controllers\Artikel->admin_index()
#7 C:\xampp\htdocs\lab11_ci\ci4\system\CodeIgniter.php(497): CodeIgniter\CodeIgniter->runController(Object(App\Controllers\Artikel))
#8 C:\xampp\htdocs\lab11_ci\ci4\system\CodeIgniter.php(340): CodeIgniter\CodeIgniter->handleRequest(NULL, Object(Config\Cache), false)
#9 C:\xampp\htdocs\lab11_ci\ci4\system\Boot.php(417): CodeIgniter\CodeIgniter->run()
#10 C:\xampp\htdocs\lab11_ci\ci4\system\Boot.php(68): CodeIgniter\Boot::runCodeIgniter(Object(CodeIgniter\CodeIgniter))
#11 C:\xampp\htdocs\lab11_ci\ci4\public\index.php(59): CodeIgniter\Boot::bootWeb(Object(Config\Paths))
#12 C:\xampp\htdocs\lab11_ci\ci4\system\rewrite.php(44): require_once('C:\\xampp\\htdocs...')
#13 {main}
CRITICAL - 2026-03-08 02:16:35 --> CodeIgniter\Database\Exceptions\DatabaseException: Unable to connect to the database.
Main connection [MySQLi]: Access denied for user ''@'localhost' (using password: NO)
[Method: GET, Route: admin/artikel]
in SYSTEMPATH\Database\BaseConnection.php on line 465.
 1 SYSTEMPATH\Database\BaseConnection.php(654): CodeIgniter\Database\BaseConnection->initialize()
 2 SYSTEMPATH\Database\BaseBuilder.php(1649): CodeIgniter\Database\BaseConnection->query('SELECT *
FROM `artikel`', [], false)
 3 SYSTEMPATH\Model.php(254): CodeIgniter\Database\BaseBuilder->get()
 4 SYSTEMPATH\BaseModel.php(675): CodeIgniter\Model->doFindAll(0, 0)
 5 APPPATH\Controllers\Artikel.php(38): CodeIgniter\BaseModel->findAll()
 6 SYSTEMPATH\CodeIgniter.php(951): App\Controllers\Artikel->admin_index()
 7 SYSTEMPATH\CodeIgniter.php(497): CodeIgniter\CodeIgniter->runController(Object(App\Controllers\Artikel))
 8 SYSTEMPATH\CodeIgniter.php(340): CodeIgniter\CodeIgniter->handleRequest(null, Object(Config\Cache), false)
 9 SYSTEMPATH\Boot.php(417): CodeIgniter\CodeIgniter->run()
10 SYSTEMPATH\Boot.php(68): CodeIgniter\Boot::runCodeIgniter(Object(CodeIgniter\CodeIgniter))
11 FCPATH\index.php(59): CodeIgniter\Boot::bootWeb(Object(Config\Paths))
12 SYSTEMPATH\rewrite.php(44): require_once('C:\\xampp\\htdocs\\lab11_ci\\ci4\\public\\index.php')
ERROR - 2026-03-08 02:16:35 --> Error connecting to the database: mysqli_sql_exception: Access denied for user ''@'localhost' (using password: NO) in C:\xampp\htdocs\lab11_ci\ci4\system\Database\MySQLi\Connection.php:201
Stack trace:
#0 C:\xampp\htdocs\lab11_ci\ci4\system\Database\MySQLi\Connection.php(201): mysqli->real_connect('localhost', '', Object(SensitiveParameterValue), '', 3306, '', 0)
#1 C:\xampp\htdocs\lab11_ci\ci4\system\Database\BaseConnection.php(419): CodeIgniter\Database\MySQLi\Connection->connect(false)
#2 C:\xampp\htdocs\lab11_ci\ci4\system\Database\BaseConnection.php(654): CodeIgniter\Database\BaseConnection->initialize()
#3 C:\xampp\htdocs\lab11_ci\ci4\system\Database\BaseBuilder.php(1649): CodeIgniter\Database\BaseConnection->query('SELECT *\nFROM `...', Array, false)
#4 C:\xampp\htdocs\lab11_ci\ci4\system\Model.php(254): CodeIgniter\Database\BaseBuilder->get()
#5 C:\xampp\htdocs\lab11_ci\ci4\system\BaseModel.php(675): CodeIgniter\Model->doFindAll(0, 0)
#6 C:\xampp\htdocs\lab11_ci\ci4\app\Controllers\Artikel.php(38): CodeIgniter\BaseModel->findAll()
#7 C:\xampp\htdocs\lab11_ci\ci4\system\CodeIgniter.php(951): App\Controllers\Artikel->admin_index()
#8 C:\xampp\htdocs\lab11_ci\ci4\system\CodeIgniter.php(497): CodeIgniter\CodeIgniter->runController(Object(App\Controllers\Artikel))
#9 C:\xampp\htdocs\lab11_ci\ci4\system\CodeIgniter.php(340): CodeIgniter\CodeIgniter->handleRequest(NULL, Object(Config\Cache), false)
#10 C:\xampp\htdocs\lab11_ci\ci4\system\Boot.php(417): CodeIgniter\CodeIgniter->run()
#11 C:\xampp\htdocs\lab11_ci\ci4\system\Boot.php(68): CodeIgniter\Boot::runCodeIgniter(Object(CodeIgniter\CodeIgniter))
#12 C:\xampp\htdocs\lab11_ci\ci4\public\index.php(59): CodeIgniter\Boot::bootWeb(Object(Config\Paths))
#13 C:\xampp\htdocs\lab11_ci\ci4\system\rewrite.php(44): require_once('C:\\xampp\\htdocs...')
#14 {main}

Next CodeIgniter\Database\Exceptions\DatabaseException: Access denied for user ''@'localhost' (using password: NO) in C:\xampp\htdocs\lab11_ci\ci4\system\Database\MySQLi\Connection.php:231
Stack trace:
#0 C:\xampp\htdocs\lab11_ci\ci4\system\Database\BaseConnection.php(419): CodeIgniter\Database\MySQLi\Connection->connect(false)
#1 C:\xampp\htdocs\lab11_ci\ci4\system\Database\BaseConnection.php(654): CodeIgniter\Database\BaseConnection->initialize()
#2 C:\xampp\htdocs\lab11_ci\ci4\system\Database\BaseBuilder.php(1649): CodeIgniter\Database\BaseConnection->query('SELECT *\nFROM `...', Array, false)
#3 C:\xampp\htdocs\lab11_ci\ci4\system\Model.php(254): CodeIgniter\Database\BaseBuilder->get()
#4 C:\xampp\htdocs\lab11_ci\ci4\system\BaseModel.php(675): CodeIgniter\Model->doFindAll(0, 0)
#5 C:\xampp\htdocs\lab11_ci\ci4\app\Controllers\Artikel.php(38): CodeIgniter\BaseModel->findAll()
#6 C:\xampp\htdocs\lab11_ci\ci4\system\CodeIgniter.php(951): App\Controllers\Artikel->admin_index()
#7 C:\xampp\htdocs\lab11_ci\ci4\system\CodeIgniter.php(497): CodeIgniter\CodeIgniter->runController(Object(App\Controllers\Artikel))
#8 C:\xampp\htdocs\lab11_ci\ci4\system\CodeIgniter.php(340): CodeIgniter\CodeIgniter->handleRequest(NULL, Object(Config\Cache), false)
#9 C:\xampp\htdocs\lab11_ci\ci4\system\Boot.php(417): CodeIgniter\CodeIgniter->run()
#10 C:\xampp\htdocs\lab11_ci\ci4\system\Boot.php(68): CodeIgniter\Boot::runCodeIgniter(Object(CodeIgniter\CodeIgniter))
#11 C:\xampp\htdocs\lab11_ci\ci4\public\index.php(59): CodeIgniter\Boot::bootWeb(Object(Config\Paths))
#12 C:\xampp\htdocs\lab11_ci\ci4\system\rewrite.php(44): require_once('C:\\xampp\\htdocs...')
#13 {main}
CRITICAL - 2026-03-08 02:16:35 --> CodeIgniter\Database\Exceptions\DatabaseException: Unable to connect to the database.
Main connection [MySQLi]: Access denied for user ''@'localhost' (using password: NO)
[Method: GET, Route: admin/artikel]
in SYSTEMPATH\Database\BaseConnection.php on line 465.
 1 SYSTEMPATH\Database\BaseConnection.php(654): CodeIgniter\Database\BaseConnection->initialize()
 2 SYSTEMPATH\Database\BaseBuilder.php(1649): CodeIgniter\Database\BaseConnection->query('SELECT *
FROM `artikel`', [], false)
 3 SYSTEMPATH\Model.php(254): CodeIgniter\Database\BaseBuilder->get()
 4 SYSTEMPATH\BaseModel.php(675): CodeIgniter\Model->doFindAll(0, 0)
 5 APPPATH\Controllers\Artikel.php(38): CodeIgniter\BaseModel->findAll()
 6 SYSTEMPATH\CodeIgniter.php(951): App\Controllers\Artikel->admin_index()
 7 SYSTEMPATH\CodeIgniter.php(497): CodeIgniter\CodeIgniter->runController(Object(App\Controllers\Artikel))
 8 SYSTEMPATH\CodeIgniter.php(340): CodeIgniter\CodeIgniter->handleRequest(null, Object(Config\Cache), false)
 9 SYSTEMPATH\Boot.php(417): CodeIgniter\CodeIgniter->run()
10 SYSTEMPATH\Boot.php(68): CodeIgniter\Boot::runCodeIgniter(Object(CodeIgniter\CodeIgniter))
11 FCPATH\index.php(59): CodeIgniter\Boot::bootWeb(Object(Config\Paths))
12 SYSTEMPATH\rewrite.php(44): require_once('C:\\xampp\\htdocs\\lab11_ci\\ci4\\public\\index.php')
ERROR - 2026-03-08 02:16:35 --> Error connecting to the database: mysqli_sql_exception: Access denied for user ''@'localhost' (using password: NO) in C:\xampp\htdocs\lab11_ci\ci4\system\Database\MySQLi\Connection.php:201
Stack trace:
#0 C:\xampp\htdocs\lab11_ci\ci4\system\Database\MySQLi\Connection.php(201): mysqli->real_connect('localhost', '', Object(SensitiveParameterValue), '', 3306, '', 0)
#1 C:\xampp\htdocs\lab11_ci\ci4\system\Database\BaseConnection.php(419): CodeIgniter\Database\MySQLi\Connection->connect(false)
#2 C:\xampp\htdocs\lab11_ci\ci4\system\Database\BaseConnection.php(654): CodeIgniter\Database\BaseConnection->initialize()
#3 C:\xampp\htdocs\lab11_ci\ci4\system\Database\BaseBuilder.php(1649): CodeIgniter\Database\BaseConnection->query('SELECT *\nFROM `...', Array, false)
#4 C:\xampp\htdocs\lab11_ci\ci4\system\Model.php(254): CodeIgniter\Database\BaseBuilder->get()
#5 C:\xampp\htdocs\lab11_ci\ci4\system\BaseModel.php(675): CodeIgniter\Model->doFindAll(0, 0)
#6 C:\xampp\htdocs\lab11_ci\ci4\app\Controllers\Artikel.php(38): CodeIgniter\BaseModel->findAll()
#7 C:\xampp\htdocs\lab11_ci\ci4\system\CodeIgniter.php(951): App\Controllers\Artikel->admin_index()
#8 C:\xampp\htdocs\lab11_ci\ci4\system\CodeIgniter.php(497): CodeIgniter\CodeIgniter->runController(Object(App\Controllers\Artikel))
#9 C:\xampp\htdocs\lab11_ci\ci4\system\CodeIgniter.php(340): CodeIgniter\CodeIgniter->handleRequest(NULL, Object(Config\Cache), false)
#10 C:\xampp\htdocs\lab11_ci\ci4\system\Boot.php(417): CodeIgniter\CodeIgniter->run()
#11 C:\xampp\htdocs\lab11_ci\ci4\system\Boot.php(68): CodeIgniter\Boot::runCodeIgniter(Object(CodeIgniter\CodeIgniter))
#12 C:\xampp\htdocs\lab11_ci\ci4\public\index.php(59): CodeIgniter\Boot::bootWeb(Object(Config\Paths))
#13 C:\xampp\htdocs\lab11_ci\ci4\system\rewrite.php(44): require_once('C:\\xampp\\htdocs...')
#14 {main}

Next CodeIgniter\Database\Exceptions\DatabaseException: Access denied for user ''@'localhost' (using password: NO) in C:\xampp\htdocs\lab11_ci\ci4\system\Database\MySQLi\Connection.php:231
Stack trace:
#0 C:\xampp\htdocs\lab11_ci\ci4\system\Database\BaseConnection.php(419): CodeIgniter\Database\MySQLi\Connection->connect(false)
#1 C:\xampp\htdocs\lab11_ci\ci4\system\Database\BaseConnection.php(654): CodeIgniter\Database\BaseConnection->initialize()
#2 C:\xampp\htdocs\lab11_ci\ci4\system\Database\BaseBuilder.php(1649): CodeIgniter\Database\BaseConnection->query('SELECT *\nFROM `...', Array, false)
#3 C:\xampp\htdocs\lab11_ci\ci4\system\Model.php(254): CodeIgniter\Database\BaseBuilder->get()
#4 C:\xampp\htdocs\lab11_ci\ci4\system\BaseModel.php(675): CodeIgniter\Model->doFindAll(0, 0)
#5 C:\xampp\htdocs\lab11_ci\ci4\app\Controllers\Artikel.php(38): CodeIgniter\BaseModel->findAll()
#6 C:\xampp\htdocs\lab11_ci\ci4\system\CodeIgniter.php(951): App\Controllers\Artikel->admin_index()
#7 C:\xampp\htdocs\lab11_ci\ci4\system\CodeIgniter.php(497): CodeIgniter\CodeIgniter->runController(Object(App\Controllers\Artikel))
#8 C:\xampp\htdocs\lab11_ci\ci4\system\CodeIgniter.php(340): CodeIgniter\CodeIgniter->handleRequest(NULL, Object(Config\Cache), false)
#9 C:\xampp\htdocs\lab11_ci\ci4\system\Boot.php(417): CodeIgniter\CodeIgniter->run()
#10 C:\xampp\htdocs\lab11_ci\ci4\system\Boot.php(68): CodeIgniter\Boot::runCodeIgniter(Object(CodeIgniter\CodeIgniter))
#11 C:\xampp\htdocs\lab11_ci\ci4\public\index.php(59): CodeIgniter\Boot::bootWeb(Object(Config\Paths))
#12 C:\xampp\htdocs\lab11_ci\ci4\system\rewrite.php(44): require_once('C:\\xampp\\htdocs...')
#13 {main}
CRITICAL - 2026-03-08 02:16:35 --> CodeIgniter\Database\Exceptions\DatabaseException: Unable to connect to the database.
Main connection [MySQLi]: Access denied for user ''@'localhost' (using password: NO)
[Method: GET, Route: admin/artikel]
in SYSTEMPATH\Database\BaseConnection.php on line 465.
 1 SYSTEMPATH\Database\BaseConnection.php(654): CodeIgniter\Database\BaseConnection->initialize()
 2 SYSTEMPATH\Database\BaseBuilder.php(1649): CodeIgniter\Database\BaseConnection->query('SELECT *
FROM `artikel`', [], false)
 3 SYSTEMPATH\Model.php(254): CodeIgniter\Database\BaseBuilder->get()
 4 SYSTEMPATH\BaseModel.php(675): CodeIgniter\Model->doFindAll(0, 0)
 5 APPPATH\Controllers\Artikel.php(38): CodeIgniter\BaseModel->findAll()
 6 SYSTEMPATH\CodeIgniter.php(951): App\Controllers\Artikel->admin_index()
 7 SYSTEMPATH\CodeIgniter.php(497): CodeIgniter\CodeIgniter->runController(Object(App\Controllers\Artikel))
 8 SYSTEMPATH\CodeIgniter.php(340): CodeIgniter\CodeIgniter->handleRequest(null, Object(Config\Cache), false)
 9 SYSTEMPATH\Boot.php(417): CodeIgniter\CodeIgniter->run()
10 SYSTEMPATH\Boot.php(68): CodeIgniter\Boot::runCodeIgniter(Object(CodeIgniter\CodeIgniter))
11 FCPATH\index.php(59): CodeIgniter\Boot::bootWeb(Object(Config\Paths))
12 SYSTEMPATH\rewrite.php(44): require_once('C:\\xampp\\htdocs\\lab11_ci\\ci4\\public\\index.php')
ERROR - 2026-03-08 02:16:36 --> Error connecting to the database: mysqli_sql_exception: Access denied for user ''@'localhost' (using password: NO) in C:\xampp\htdocs\lab11_ci\ci4\system\Database\MySQLi\Connection.php:201
Stack trace:
#0 C:\xampp\htdocs\lab11_ci\ci4\system\Database\MySQLi\Connection.php(201): mysqli->real_connect('localhost', '', Object(SensitiveParameterValue), '', 3306, '', 0)
#1 C:\xampp\htdocs\lab11_ci\ci4\system\Database\BaseConnection.php(419): CodeIgniter\Database\MySQLi\Connection->connect(false)
#2 C:\xampp\htdocs\lab11_ci\ci4\system\Database\BaseConnection.php(654): CodeIgniter\Database\BaseConnection->initialize()
#3 C:\xampp\htdocs\lab11_ci\ci4\system\Database\BaseBuilder.php(1649): CodeIgniter\Database\BaseConnection->query('SELECT *\nFROM `...', Array, false)
#4 C:\xampp\htdocs\lab11_ci\ci4\system\Model.php(254): CodeIgniter\Database\BaseBuilder->get()
#5 C:\xampp\htdocs\lab11_ci\ci4\system\BaseModel.php(675): CodeIgniter\Model->doFindAll(0, 0)
#6 C:\xampp\htdocs\lab11_ci\ci4\app\Controllers\Artikel.php(38): CodeIgniter\BaseModel->findAll()
#7 C:\xampp\htdocs\lab11_ci\ci4\system\CodeIgniter.php(951): App\Controllers\Artikel->admin_index()
#8 C:\xampp\htdocs\lab11_ci\ci4\system\CodeIgniter.php(497): CodeIgniter\CodeIgniter->runController(Object(App\Controllers\Artikel))
#9 C:\xampp\htdocs\lab11_ci\ci4\system\CodeIgniter.php(340): CodeIgniter\CodeIgniter->handleRequest(NULL, Object(Config\Cache), false)
#10 C:\xampp\htdocs\lab11_ci\ci4\system\Boot.php(417): CodeIgniter\CodeIgniter->run()
#11 C:\xampp\htdocs\lab11_ci\ci4\system\Boot.php(68): CodeIgniter\Boot::runCodeIgniter(Object(CodeIgniter\CodeIgniter))
#12 C:\xampp\htdocs\lab11_ci\ci4\public\index.php(59): CodeIgniter\Boot::bootWeb(Object(Config\Paths))
#13 C:\xampp\htdocs\lab11_ci\ci4\system\rewrite.php(44): require_once('C:\\xampp\\htdocs...')
#14 {main}

Next CodeIgniter\Database\Exceptions\DatabaseException: Access denied for user ''@'localhost' (using password: NO) in C:\xampp\htdocs\lab11_ci\ci4\system\Database\MySQLi\Connection.php:231
Stack trace:
#0 C:\xampp\htdocs\lab11_ci\ci4\system\Database\BaseConnection.php(419): CodeIgniter\Database\MySQLi\Connection->connect(false)
#1 C:\xampp\htdocs\lab11_ci\ci4\system\Database\BaseConnection.php(654): CodeIgniter\Database\BaseConnection->initialize()
#2 C:\xampp\htdocs\lab11_ci\ci4\system\Database\BaseBuilder.php(1649): CodeIgniter\Database\BaseConnection->query('SELECT *\nFROM `...', Array, false)
#3 C:\xampp\htdocs\lab11_ci\ci4\system\Model.php(254): CodeIgniter\Database\BaseBuilder->get()
#4 C:\xampp\htdocs\lab11_ci\ci4\system\BaseModel.php(675): CodeIgniter\Model->doFindAll(0, 0)
#5 C:\xampp\htdocs\lab11_ci\ci4\app\Controllers\Artikel.php(38): CodeIgniter\BaseModel->findAll()
#6 C:\xampp\htdocs\lab11_ci\ci4\system\CodeIgniter.php(951): App\Controllers\Artikel->admin_index()
#7 C:\xampp\htdocs\lab11_ci\ci4\system\CodeIgniter.php(497): CodeIgniter\CodeIgniter->runController(Object(App\Controllers\Artikel))
#8 C:\xampp\htdocs\lab11_ci\ci4\system\CodeIgniter.php(340): CodeIgniter\CodeIgniter->handleRequest(NULL, Object(Config\Cache), false)
#9 C:\xampp\htdocs\lab11_ci\ci4\system\Boot.php(417): CodeIgniter\CodeIgniter->run()
#10 C:\xampp\htdocs\lab11_ci\ci4\system\Boot.php(68): CodeIgniter\Boot::runCodeIgniter(Object(CodeIgniter\CodeIgniter))
#11 C:\xampp\htdocs\lab11_ci\ci4\public\index.php(59): CodeIgniter\Boot::bootWeb(Object(Config\Paths))
#12 C:\xampp\htdocs\lab11_ci\ci4\system\rewrite.php(44): require_once('C:\\xampp\\htdocs...')
#13 {main}
CRITICAL - 2026-03-08 02:16:36 --> CodeIgniter\Database\Exceptions\DatabaseException: Unable to connect to the database.
Main connection [MySQLi]: Access denied for user ''@'localhost' (using password: NO)
[Method: GET, Route: admin/artikel]
in SYSTEMPATH\Database\BaseConnection.php on line 465.
 1 SYSTEMPATH\Database\BaseConnection.php(654): CodeIgniter\Database\BaseConnection->initialize()
 2 SYSTEMPATH\Database\BaseBuilder.php(1649): CodeIgniter\Database\BaseConnection->query('SELECT *
FROM `artikel`', [], false)
 3 SYSTEMPATH\Model.php(254): CodeIgniter\Database\BaseBuilder->get()
 4 SYSTEMPATH\BaseModel.php(675): CodeIgniter\Model->doFindAll(0, 0)
 5 APPPATH\Controllers\Artikel.php(38): CodeIgniter\BaseModel->findAll()
 6 SYSTEMPATH\CodeIgniter.php(951): App\Controllers\Artikel->admin_index()
 7 SYSTEMPATH\CodeIgniter.php(497): CodeIgniter\CodeIgniter->runController(Object(App\Controllers\Artikel))
 8 SYSTEMPATH\CodeIgniter.php(340): CodeIgniter\CodeIgniter->handleRequest(null, Object(Config\Cache), false)
 9 SYSTEMPATH\Boot.php(417): CodeIgniter\CodeIgniter->run()
10 SYSTEMPATH\Boot.php(68): CodeIgniter\Boot::runCodeIgniter(Object(CodeIgniter\CodeIgniter))
11 FCPATH\index.php(59): CodeIgniter\Boot::bootWeb(Object(Config\Paths))
12 SYSTEMPATH\rewrite.php(44): require_once('C:\\xampp\\htdocs\\lab11_ci\\ci4\\public\\index.php')
ERROR - 2026-03-08 02:16:36 --> Error connecting to the database: mysqli_sql_exception: Access denied for user ''@'localhost' (using password: NO) in C:\xampp\htdocs\lab11_ci\ci4\system\Database\MySQLi\Connection.php:201
Stack trace:
#0 C:\xampp\htdocs\lab11_ci\ci4\system\Database\MySQLi\Connection.php(201): mysqli->real_connect('localhost', '', Object(SensitiveParameterValue), '', 3306, '', 0)
#1 C:\xampp\htdocs\lab11_ci\ci4\system\Database\BaseConnection.php(419): CodeIgniter\Database\MySQLi\Connection->connect(false)
#2 C:\xampp\htdocs\lab11_ci\ci4\system\Database\BaseConnection.php(654): CodeIgniter\Database\BaseConnection->initialize()
#3 C:\xampp\htdocs\lab11_ci\ci4\system\Database\BaseBuilder.php(1649): CodeIgniter\Database\BaseConnection->query('SELECT *\nFROM `...', Array, false)
#4 C:\xampp\htdocs\lab11_ci\ci4\system\Model.php(254): CodeIgniter\Database\BaseBuilder->get()
#5 C:\xampp\htdocs\lab11_ci\ci4\system\BaseModel.php(675): CodeIgniter\Model->doFindAll(0, 0)
#6 C:\xampp\htdocs\lab11_ci\ci4\app\Controllers\Artikel.php(38): CodeIgniter\BaseModel->findAll()
#7 C:\xampp\htdocs\lab11_ci\ci4\system\CodeIgniter.php(951): App\Controllers\Artikel->admin_index()
#8 C:\xampp\htdocs\lab11_ci\ci4\system\CodeIgniter.php(497): CodeIgniter\CodeIgniter->runController(Object(App\Controllers\Artikel))
#9 C:\xampp\htdocs\lab11_ci\ci4\system\CodeIgniter.php(340): CodeIgniter\CodeIgniter->handleRequest(NULL, Object(Config\Cache), false)
#10 C:\xampp\htdocs\lab11_ci\ci4\system\Boot.php(417): CodeIgniter\CodeIgniter->run()
#11 C:\xampp\htdocs\lab11_ci\ci4\system\Boot.php(68): CodeIgniter\Boot::runCodeIgniter(Object(CodeIgniter\CodeIgniter))
#12 C:\xampp\htdocs\lab11_ci\ci4\public\index.php(59): CodeIgniter\Boot::bootWeb(Object(Config\Paths))
#13 C:\xampp\htdocs\lab11_ci\ci4\system\rewrite.php(44): require_once('C:\\xampp\\htdocs...')
#14 {main}

Next CodeIgniter\Database\Exceptions\DatabaseException: Access denied for user ''@'localhost' (using password: NO) in C:\xampp\htdocs\lab11_ci\ci4\system\Database\MySQLi\Connection.php:231
Stack trace:
#0 C:\xampp\htdocs\lab11_ci\ci4\system\Database\BaseConnection.php(419): CodeIgniter\Database\MySQLi\Connection->connect(false)
#1 C:\xampp\htdocs\lab11_ci\ci4\system\Database\BaseConnection.php(654): CodeIgniter\Database\BaseConnection->initialize()
#2 C:\xampp\htdocs\lab11_ci\ci4\system\Database\BaseBuilder.php(1649): CodeIgniter\Database\BaseConnection->query('SELECT *\nFROM `...', Array, false)
#3 C:\xampp\htdocs\lab11_ci\ci4\system\Model.php(254): CodeIgniter\Database\BaseBuilder->get()
#4 C:\xampp\htdocs\lab11_ci\ci4\system\BaseModel.php(675): CodeIgniter\Model->doFindAll(0, 0)
#5 C:\xampp\htdocs\lab11_ci\ci4\app\Controllers\Artikel.php(38): CodeIgniter\BaseModel->findAll()
#6 C:\xampp\htdocs\lab11_ci\ci4\system\CodeIgniter.php(951): App\Controllers\Artikel->admin_index()
#7 C:\xampp\htdocs\lab11_ci\ci4\system\CodeIgniter.php(497): CodeIgniter\CodeIgniter->runController(Object(App\Controllers\Artikel))
#8 C:\xampp\htdocs\lab11_ci\ci4\system\CodeIgniter.php(340): CodeIgniter\CodeIgniter->handleRequest(NULL, Object(Config\Cache), false)
#9 C:\xampp\htdocs\lab11_ci\ci4\system\Boot.php(417): CodeIgniter\CodeIgniter->run()
#10 C:\xampp\htdocs\lab11_ci\ci4\system\Boot.php(68): CodeIgniter\Boot::runCodeIgniter(Object(CodeIgniter\CodeIgniter))
#11 C:\xampp\htdocs\lab11_ci\ci4\public\index.php(59): CodeIgniter\Boot::bootWeb(Object(Config\Paths))
#12 C:\xampp\htdocs\lab11_ci\ci4\system\rewrite.php(44): require_once('C:\\xampp\\htdocs...')
#13 {main}
CRITICAL - 2026-03-08 02:16:36 --> CodeIgniter\Database\Exceptions\DatabaseException: Unable to connect to the database.
Main connection [MySQLi]: Access denied for user ''@'localhost' (using password: NO)
[Method: GET, Route: admin/artikel]
in SYSTEMPATH\Database\BaseConnection.php on line 465.
 1 SYSTEMPATH\Database\BaseConnection.php(654): CodeIgniter\Database\BaseConnection->initialize()
 2 SYSTEMPATH\Database\BaseBuilder.php(1649): CodeIgniter\Database\BaseConnection->query('SELECT *
FROM `artikel`', [], false)
 3 SYSTEMPATH\Model.php(254): CodeIgniter\Database\BaseBuilder->get()
 4 SYSTEMPATH\BaseModel.php(675): CodeIgniter\Model->doFindAll(0, 0)
 5 APPPATH\Controllers\Artikel.php(38): CodeIgniter\BaseModel->findAll()
 6 SYSTEMPATH\CodeIgniter.php(951): App\Controllers\Artikel->admin_index()
 7 SYSTEMPATH\CodeIgniter.php(497): CodeIgniter\CodeIgniter->runController(Object(App\Controllers\Artikel))
 8 SYSTEMPATH\CodeIgniter.php(340): CodeIgniter\CodeIgniter->handleRequest(null, Object(Config\Cache), false)
 9 SYSTEMPATH\Boot.php(417): CodeIgniter\CodeIgniter->run()
10 SYSTEMPATH\Boot.php(68): CodeIgniter\Boot::runCodeIgniter(Object(CodeIgniter\CodeIgniter))
11 FCPATH\index.php(59): CodeIgniter\Boot::bootWeb(Object(Config\Paths))
12 SYSTEMPATH\rewrite.php(44): require_once('C:\\xampp\\htdocs\\lab11_ci\\ci4\\public\\index.php')
ERROR - 2026-03-08 02:16:36 --> Error connecting to the database: mysqli_sql_exception: Access denied for user ''@'localhost' (using password: NO) in C:\xampp\htdocs\lab11_ci\ci4\system\Database\MySQLi\Connection.php:201
Stack trace:
#0 C:\xampp\htdocs\lab11_ci\ci4\system\Database\MySQLi\Connection.php(201): mysqli->real_connect('localhost', '', Object(SensitiveParameterValue), '', 3306, '', 0)
#1 C:\xampp\htdocs\lab11_ci\ci4\system\Database\BaseConnection.php(419): CodeIgniter\Database\MySQLi\Connection->connect(false)
#2 C:\xampp\htdocs\lab11_ci\ci4\system\Database\BaseConnection.php(654): CodeIgniter\Database\BaseConnection->initialize()
#3 C:\xampp\htdocs\lab11_ci\ci4\system\Database\BaseBuilder.php(1649): CodeIgniter\Database\BaseConnection->query('SELECT *\nFROM `...', Array, false)
#4 C:\xampp\htdocs\lab11_ci\ci4\system\Model.php(254): CodeIgniter\Database\BaseBuilder->get()
#5 C:\xampp\htdocs\lab11_ci\ci4\system\BaseModel.php(675): CodeIgniter\Model->doFindAll(0, 0)
#6 C:\xampp\htdocs\lab11_ci\ci4\app\Controllers\Artikel.php(38): CodeIgniter\BaseModel->findAll()
#7 C:\xampp\htdocs\lab11_ci\ci4\system\CodeIgniter.php(951): App\Controllers\Artikel->admin_index()
#8 C:\xampp\htdocs\lab11_ci\ci4\system\CodeIgniter.php(497): CodeIgniter\CodeIgniter->runController(Object(App\Controllers\Artikel))
#9 C:\xampp\htdocs\lab11_ci\ci4\system\CodeIgniter.php(340): CodeIgniter\CodeIgniter->handleRequest(NULL, Object(Config\Cache), false)
#10 C:\xampp\htdocs\lab11_ci\ci4\system\Boot.php(417): CodeIgniter\CodeIgniter->run()
#11 C:\xampp\htdocs\lab11_ci\ci4\system\Boot.php(68): CodeIgniter\Boot::runCodeIgniter(Object(CodeIgniter\CodeIgniter))
#12 C:\xampp\htdocs\lab11_ci\ci4\public\index.php(59): CodeIgniter\Boot::bootWeb(Object(Config\Paths))
#13 C:\xampp\htdocs\lab11_ci\ci4\system\rewrite.php(44): require_once('C:\\xampp\\htdocs...')
#14 {main}

Next CodeIgniter\Database\Exceptions\DatabaseException: Access denied for user ''@'localhost' (using password: NO) in C:\xampp\htdocs\lab11_ci\ci4\system\Database\MySQLi\Connection.php:231
Stack trace:
#0 C:\xampp\htdocs\lab11_ci\ci4\system\Database\BaseConnection.php(419): CodeIgniter\Database\MySQLi\Connection->connect(false)
#1 C:\xampp\htdocs\lab11_ci\ci4\system\Database\BaseConnection.php(654): CodeIgniter\Database\BaseConnection->initialize()
#2 C:\xampp\htdocs\lab11_ci\ci4\system\Database\BaseBuilder.php(1649): CodeIgniter\Database\BaseConnection->query('SELECT *\nFROM `...', Array, false)
#3 C:\xampp\htdocs\lab11_ci\ci4\system\Model.php(254): CodeIgniter\Database\BaseBuilder->get()
#4 C:\xampp\htdocs\lab11_ci\ci4\system\BaseModel.php(675): CodeIgniter\Model->doFindAll(0, 0)
#5 C:\xampp\htdocs\lab11_ci\ci4\app\Controllers\Artikel.php(38): CodeIgniter\BaseModel->findAll()
#6 C:\xampp\htdocs\lab11_ci\ci4\system\CodeIgniter.php(951): App\Controllers\Artikel->admin_index()
#7 C:\xampp\htdocs\lab11_ci\ci4\system\CodeIgniter.php(497): CodeIgniter\CodeIgniter->runController(Object(App\Controllers\Artikel))
#8 C:\xampp\htdocs\lab11_ci\ci4\system\CodeIgniter.php(340): CodeIgniter\CodeIgniter->handleRequest(NULL, Object(Config\Cache), false)
#9 C:\xampp\htdocs\lab11_ci\ci4\system\Boot.php(417): CodeIgniter\CodeIgniter->run()
#10 C:\xampp\htdocs\lab11_ci\ci4\system\Boot.php(68): CodeIgniter\Boot::runCodeIgniter(Object(CodeIgniter\CodeIgniter))
#11 C:\xampp\htdocs\lab11_ci\ci4\public\index.php(59): CodeIgniter\Boot::bootWeb(Object(Config\Paths))
#12 C:\xampp\htdocs\lab11_ci\ci4\system\rewrite.php(44): require_once('C:\\xampp\\htdocs...')
#13 {main}
CRITICAL - 2026-03-08 02:16:36 --> CodeIgniter\Database\Exceptions\DatabaseException: Unable to connect to the database.
Main connection [MySQLi]: Access denied for user ''@'localhost' (using password: NO)
[Method: GET, Route: admin/artikel]
in SYSTEMPATH\Database\BaseConnection.php on line 465.
 1 SYSTEMPATH\Database\BaseConnection.php(654): CodeIgniter\Database\BaseConnection->initialize()
 2 SYSTEMPATH\Database\BaseBuilder.php(1649): CodeIgniter\Database\BaseConnection->query('SELECT *
FROM `artikel`', [], false)
 3 SYSTEMPATH\Model.php(254): CodeIgniter\Database\BaseBuilder->get()
 4 SYSTEMPATH\BaseModel.php(675): CodeIgniter\Model->doFindAll(0, 0)
 5 APPPATH\Controllers\Artikel.php(38): CodeIgniter\BaseModel->findAll()
 6 SYSTEMPATH\CodeIgniter.php(951): App\Controllers\Artikel->admin_index()
 7 SYSTEMPATH\CodeIgniter.php(497): CodeIgniter\CodeIgniter->runController(Object(App\Controllers\Artikel))
 8 SYSTEMPATH\CodeIgniter.php(340): CodeIgniter\CodeIgniter->handleRequest(null, Object(Config\Cache), false)
 9 SYSTEMPATH\Boot.php(417): CodeIgniter\CodeIgniter->run()
10 SYSTEMPATH\Boot.php(68): CodeIgniter\Boot::runCodeIgniter(Object(CodeIgniter\CodeIgniter))
11 FCPATH\index.php(59): CodeIgniter\Boot::bootWeb(Object(Config\Paths))
12 SYSTEMPATH\rewrite.php(44): require_once('C:\\xampp\\htdocs\\lab11_ci\\ci4\\public\\index.php')
ERROR - 2026-03-08 02:16:36 --> Error connecting to the database: mysqli_sql_exception: Access denied for user ''@'localhost' (using password: NO) in C:\xampp\htdocs\lab11_ci\ci4\system\Database\MySQLi\Connection.php:201
Stack trace:
#0 C:\xampp\htdocs\lab11_ci\ci4\system\Database\MySQLi\Connection.php(201): mysqli->real_connect('localhost', '', Object(SensitiveParameterValue), '', 3306, '', 0)
#1 C:\xampp\htdocs\lab11_ci\ci4\system\Database\BaseConnection.php(419): CodeIgniter\Database\MySQLi\Connection->connect(false)
#2 C:\xampp\htdocs\lab11_ci\ci4\system\Database\BaseConnection.php(654): CodeIgniter\Database\BaseConnection->initialize()
#3 C:\xampp\htdocs\lab11_ci\ci4\system\Database\BaseBuilder.php(1649): CodeIgniter\Database\BaseConnection->query('SELECT *\nFROM `...', Array, false)
#4 C:\xampp\htdocs\lab11_ci\ci4\system\Model.php(254): CodeIgniter\Database\BaseBuilder->get()
#5 C:\xampp\htdocs\lab11_ci\ci4\system\BaseModel.php(675): CodeIgniter\Model->doFindAll(0, 0)
#6 C:\xampp\htdocs\lab11_ci\ci4\app\Controllers\Artikel.php(38): CodeIgniter\BaseModel->findAll()
#7 C:\xampp\htdocs\lab11_ci\ci4\system\CodeIgniter.php(951): App\Controllers\Artikel->admin_index()
#8 C:\xampp\htdocs\lab11_ci\ci4\system\CodeIgniter.php(497): CodeIgniter\CodeIgniter->runController(Object(App\Controllers\Artikel))
#9 C:\xampp\htdocs\lab11_ci\ci4\system\CodeIgniter.php(340): CodeIgniter\CodeIgniter->handleRequest(NULL, Object(Config\Cache), false)
#10 C:\xampp\htdocs\lab11_ci\ci4\system\Boot.php(417): CodeIgniter\CodeIgniter->run()
#11 C:\xampp\htdocs\lab11_ci\ci4\system\Boot.php(68): CodeIgniter\Boot::runCodeIgniter(Object(CodeIgniter\CodeIgniter))
#12 C:\xampp\htdocs\lab11_ci\ci4\public\index.php(59): CodeIgniter\Boot::bootWeb(Object(Config\Paths))
#13 C:\xampp\htdocs\lab11_ci\ci4\system\rewrite.php(44): require_once('C:\\xampp\\htdocs...')
#14 {main}

Next CodeIgniter\Database\Exceptions\DatabaseException: Access denied for user ''@'localhost' (using password: NO) in C:\xampp\htdocs\lab11_ci\ci4\system\Database\MySQLi\Connection.php:231
Stack trace:
#0 C:\xampp\htdocs\lab11_ci\ci4\system\Database\BaseConnection.php(419): CodeIgniter\Database\MySQLi\Connection->connect(false)
#1 C:\xampp\htdocs\lab11_ci\ci4\system\Database\BaseConnection.php(654): CodeIgniter\Database\BaseConnection->initialize()
#2 C:\xampp\htdocs\lab11_ci\ci4\system\Database\BaseBuilder.php(1649): CodeIgniter\Database\BaseConnection->query('SELECT *\nFROM `...', Array, false)
#3 C:\xampp\htdocs\lab11_ci\ci4\system\Model.php(254): CodeIgniter\Database\BaseBuilder->get()
#4 C:\xampp\htdocs\lab11_ci\ci4\system\BaseModel.php(675): CodeIgniter\Model->doFindAll(0, 0)
#5 C:\xampp\htdocs\lab11_ci\ci4\app\Controllers\Artikel.php(38): CodeIgniter\BaseModel->findAll()
#6 C:\xampp\htdocs\lab11_ci\ci4\system\CodeIgniter.php(951): App\Controllers\Artikel->admin_index()
#7 C:\xampp\htdocs\lab11_ci\ci4\system\CodeIgniter.php(497): CodeIgniter\CodeIgniter->runController(Object(App\Controllers\Artikel))
#8 C:\xampp\htdocs\lab11_ci\ci4\system\CodeIgniter.php(340): CodeIgniter\CodeIgniter->handleRequest(NULL, Object(Config\Cache), false)
#9 C:\xampp\htdocs\lab11_ci\ci4\system\Boot.php(417): CodeIgniter\CodeIgniter->run()
#10 C:\xampp\htdocs\lab11_ci\ci4\system\Boot.php(68): CodeIgniter\Boot::runCodeIgniter(Object(CodeIgniter\CodeIgniter))
#11 C:\xampp\htdocs\lab11_ci\ci4\public\index.php(59): CodeIgniter\Boot::bootWeb(Object(Config\Paths))
#12 C:\xampp\htdocs\lab11_ci\ci4\system\rewrite.php(44): require_once('C:\\xampp\\htdocs...')
#13 {main}
CRITICAL - 2026-03-08 02:16:36 --> CodeIgniter\Database\Exceptions\DatabaseException: Unable to connect to the database.
Main connection [MySQLi]: Access denied for user ''@'localhost' (using password: NO)
[Method: GET, Route: admin/artikel]
in SYSTEMPATH\Database\BaseConnection.php on line 465.
 1 SYSTEMPATH\Database\BaseConnection.php(654): CodeIgniter\Database\BaseConnection->initialize()
 2 SYSTEMPATH\Database\BaseBuilder.php(1649): CodeIgniter\Database\BaseConnection->query('SELECT *
FROM `artikel`', [], false)
 3 SYSTEMPATH\Model.php(254): CodeIgniter\Database\BaseBuilder->get()
 4 SYSTEMPATH\BaseModel.php(675): CodeIgniter\Model->doFindAll(0, 0)
 5 APPPATH\Controllers\Artikel.php(38): CodeIgniter\BaseModel->findAll()
 6 SYSTEMPATH\CodeIgniter.php(951): App\Controllers\Artikel->admin_index()
 7 SYSTEMPATH\CodeIgniter.php(497): CodeIgniter\CodeIgniter->runController(Object(App\Controllers\Artikel))
 8 SYSTEMPATH\CodeIgniter.php(340): CodeIgniter\CodeIgniter->handleRequest(null, Object(Config\Cache), false)
 9 SYSTEMPATH\Boot.php(417): CodeIgniter\CodeIgniter->run()
10 SYSTEMPATH\Boot.php(68): CodeIgniter\Boot::runCodeIgniter(Object(CodeIgniter\CodeIgniter))
11 FCPATH\index.php(59): CodeIgniter\Boot::bootWeb(Object(Config\Paths))
12 SYSTEMPATH\rewrite.php(44): require_once('C:\\xampp\\htdocs\\lab11_ci\\ci4\\public\\index.php')
ERROR - 2026-03-08 02:16:36 --> Error connecting to the database: mysqli_sql_exception: Access denied for user ''@'localhost' (using password: NO) in C:\xampp\htdocs\lab11_ci\ci4\system\Database\MySQLi\Connection.php:201
Stack trace:
#0 C:\xampp\htdocs\lab11_ci\ci4\system\Database\MySQLi\Connection.php(201): mysqli->real_connect('localhost', '', Object(SensitiveParameterValue), '', 3306, '', 0)
#1 C:\xampp\htdocs\lab11_ci\ci4\system\Database\BaseConnection.php(419): CodeIgniter\Database\MySQLi\Connection->connect(false)
#2 C:\xampp\htdocs\lab11_ci\ci4\system\Database\BaseConnection.php(654): CodeIgniter\Database\BaseConnection->initialize()
#3 C:\xampp\htdocs\lab11_ci\ci4\system\Database\BaseBuilder.php(1649): CodeIgniter\Database\BaseConnection->query('SELECT *\nFROM `...', Array, false)
#4 C:\xampp\htdocs\lab11_ci\ci4\system\Model.php(254): CodeIgniter\Database\BaseBuilder->get()
#5 C:\xampp\htdocs\lab11_ci\ci4\system\BaseModel.php(675): CodeIgniter\Model->doFindAll(0, 0)
#6 C:\xampp\htdocs\lab11_ci\ci4\app\Controllers\Artikel.php(38): CodeIgniter\BaseModel->findAll()
#7 C:\xampp\htdocs\lab11_ci\ci4\system\CodeIgniter.php(951): App\Controllers\Artikel->admin_index()
#8 C:\xampp\htdocs\lab11_ci\ci4\system\CodeIgniter.php(497): CodeIgniter\CodeIgniter->runController(Object(App\Controllers\Artikel))
#9 C:\xampp\htdocs\lab11_ci\ci4\system\CodeIgniter.php(340): CodeIgniter\CodeIgniter->handleRequest(NULL, Object(Config\Cache), false)
#10 C:\xampp\htdocs\lab11_ci\ci4\system\Boot.php(417): CodeIgniter\CodeIgniter->run()
#11 C:\xampp\htdocs\lab11_ci\ci4\system\Boot.php(68): CodeIgniter\Boot::runCodeIgniter(Object(CodeIgniter\CodeIgniter))
#12 C:\xampp\htdocs\lab11_ci\ci4\public\index.php(59): CodeIgniter\Boot::bootWeb(Object(Config\Paths))
#13 C:\xampp\htdocs\lab11_ci\ci4\system\rewrite.php(44): require_once('C:\\xampp\\htdocs...')
#14 {main}

Next CodeIgniter\Database\Exceptions\DatabaseException: Access denied for user ''@'localhost' (using password: NO) in C:\xampp\htdocs\lab11_ci\ci4\system\Database\MySQLi\Connection.php:231
Stack trace:
#0 C:\xampp\htdocs\lab11_ci\ci4\system\Database\BaseConnection.php(419): CodeIgniter\Database\MySQLi\Connection->connect(false)
#1 C:\xampp\htdocs\lab11_ci\ci4\system\Database\BaseConnection.php(654): CodeIgniter\Database\BaseConnection->initialize()
#2 C:\xampp\htdocs\lab11_ci\ci4\system\Database\BaseBuilder.php(1649): CodeIgniter\Database\BaseConnection->query('SELECT *\nFROM `...', Array, false)
#3 C:\xampp\htdocs\lab11_ci\ci4\system\Model.php(254): CodeIgniter\Database\BaseBuilder->get()
#4 C:\xampp\htdocs\lab11_ci\ci4\system\BaseModel.php(675): CodeIgniter\Model->doFindAll(0, 0)
#5 C:\xampp\htdocs\lab11_ci\ci4\app\Controllers\Artikel.php(38): CodeIgniter\BaseModel->findAll()
#6 C:\xampp\htdocs\lab11_ci\ci4\system\CodeIgniter.php(951): App\Controllers\Artikel->admin_index()
#7 C:\xampp\htdocs\lab11_ci\ci4\system\CodeIgniter.php(497): CodeIgniter\CodeIgniter->runController(Object(App\Controllers\Artikel))
#8 C:\xampp\htdocs\lab11_ci\ci4\system\CodeIgniter.php(340): CodeIgniter\CodeIgniter->handleRequest(NULL, Object(Config\Cache), false)
#9 C:\xampp\htdocs\lab11_ci\ci4\system\Boot.php(417): CodeIgniter\CodeIgniter->run()
#10 C:\xampp\htdocs\lab11_ci\ci4\system\Boot.php(68): CodeIgniter\Boot::runCodeIgniter(Object(CodeIgniter\CodeIgniter))
#11 C:\xampp\htdocs\lab11_ci\ci4\public\index.php(59): CodeIgniter\Boot::bootWeb(Object(Config\Paths))
#12 C:\xampp\htdocs\lab11_ci\ci4\system\rewrite.php(44): require_once('C:\\xampp\\htdocs...')
#13 {main}
CRITICAL - 2026-03-08 02:16:36 --> CodeIgniter\Database\Exceptions\DatabaseException: Unable to connect to the database.
Main connection [MySQLi]: Access denied for user ''@'localhost' (using password: NO)
[Method: GET, Route: admin/artikel]
in SYSTEMPATH\Database\BaseConnection.php on line 465.
 1 SYSTEMPATH\Database\BaseConnection.php(654): CodeIgniter\Database\BaseConnection->initialize()
 2 SYSTEMPATH\Database\BaseBuilder.php(1649): CodeIgniter\Database\BaseConnection->query('SELECT *
FROM `artikel`', [], false)
 3 SYSTEMPATH\Model.php(254): CodeIgniter\Database\BaseBuilder->get()
 4 SYSTEMPATH\BaseModel.php(675): CodeIgniter\Model->doFindAll(0, 0)
 5 APPPATH\Controllers\Artikel.php(38): CodeIgniter\BaseModel->findAll()
 6 SYSTEMPATH\CodeIgniter.php(951): App\Controllers\Artikel->admin_index()
 7 SYSTEMPATH\CodeIgniter.php(497): CodeIgniter\CodeIgniter->runController(Object(App\Controllers\Artikel))
 8 SYSTEMPATH\CodeIgniter.php(340): CodeIgniter\CodeIgniter->handleRequest(null, Object(Config\Cache), false)
 9 SYSTEMPATH\Boot.php(417): CodeIgniter\CodeIgniter->run()
10 SYSTEMPATH\Boot.php(68): CodeIgniter\Boot::runCodeIgniter(Object(CodeIgniter\CodeIgniter))
11 FCPATH\index.php(59): CodeIgniter\Boot::bootWeb(Object(Config\Paths))
12 SYSTEMPATH\rewrite.php(44): require_once('C:\\xampp\\htdocs\\lab11_ci\\ci4\\public\\index.php')
ERROR - 2026-03-08 02:16:36 --> Error connecting to the database: mysqli_sql_exception: Access denied for user ''@'localhost' (using password: NO) in C:\xampp\htdocs\lab11_ci\ci4\system\Database\MySQLi\Connection.php:201
Stack trace:
#0 C:\xampp\htdocs\lab11_ci\ci4\system\Database\MySQLi\Connection.php(201): mysqli->real_connect('localhost', '', Object(SensitiveParameterValue), '', 3306, '', 0)
#1 C:\xampp\htdocs\lab11_ci\ci4\system\Database\BaseConnection.php(419): CodeIgniter\Database\MySQLi\Connection->connect(false)
#2 C:\xampp\htdocs\lab11_ci\ci4\system\Database\BaseConnection.php(654): CodeIgniter\Database\BaseConnection->initialize()
#3 C:\xampp\htdocs\lab11_ci\ci4\system\Database\BaseBuilder.php(1649): CodeIgniter\Database\BaseConnection->query('SELECT *\nFROM `...', Array, false)
#4 C:\xampp\htdocs\lab11_ci\ci4\system\Model.php(254): CodeIgniter\Database\BaseBuilder->get()
#5 C:\xampp\htdocs\lab11_ci\ci4\system\BaseModel.php(675): CodeIgniter\Model->doFindAll(0, 0)
#6 C:\xampp\htdocs\lab11_ci\ci4\app\Controllers\Artikel.php(38): CodeIgniter\BaseModel->findAll()
#7 C:\xampp\htdocs\lab11_ci\ci4\system\CodeIgniter.php(951): App\Controllers\Artikel->admin_index()
#8 C:\xampp\htdocs\lab11_ci\ci4\system\CodeIgniter.php(497): CodeIgniter\CodeIgniter->runController(Object(App\Controllers\Artikel))
#9 C:\xampp\htdocs\lab11_ci\ci4\system\CodeIgniter.php(340): CodeIgniter\CodeIgniter->handleRequest(NULL, Object(Config\Cache), false)
#10 C:\xampp\htdocs\lab11_ci\ci4\system\Boot.php(417): CodeIgniter\CodeIgniter->run()
#11 C:\xampp\htdocs\lab11_ci\ci4\system\Boot.php(68): CodeIgniter\Boot::runCodeIgniter(Object(CodeIgniter\CodeIgniter))
#12 C:\xampp\htdocs\lab11_ci\ci4\public\index.php(59): CodeIgniter\Boot::bootWeb(Object(Config\Paths))
#13 C:\xampp\htdocs\lab11_ci\ci4\system\rewrite.php(44): require_once('C:\\xampp\\htdocs...')
#14 {main}

Next CodeIgniter\Database\Exceptions\DatabaseException: Access denied for user ''@'localhost' (using password: NO) in C:\xampp\htdocs\lab11_ci\ci4\system\Database\MySQLi\Connection.php:231
Stack trace:
#0 C:\xampp\htdocs\lab11_ci\ci4\system\Database\BaseConnection.php(419): CodeIgniter\Database\MySQLi\Connection->connect(false)
#1 C:\xampp\htdocs\lab11_ci\ci4\system\Database\BaseConnection.php(654): CodeIgniter\Database\BaseConnection->initialize()
#2 C:\xampp\htdocs\lab11_ci\ci4\system\Database\BaseBuilder.php(1649): CodeIgniter\Database\BaseConnection->query('SELECT *\nFROM `...', Array, false)
#3 C:\xampp\htdocs\lab11_ci\ci4\system\Model.php(254): CodeIgniter\Database\BaseBuilder->get()
#4 C:\xampp\htdocs\lab11_ci\ci4\system\BaseModel.php(675): CodeIgniter\Model->doFindAll(0, 0)
#5 C:\xampp\htdocs\lab11_ci\ci4\app\Controllers\Artikel.php(38): CodeIgniter\BaseModel->findAll()
#6 C:\xampp\htdocs\lab11_ci\ci4\system\CodeIgniter.php(951): App\Controllers\Artikel->admin_index()
#7 C:\xampp\htdocs\lab11_ci\ci4\system\CodeIgniter.php(497): CodeIgniter\CodeIgniter->runController(Object(App\Controllers\Artikel))
#8 C:\xampp\htdocs\lab11_ci\ci4\system\CodeIgniter.php(340): CodeIgniter\CodeIgniter->handleRequest(NULL, Object(Config\Cache), false)
#9 C:\xampp\htdocs\lab11_ci\ci4\system\Boot.php(417): CodeIgniter\CodeIgniter->run()
#10 C:\xampp\htdocs\lab11_ci\ci4\system\Boot.php(68): CodeIgniter\Boot::runCodeIgniter(Object(CodeIgniter\CodeIgniter))
#11 C:\xampp\htdocs\lab11_ci\ci4\public\index.php(59): CodeIgniter\Boot::bootWeb(Object(Config\Paths))
#12 C:\xampp\htdocs\lab11_ci\ci4\system\rewrite.php(44): require_once('C:\\xampp\\htdocs...')
#13 {main}
CRITICAL - 2026-03-08 02:16:36 --> CodeIgniter\Database\Exceptions\DatabaseException: Unable to connect to the database.
Main connection [MySQLi]: Access denied for user ''@'localhost' (using password: NO)
[Method: GET, Route: admin/artikel]
in SYSTEMPATH\Database\BaseConnection.php on line 465.
 1 SYSTEMPATH\Database\BaseConnection.php(654): CodeIgniter\Database\BaseConnection->initialize()
 2 SYSTEMPATH\Database\BaseBuilder.php(1649): CodeIgniter\Database\BaseConnection->query('SELECT *
FROM `artikel`', [], false)
 3 SYSTEMPATH\Model.php(254): CodeIgniter\Database\BaseBuilder->get()
 4 SYSTEMPATH\BaseModel.php(675): CodeIgniter\Model->doFindAll(0, 0)
 5 APPPATH\Controllers\Artikel.php(38): CodeIgniter\BaseModel->findAll()
 6 SYSTEMPATH\CodeIgniter.php(951): App\Controllers\Artikel->admin_index()
 7 SYSTEMPATH\CodeIgniter.php(497): CodeIgniter\CodeIgniter->runController(Object(App\Controllers\Artikel))
 8 SYSTEMPATH\CodeIgniter.php(340): CodeIgniter\CodeIgniter->handleRequest(null, Object(Config\Cache), false)
 9 SYSTEMPATH\Boot.php(417): CodeIgniter\CodeIgniter->run()
10 SYSTEMPATH\Boot.php(68): CodeIgniter\Boot::runCodeIgniter(Object(CodeIgniter\CodeIgniter))
11 FCPATH\index.php(59): CodeIgniter\Boot::bootWeb(Object(Config\Paths))
12 SYSTEMPATH\rewrite.php(44): require_once('C:\\xampp\\htdocs\\lab11_ci\\ci4\\public\\index.php')
ERROR - 2026-03-08 02:16:47 --> Error connecting to the database: mysqli_sql_exception: Access denied for user ''@'localhost' (using password: NO) in C:\xampp\htdocs\lab11_ci\ci4\system\Database\MySQLi\Connection.php:201
Stack trace:
#0 C:\xampp\htdocs\lab11_ci\ci4\system\Database\MySQLi\Connection.php(201): mysqli->real_connect('localhost', '', Object(SensitiveParameterValue), '', 3306, '', 0)
#1 C:\xampp\htdocs\lab11_ci\ci4\system\Database\BaseConnection.php(419): CodeIgniter\Database\MySQLi\Connection->connect(false)
#2 C:\xampp\htdocs\lab11_ci\ci4\system\Database\BaseConnection.php(654): CodeIgniter\Database\BaseConnection->initialize()
#3 C:\xampp\htdocs\lab11_ci\ci4\system\Database\BaseBuilder.php(1649): CodeIgniter\Database\BaseConnection->query('SELECT *\nFROM `...', Array, false)
#4 C:\xampp\htdocs\lab11_ci\ci4\system\Model.php(254): CodeIgniter\Database\BaseBuilder->get()
#5 C:\xampp\htdocs\lab11_ci\ci4\system\BaseModel.php(675): CodeIgniter\Model->doFindAll(0, 0)
#6 C:\xampp\htdocs\lab11_ci\ci4\app\Controllers\Artikel.php(38): CodeIgniter\BaseModel->findAll()
#7 C:\xampp\htdocs\lab11_ci\ci4\system\CodeIgniter.php(951): App\Controllers\Artikel->admin_index()
#8 C:\xampp\htdocs\lab11_ci\ci4\system\CodeIgniter.php(497): CodeIgniter\CodeIgniter->runController(Object(App\Controllers\Artikel))
#9 C:\xampp\htdocs\lab11_ci\ci4\system\CodeIgniter.php(340): CodeIgniter\CodeIgniter->handleRequest(NULL, Object(Config\Cache), false)
#10 C:\xampp\htdocs\lab11_ci\ci4\system\Boot.php(417): CodeIgniter\CodeIgniter->run()
#11 C:\xampp\htdocs\lab11_ci\ci4\system\Boot.php(68): CodeIgniter\Boot::runCodeIgniter(Object(CodeIgniter\CodeIgniter))
#12 C:\xampp\htdocs\lab11_ci\ci4\public\index.php(59): CodeIgniter\Boot::bootWeb(Object(Config\Paths))
#13 C:\xampp\htdocs\lab11_ci\ci4\system\rewrite.php(44): require_once('C:\\xampp\\htdocs...')
#14 {main}

Next CodeIgniter\Database\Exceptions\DatabaseException: Access denied for user ''@'localhost' (using password: NO) in C:\xampp\htdocs\lab11_ci\ci4\system\Database\MySQLi\Connection.php:231
Stack trace:
#0 C:\xampp\htdocs\lab11_ci\ci4\system\Database\BaseConnection.php(419): CodeIgniter\Database\MySQLi\Connection->connect(false)
#1 C:\xampp\htdocs\lab11_ci\ci4\system\Database\BaseConnection.php(654): CodeIgniter\Database\BaseConnection->initialize()
#2 C:\xampp\htdocs\lab11_ci\ci4\system\Database\BaseBuilder.php(1649): CodeIgniter\Database\BaseConnection->query('SELECT *\nFROM `...', Array, false)
#3 C:\xampp\htdocs\lab11_ci\ci4\system\Model.php(254): CodeIgniter\Database\BaseBuilder->get()
#4 C:\xampp\htdocs\lab11_ci\ci4\system\BaseModel.php(675): CodeIgniter\Model->doFindAll(0, 0)
#5 C:\xampp\htdocs\lab11_ci\ci4\app\Controllers\Artikel.php(38): CodeIgniter\BaseModel->findAll()
#6 C:\xampp\htdocs\lab11_ci\ci4\system\CodeIgniter.php(951): App\Controllers\Artikel->admin_index()
#7 C:\xampp\htdocs\lab11_ci\ci4\system\CodeIgniter.php(497): CodeIgniter\CodeIgniter->runController(Object(App\Controllers\Artikel))
#8 C:\xampp\htdocs\lab11_ci\ci4\system\CodeIgniter.php(340): CodeIgniter\CodeIgniter->handleRequest(NULL, Object(Config\Cache), false)
#9 C:\xampp\htdocs\lab11_ci\ci4\system\Boot.php(417): CodeIgniter\CodeIgniter->run()
#10 C:\xampp\htdocs\lab11_ci\ci4\system\Boot.php(68): CodeIgniter\Boot::runCodeIgniter(Object(CodeIgniter\CodeIgniter))
#11 C:\xampp\htdocs\lab11_ci\ci4\public\index.php(59): CodeIgniter\Boot::bootWeb(Object(Config\Paths))
#12 C:\xampp\htdocs\lab11_ci\ci4\system\rewrite.php(44): require_once('C:\\xampp\\htdocs...')
#13 {main}
CRITICAL - 2026-03-08 02:16:47 --> CodeIgniter\Database\Exceptions\DatabaseException: Unable to connect to the database.
Main connection [MySQLi]: Access denied for user ''@'localhost' (using password: NO)
[Method: GET, Route: admin/artikel]
in SYSTEMPATH\Database\BaseConnection.php on line 465.
 1 SYSTEMPATH\Database\BaseConnection.php(654): CodeIgniter\Database\BaseConnection->initialize()
 2 SYSTEMPATH\Database\BaseBuilder.php(1649): CodeIgniter\Database\BaseConnection->query('SELECT *
FROM `artikel`', [], false)
 3 SYSTEMPATH\Model.php(254): CodeIgniter\Database\BaseBuilder->get()
 4 SYSTEMPATH\BaseModel.php(675): CodeIgniter\Model->doFindAll(0, 0)
 5 APPPATH\Controllers\Artikel.php(38): CodeIgniter\BaseModel->findAll()
 6 SYSTEMPATH\CodeIgniter.php(951): App\Controllers\Artikel->admin_index()
 7 SYSTEMPATH\CodeIgniter.php(497): CodeIgniter\CodeIgniter->runController(Object(App\Controllers\Artikel))
 8 SYSTEMPATH\CodeIgniter.php(340): CodeIgniter\CodeIgniter->handleRequest(null, Object(Config\Cache), false)
 9 SYSTEMPATH\Boot.php(417): CodeIgniter\CodeIgniter->run()
10 SYSTEMPATH\Boot.php(68): CodeIgniter\Boot::runCodeIgniter(Object(CodeIgniter\CodeIgniter))
11 FCPATH\index.php(59): CodeIgniter\Boot::bootWeb(Object(Config\Paths))
12 SYSTEMPATH\rewrite.php(44): require_once('C:\\xampp\\htdocs\\lab11_ci\\ci4\\public\\index.php')
ERROR - 2026-03-08 02:24:10 --> Error connecting to the database: mysqli_sql_exception: Access denied for user ''@'localhost' (using password: NO) in C:\xampp\htdocs\lab11_ci\ci4\system\Database\MySQLi\Connection.php:201
Stack trace:
#0 C:\xampp\htdocs\lab11_ci\ci4\system\Database\MySQLi\Connection.php(201): mysqli->real_connect('localhost', '', Object(SensitiveParameterValue), '', 3306, '', 0)
#1 C:\xampp\htdocs\lab11_ci\ci4\system\Database\BaseConnection.php(419): CodeIgniter\Database\MySQLi\Connection->connect(false)
#2 C:\xampp\htdocs\lab11_ci\ci4\system\Database\BaseConnection.php(654): CodeIgniter\Database\BaseConnection->initialize()
#3 C:\xampp\htdocs\lab11_ci\ci4\system\Database\BaseBuilder.php(1649): CodeIgniter\Database\BaseConnection->query('SELECT *\nFROM `...', Array, false)
#4 C:\xampp\htdocs\lab11_ci\ci4\system\Model.php(254): CodeIgniter\Database\BaseBuilder->get()
#5 C:\xampp\htdocs\lab11_ci\ci4\system\BaseModel.php(675): CodeIgniter\Model->doFindAll(0, 0)
#6 C:\xampp\htdocs\lab11_ci\ci4\app\Controllers\Artikel.php(21): CodeIgniter\BaseModel->findAll()
#7 C:\xampp\htdocs\lab11_ci\ci4\system\CodeIgniter.php(951): App\Controllers\Artikel->admin_index()
#8 C:\xampp\htdocs\lab11_ci\ci4\system\CodeIgniter.php(497): CodeIgniter\CodeIgniter->runController(Object(App\Controllers\Artikel))
#9 C:\xampp\htdocs\lab11_ci\ci4\system\CodeIgniter.php(340): CodeIgniter\CodeIgniter->handleRequest(NULL, Object(Config\Cache), false)
#10 C:\xampp\htdocs\lab11_ci\ci4\system\Boot.php(417): CodeIgniter\CodeIgniter->run()
#11 C:\xampp\htdocs\lab11_ci\ci4\system\Boot.php(68): CodeIgniter\Boot::runCodeIgniter(Object(CodeIgniter\CodeIgniter))
#12 C:\xampp\htdocs\lab11_ci\ci4\public\index.php(59): CodeIgniter\Boot::bootWeb(Object(Config\Paths))
#13 C:\xampp\htdocs\lab11_ci\ci4\system\rewrite.php(44): require_once('C:\\xampp\\htdocs...')
#14 {main}

Next CodeIgniter\Database\Exceptions\DatabaseException: Access denied for user ''@'localhost' (using password: NO) in C:\xampp\htdocs\lab11_ci\ci4\system\Database\MySQLi\Connection.php:231
Stack trace:
#0 C:\xampp\htdocs\lab11_ci\ci4\system\Database\BaseConnection.php(419): CodeIgniter\Database\MySQLi\Connection->connect(false)
#1 C:\xampp\htdocs\lab11_ci\ci4\system\Database\BaseConnection.php(654): CodeIgniter\Database\BaseConnection->initialize()
#2 C:\xampp\htdocs\lab11_ci\ci4\system\Database\BaseBuilder.php(1649): CodeIgniter\Database\BaseConnection->query('SELECT *\nFROM `...', Array, false)
#3 C:\xampp\htdocs\lab11_ci\ci4\system\Model.php(254): CodeIgniter\Database\BaseBuilder->get()
#4 C:\xampp\htdocs\lab11_ci\ci4\system\BaseModel.php(675): CodeIgniter\Model->doFindAll(0, 0)
#5 C:\xampp\htdocs\lab11_ci\ci4\app\Controllers\Artikel.php(21): CodeIgniter\BaseModel->findAll()
#6 C:\xampp\htdocs\lab11_ci\ci4\system\CodeIgniter.php(951): App\Controllers\Artikel->admin_index()
#7 C:\xampp\htdocs\lab11_ci\ci4\system\CodeIgniter.php(497): CodeIgniter\CodeIgniter->runController(Object(App\Controllers\Artikel))
#8 C:\xampp\htdocs\lab11_ci\ci4\system\CodeIgniter.php(340): CodeIgniter\CodeIgniter->handleRequest(NULL, Object(Config\Cache), false)
#9 C:\xampp\htdocs\lab11_ci\ci4\system\Boot.php(417): CodeIgniter\CodeIgniter->run()
#10 C:\xampp\htdocs\lab11_ci\ci4\system\Boot.php(68): CodeIgniter\Boot::runCodeIgniter(Object(CodeIgniter\CodeIgniter))
#11 C:\xampp\htdocs\lab11_ci\ci4\public\index.php(59): CodeIgniter\Boot::bootWeb(Object(Config\Paths))
#12 C:\xampp\htdocs\lab11_ci\ci4\system\rewrite.php(44): require_once('C:\\xampp\\htdocs...')
#13 {main}
CRITICAL - 2026-03-08 02:24:10 --> CodeIgniter\Database\Exceptions\DatabaseException: Unable to connect to the database.
Main connection [MySQLi]: Access denied for user ''@'localhost' (using password: NO)
[Method: GET, Route: admin/artikel]
in SYSTEMPATH\Database\BaseConnection.php on line 465.
 1 SYSTEMPATH\Database\BaseConnection.php(654): CodeIgniter\Database\BaseConnection->initialize()
 2 SYSTEMPATH\Database\BaseBuilder.php(1649): CodeIgniter\Database\BaseConnection->query('SELECT *
FROM `artikel`', [], false)
 3 SYSTEMPATH\Model.php(254): CodeIgniter\Database\BaseBuilder->get()
 4 SYSTEMPATH\BaseModel.php(675): CodeIgniter\Model->doFindAll(0, 0)
 5 APPPATH\Controllers\Artikel.php(21): CodeIgniter\BaseModel->findAll()
 6 SYSTEMPATH\CodeIgniter.php(951): App\Controllers\Artikel->admin_index()
 7 SYSTEMPATH\CodeIgniter.php(497): CodeIgniter\CodeIgniter->runController(Object(App\Controllers\Artikel))
 8 SYSTEMPATH\CodeIgniter.php(340): CodeIgniter\CodeIgniter->handleRequest(null, Object(Config\Cache), false)
 9 SYSTEMPATH\Boot.php(417): CodeIgniter\CodeIgniter->run()
10 SYSTEMPATH\Boot.php(68): CodeIgniter\Boot::runCodeIgniter(Object(CodeIgniter\CodeIgniter))
11 FCPATH\index.php(59): CodeIgniter\Boot::bootWeb(Object(Config\Paths))
12 SYSTEMPATH\rewrite.php(44): require_once('C:\\xampp\\htdocs\\lab11_ci\\ci4\\public\\index.php')
ERROR - 2026-03-08 02:24:19 --> Error connecting to the database: mysqli_sql_exception: Access denied for user ''@'localhost' (using password: NO) in C:\xampp\htdocs\lab11_ci\ci4\system\Database\MySQLi\Connection.php:201
Stack trace:
#0 C:\xampp\htdocs\lab11_ci\ci4\system\Database\MySQLi\Connection.php(201): mysqli->real_connect('localhost', '', Object(SensitiveParameterValue), '', 3306, '', 0)
#1 C:\xampp\htdocs\lab11_ci\ci4\system\Database\BaseConnection.php(419): CodeIgniter\Database\MySQLi\Connection->connect(false)
#2 C:\xampp\htdocs\lab11_ci\ci4\system\Database\BaseConnection.php(654): CodeIgniter\Database\BaseConnection->initialize()
#3 C:\xampp\htdocs\lab11_ci\ci4\system\Database\BaseBuilder.php(1649): CodeIgniter\Database\BaseConnection->query('SELECT *\nFROM `...', Array, false)
#4 C:\xampp\htdocs\lab11_ci\ci4\system\Model.php(254): CodeIgniter\Database\BaseBuilder->get()
#5 C:\xampp\htdocs\lab11_ci\ci4\system\BaseModel.php(675): CodeIgniter\Model->doFindAll(0, 0)
#6 C:\xampp\htdocs\lab11_ci\ci4\app\Controllers\Artikel.php(12): CodeIgniter\BaseModel->findAll()
#7 C:\xampp\htdocs\lab11_ci\ci4\system\CodeIgniter.php(951): App\Controllers\Artikel->index()
#8 C:\xampp\htdocs\lab11_ci\ci4\system\CodeIgniter.php(497): CodeIgniter\CodeIgniter->runController(Object(App\Controllers\Artikel))
#9 C:\xampp\htdocs\lab11_ci\ci4\system\CodeIgniter.php(340): CodeIgniter\CodeIgniter->handleRequest(NULL, Object(Config\Cache), false)
#10 C:\xampp\htdocs\lab11_ci\ci4\system\Boot.php(417): CodeIgniter\CodeIgniter->run()
#11 C:\xampp\htdocs\lab11_ci\ci4\system\Boot.php(68): CodeIgniter\Boot::runCodeIgniter(Object(CodeIgniter\CodeIgniter))
#12 C:\xampp\htdocs\lab11_ci\ci4\public\index.php(59): CodeIgniter\Boot::bootWeb(Object(Config\Paths))
#13 C:\xampp\htdocs\lab11_ci\ci4\system\rewrite.php(44): require_once('C:\\xampp\\htdocs...')
#14 {main}

Next CodeIgniter\Database\Exceptions\DatabaseException: Access denied for user ''@'localhost' (using password: NO) in C:\xampp\htdocs\lab11_ci\ci4\system\Database\MySQLi\Connection.php:231
Stack trace:
#0 C:\xampp\htdocs\lab11_ci\ci4\system\Database\BaseConnection.php(419): CodeIgniter\Database\MySQLi\Connection->connect(false)
#1 C:\xampp\htdocs\lab11_ci\ci4\system\Database\BaseConnection.php(654): CodeIgniter\Database\BaseConnection->initialize()
#2 C:\xampp\htdocs\lab11_ci\ci4\system\Database\BaseBuilder.php(1649): CodeIgniter\Database\BaseConnection->query('SELECT *\nFROM `...', Array, false)
#3 C:\xampp\htdocs\lab11_ci\ci4\system\Model.php(254): CodeIgniter\Database\BaseBuilder->get()
#4 C:\xampp\htdocs\lab11_ci\ci4\system\BaseModel.php(675): CodeIgniter\Model->doFindAll(0, 0)
#5 C:\xampp\htdocs\lab11_ci\ci4\app\Controllers\Artikel.php(12): CodeIgniter\BaseModel->findAll()
#6 C:\xampp\htdocs\lab11_ci\ci4\system\CodeIgniter.php(951): App\Controllers\Artikel->index()
#7 C:\xampp\htdocs\lab11_ci\ci4\system\CodeIgniter.php(497): CodeIgniter\CodeIgniter->runController(Object(App\Controllers\Artikel))
#8 C:\xampp\htdocs\lab11_ci\ci4\system\CodeIgniter.php(340): CodeIgniter\CodeIgniter->handleRequest(NULL, Object(Config\Cache), false)
#9 C:\xampp\htdocs\lab11_ci\ci4\system\Boot.php(417): CodeIgniter\CodeIgniter->run()
#10 C:\xampp\htdocs\lab11_ci\ci4\system\Boot.php(68): CodeIgniter\Boot::runCodeIgniter(Object(CodeIgniter\CodeIgniter))
#11 C:\xampp\htdocs\lab11_ci\ci4\public\index.php(59): CodeIgniter\Boot::bootWeb(Object(Config\Paths))
#12 C:\xampp\htdocs\lab11_ci\ci4\system\rewrite.php(44): require_once('C:\\xampp\\htdocs...')
#13 {main}
CRITICAL - 2026-03-08 02:24:19 --> CodeIgniter\Database\Exceptions\DatabaseException: Unable to connect to the database.
Main connection [MySQLi]: Access denied for user ''@'localhost' (using password: NO)
[Method: GET, Route: artikel]
in SYSTEMPATH\Database\BaseConnection.php on line 465.
 1 SYSTEMPATH\Database\BaseConnection.php(654): CodeIgniter\Database\BaseConnection->initialize()
 2 SYSTEMPATH\Database\BaseBuilder.php(1649): CodeIgniter\Database\BaseConnection->query('SELECT *
FROM `artikel`', [], false)
 3 SYSTEMPATH\Model.php(254): CodeIgniter\Database\BaseBuilder->get()
 4 SYSTEMPATH\BaseModel.php(675): CodeIgniter\Model->doFindAll(0, 0)
 5 APPPATH\Controllers\Artikel.php(12): CodeIgniter\BaseModel->findAll()
 6 SYSTEMPATH\CodeIgniter.php(951): App\Controllers\Artikel->index()
 7 SYSTEMPATH\CodeIgniter.php(497): CodeIgniter\CodeIgniter->runController(Object(App\Controllers\Artikel))
 8 SYSTEMPATH\CodeIgniter.php(340): CodeIgniter\CodeIgniter->handleRequest(null, Object(Config\Cache), false)
 9 SYSTEMPATH\Boot.php(417): CodeIgniter\CodeIgniter->run()
10 SYSTEMPATH\Boot.php(68): CodeIgniter\Boot::runCodeIgniter(Object(CodeIgniter\CodeIgniter))
11 FCPATH\index.php(59): CodeIgniter\Boot::bootWeb(Object(Config\Paths))
12 SYSTEMPATH\rewrite.php(44): require_once('C:\\xampp\\htdocs\\lab11_ci\\ci4\\public\\index.php')
ERROR - 2026-03-08 02:24:20 --> Error connecting to the database: mysqli_sql_exception: Access denied for user ''@'localhost' (using password: NO) in C:\xampp\htdocs\lab11_ci\ci4\system\Database\MySQLi\Connection.php:201
Stack trace:
#0 C:\xampp\htdocs\lab11_ci\ci4\system\Database\MySQLi\Connection.php(201): mysqli->real_connect('localhost', '', Object(SensitiveParameterValue), '', 3306, '', 0)
#1 C:\xampp\htdocs\lab11_ci\ci4\system\Database\BaseConnection.php(419): CodeIgniter\Database\MySQLi\Connection->connect(false)
#2 C:\xampp\htdocs\lab11_ci\ci4\system\Database\BaseConnection.php(654): CodeIgniter\Database\BaseConnection->initialize()
#3 C:\xampp\htdocs\lab11_ci\ci4\system\Database\BaseBuilder.php(1649): CodeIgniter\Database\BaseConnection->query('SELECT *\nFROM `...', Array, false)
#4 C:\xampp\htdocs\lab11_ci\ci4\system\Model.php(254): CodeIgniter\Database\BaseBuilder->get()
#5 C:\xampp\htdocs\lab11_ci\ci4\system\BaseModel.php(675): CodeIgniter\Model->doFindAll(0, 0)
#6 C:\xampp\htdocs\lab11_ci\ci4\app\Controllers\Artikel.php(12): CodeIgniter\BaseModel->findAll()
#7 C:\xampp\htdocs\lab11_ci\ci4\system\CodeIgniter.php(951): App\Controllers\Artikel->index()
#8 C:\xampp\htdocs\lab11_ci\ci4\system\CodeIgniter.php(497): CodeIgniter\CodeIgniter->runController(Object(App\Controllers\Artikel))
#9 C:\xampp\htdocs\lab11_ci\ci4\system\CodeIgniter.php(340): CodeIgniter\CodeIgniter->handleRequest(NULL, Object(Config\Cache), false)
#10 C:\xampp\htdocs\lab11_ci\ci4\system\Boot.php(417): CodeIgniter\CodeIgniter->run()
#11 C:\xampp\htdocs\lab11_ci\ci4\system\Boot.php(68): CodeIgniter\Boot::runCodeIgniter(Object(CodeIgniter\CodeIgniter))
#12 C:\xampp\htdocs\lab11_ci\ci4\public\index.php(59): CodeIgniter\Boot::bootWeb(Object(Config\Paths))
#13 C:\xampp\htdocs\lab11_ci\ci4\system\rewrite.php(44): require_once('C:\\xampp\\htdocs...')
#14 {main}

Next CodeIgniter\Database\Exceptions\DatabaseException: Access denied for user ''@'localhost' (using password: NO) in C:\xampp\htdocs\lab11_ci\ci4\system\Database\MySQLi\Connection.php:231
Stack trace:
#0 C:\xampp\htdocs\lab11_ci\ci4\system\Database\BaseConnection.php(419): CodeIgniter\Database\MySQLi\Connection->connect(false)
#1 C:\xampp\htdocs\lab11_ci\ci4\system\Database\BaseConnection.php(654): CodeIgniter\Database\BaseConnection->initialize()
#2 C:\xampp\htdocs\lab11_ci\ci4\system\Database\BaseBuilder.php(1649): CodeIgniter\Database\BaseConnection->query('SELECT *\nFROM `...', Array, false)
#3 C:\xampp\htdocs\lab11_ci\ci4\system\Model.php(254): CodeIgniter\Database\BaseBuilder->get()
#4 C:\xampp\htdocs\lab11_ci\ci4\system\BaseModel.php(675): CodeIgniter\Model->doFindAll(0, 0)
#5 C:\xampp\htdocs\lab11_ci\ci4\app\Controllers\Artikel.php(12): CodeIgniter\BaseModel->findAll()
#6 C:\xampp\htdocs\lab11_ci\ci4\system\CodeIgniter.php(951): App\Controllers\Artikel->index()
#7 C:\xampp\htdocs\lab11_ci\ci4\system\CodeIgniter.php(497): CodeIgniter\CodeIgniter->runController(Object(App\Controllers\Artikel))
#8 C:\xampp\htdocs\lab11_ci\ci4\system\CodeIgniter.php(340): CodeIgniter\CodeIgniter->handleRequest(NULL, Object(Config\Cache), false)
#9 C:\xampp\htdocs\lab11_ci\ci4\system\Boot.php(417): CodeIgniter\CodeIgniter->run()
#10 C:\xampp\htdocs\lab11_ci\ci4\system\Boot.php(68): CodeIgniter\Boot::runCodeIgniter(Object(CodeIgniter\CodeIgniter))
#11 C:\xampp\htdocs\lab11_ci\ci4\public\index.php(59): CodeIgniter\Boot::bootWeb(Object(Config\Paths))
#12 C:\xampp\htdocs\lab11_ci\ci4\system\rewrite.php(44): require_once('C:\\xampp\\htdocs...')
#13 {main}
CRITICAL - 2026-03-08 02:24:20 --> CodeIgniter\Database\Exceptions\DatabaseException: Unable to connect to the database.
Main connection [MySQLi]: Access denied for user ''@'localhost' (using password: NO)
[Method: GET, Route: artikel]
in SYSTEMPATH\Database\BaseConnection.php on line 465.
 1 SYSTEMPATH\Database\BaseConnection.php(654): CodeIgniter\Database\BaseConnection->initialize()
 2 SYSTEMPATH\Database\BaseBuilder.php(1649): CodeIgniter\Database\BaseConnection->query('SELECT *
FROM `artikel`', [], false)
 3 SYSTEMPATH\Model.php(254): CodeIgniter\Database\BaseBuilder->get()
 4 SYSTEMPATH\BaseModel.php(675): CodeIgniter\Model->doFindAll(0, 0)
 5 APPPATH\Controllers\Artikel.php(12): CodeIgniter\BaseModel->findAll()
 6 SYSTEMPATH\CodeIgniter.php(951): App\Controllers\Artikel->index()
 7 SYSTEMPATH\CodeIgniter.php(497): CodeIgniter\CodeIgniter->runController(Object(App\Controllers\Artikel))
 8 SYSTEMPATH\CodeIgniter.php(340): CodeIgniter\CodeIgniter->handleRequest(null, Object(Config\Cache), false)
 9 SYSTEMPATH\Boot.php(417): CodeIgniter\CodeIgniter->run()
10 SYSTEMPATH\Boot.php(68): CodeIgniter\Boot::runCodeIgniter(Object(CodeIgniter\CodeIgniter))
11 FCPATH\index.php(59): CodeIgniter\Boot::bootWeb(Object(Config\Paths))
12 SYSTEMPATH\rewrite.php(44): require_once('C:\\xampp\\htdocs\\lab11_ci\\ci4\\public\\index.php')
ERROR - 2026-03-08 02:24:21 --> Error connecting to the database: mysqli_sql_exception: Access denied for user ''@'localhost' (using password: NO) in C:\xampp\htdocs\lab11_ci\ci4\system\Database\MySQLi\Connection.php:201
Stack trace:
#0 C:\xampp\htdocs\lab11_ci\ci4\system\Database\MySQLi\Connection.php(201): mysqli->real_connect('localhost', '', Object(SensitiveParameterValue), '', 3306, '', 0)
#1 C:\xampp\htdocs\lab11_ci\ci4\system\Database\BaseConnection.php(419): CodeIgniter\Database\MySQLi\Connection->connect(false)
#2 C:\xampp\htdocs\lab11_ci\ci4\system\Database\BaseConnection.php(654): CodeIgniter\Database\BaseConnection->initialize()
#3 C:\xampp\htdocs\lab11_ci\ci4\system\Database\BaseBuilder.php(1649): CodeIgniter\Database\BaseConnection->query('SELECT *\nFROM `...', Array, false)
#4 C:\xampp\htdocs\lab11_ci\ci4\system\Model.php(254): CodeIgniter\Database\BaseBuilder->get()
#5 C:\xampp\htdocs\lab11_ci\ci4\system\BaseModel.php(675): CodeIgniter\Model->doFindAll(0, 0)
#6 C:\xampp\htdocs\lab11_ci\ci4\app\Controllers\Artikel.php(12): CodeIgniter\BaseModel->findAll()
#7 C:\xampp\htdocs\lab11_ci\ci4\system\CodeIgniter.php(951): App\Controllers\Artikel->index()
#8 C:\xampp\htdocs\lab11_ci\ci4\system\CodeIgniter.php(497): CodeIgniter\CodeIgniter->runController(Object(App\Controllers\Artikel))
#9 C:\xampp\htdocs\lab11_ci\ci4\system\CodeIgniter.php(340): CodeIgniter\CodeIgniter->handleRequest(NULL, Object(Config\Cache), false)
#10 C:\xampp\htdocs\lab11_ci\ci4\system\Boot.php(417): CodeIgniter\CodeIgniter->run()
#11 C:\xampp\htdocs\lab11_ci\ci4\system\Boot.php(68): CodeIgniter\Boot::runCodeIgniter(Object(CodeIgniter\CodeIgniter))
#12 C:\xampp\htdocs\lab11_ci\ci4\public\index.php(59): CodeIgniter\Boot::bootWeb(Object(Config\Paths))
#13 C:\xampp\htdocs\lab11_ci\ci4\system\rewrite.php(44): require_once('C:\\xampp\\htdocs...')
#14 {main}

Next CodeIgniter\Database\Exceptions\DatabaseException: Access denied for user ''@'localhost' (using password: NO) in C:\xampp\htdocs\lab11_ci\ci4\system\Database\MySQLi\Connection.php:231
Stack trace:
#0 C:\xampp\htdocs\lab11_ci\ci4\system\Database\BaseConnection.php(419): CodeIgniter\Database\MySQLi\Connection->connect(false)
#1 C:\xampp\htdocs\lab11_ci\ci4\system\Database\BaseConnection.php(654): CodeIgniter\Database\BaseConnection->initialize()
#2 C:\xampp\htdocs\lab11_ci\ci4\system\Database\BaseBuilder.php(1649): CodeIgniter\Database\BaseConnection->query('SELECT *\nFROM `...', Array, false)
#3 C:\xampp\htdocs\lab11_ci\ci4\system\Model.php(254): CodeIgniter\Database\BaseBuilder->get()
#4 C:\xampp\htdocs\lab11_ci\ci4\system\BaseModel.php(675): CodeIgniter\Model->doFindAll(0, 0)
#5 C:\xampp\htdocs\lab11_ci\ci4\app\Controllers\Artikel.php(12): CodeIgniter\BaseModel->findAll()
#6 C:\xampp\htdocs\lab11_ci\ci4\system\CodeIgniter.php(951): App\Controllers\Artikel->index()
#7 C:\xampp\htdocs\lab11_ci\ci4\system\CodeIgniter.php(497): CodeIgniter\CodeIgniter->runController(Object(App\Controllers\Artikel))
#8 C:\xampp\htdocs\lab11_ci\ci4\system\CodeIgniter.php(340): CodeIgniter\CodeIgniter->handleRequest(NULL, Object(Config\Cache), false)
#9 C:\xampp\htdocs\lab11_ci\ci4\system\Boot.php(417): CodeIgniter\CodeIgniter->run()
#10 C:\xampp\htdocs\lab11_ci\ci4\system\Boot.php(68): CodeIgniter\Boot::runCodeIgniter(Object(CodeIgniter\CodeIgniter))
#11 C:\xampp\htdocs\lab11_ci\ci4\public\index.php(59): CodeIgniter\Boot::bootWeb(Object(Config\Paths))
#12 C:\xampp\htdocs\lab11_ci\ci4\system\rewrite.php(44): require_once('C:\\xampp\\htdocs...')
#13 {main}
CRITICAL - 2026-03-08 02:24:21 --> CodeIgniter\Database\Exceptions\DatabaseException: Unable to connect to the database.
Main connection [MySQLi]: Access denied for user ''@'localhost' (using password: NO)
[Method: GET, Route: artikel]
in SYSTEMPATH\Database\BaseConnection.php on line 465.
 1 SYSTEMPATH\Database\BaseConnection.php(654): CodeIgniter\Database\BaseConnection->initialize()
 2 SYSTEMPATH\Database\BaseBuilder.php(1649): CodeIgniter\Database\BaseConnection->query('SELECT *
FROM `artikel`', [], false)
 3 SYSTEMPATH\Model.php(254): CodeIgniter\Database\BaseBuilder->get()
 4 SYSTEMPATH\BaseModel.php(675): CodeIgniter\Model->doFindAll(0, 0)
 5 APPPATH\Controllers\Artikel.php(12): CodeIgniter\BaseModel->findAll()
 6 SYSTEMPATH\CodeIgniter.php(951): App\Controllers\Artikel->index()
 7 SYSTEMPATH\CodeIgniter.php(497): CodeIgniter\CodeIgniter->runController(Object(App\Controllers\Artikel))
 8 SYSTEMPATH\CodeIgniter.php(340): CodeIgniter\CodeIgniter->handleRequest(null, Object(Config\Cache), false)
 9 SYSTEMPATH\Boot.php(417): CodeIgniter\CodeIgniter->run()
10 SYSTEMPATH\Boot.php(68): CodeIgniter\Boot::runCodeIgniter(Object(CodeIgniter\CodeIgniter))
11 FCPATH\index.php(59): CodeIgniter\Boot::bootWeb(Object(Config\Paths))
12 SYSTEMPATH\rewrite.php(44): require_once('C:\\xampp\\htdocs\\lab11_ci\\ci4\\public\\index.php')
ERROR - 2026-03-08 02:24:21 --> Error connecting to the database: mysqli_sql_exception: Access denied for user ''@'localhost' (using password: NO) in C:\xampp\htdocs\lab11_ci\ci4\system\Database\MySQLi\Connection.php:201
Stack trace:
#0 C:\xampp\htdocs\lab11_ci\ci4\system\Database\MySQLi\Connection.php(201): mysqli->real_connect('localhost', '', Object(SensitiveParameterValue), '', 3306, '', 0)
#1 C:\xampp\htdocs\lab11_ci\ci4\system\Database\BaseConnection.php(419): CodeIgniter\Database\MySQLi\Connection->connect(false)
#2 C:\xampp\htdocs\lab11_ci\ci4\system\Database\BaseConnection.php(654): CodeIgniter\Database\BaseConnection->initialize()
#3 C:\xampp\htdocs\lab11_ci\ci4\system\Database\BaseBuilder.php(1649): CodeIgniter\Database\BaseConnection->query('SELECT *\nFROM `...', Array, false)
#4 C:\xampp\htdocs\lab11_ci\ci4\system\Model.php(254): CodeIgniter\Database\BaseBuilder->get()
#5 C:\xampp\htdocs\lab11_ci\ci4\system\BaseModel.php(675): CodeIgniter\Model->doFindAll(0, 0)
#6 C:\xampp\htdocs\lab11_ci\ci4\app\Controllers\Artikel.php(12): CodeIgniter\BaseModel->findAll()
#7 C:\xampp\htdocs\lab11_ci\ci4\system\CodeIgniter.php(951): App\Controllers\Artikel->index()
#8 C:\xampp\htdocs\lab11_ci\ci4\system\CodeIgniter.php(497): CodeIgniter\CodeIgniter->runController(Object(App\Controllers\Artikel))
#9 C:\xampp\htdocs\lab11_ci\ci4\system\CodeIgniter.php(340): CodeIgniter\CodeIgniter->handleRequest(NULL, Object(Config\Cache), false)
#10 C:\xampp\htdocs\lab11_ci\ci4\system\Boot.php(417): CodeIgniter\CodeIgniter->run()
#11 C:\xampp\htdocs\lab11_ci\ci4\system\Boot.php(68): CodeIgniter\Boot::runCodeIgniter(Object(CodeIgniter\CodeIgniter))
#12 C:\xampp\htdocs\lab11_ci\ci4\public\index.php(59): CodeIgniter\Boot::bootWeb(Object(Config\Paths))
#13 C:\xampp\htdocs\lab11_ci\ci4\system\rewrite.php(44): require_once('C:\\xampp\\htdocs...')
#14 {main}

Next CodeIgniter\Database\Exceptions\DatabaseException: Access denied for user ''@'localhost' (using password: NO) in C:\xampp\htdocs\lab11_ci\ci4\system\Database\MySQLi\Connection.php:231
Stack trace:
#0 C:\xampp\htdocs\lab11_ci\ci4\system\Database\BaseConnection.php(419): CodeIgniter\Database\MySQLi\Connection->connect(false)
#1 C:\xampp\htdocs\lab11_ci\ci4\system\Database\BaseConnection.php(654): CodeIgniter\Database\BaseConnection->initialize()
#2 C:\xampp\htdocs\lab11_ci\ci4\system\Database\BaseBuilder.php(1649): CodeIgniter\Database\BaseConnection->query('SELECT *\nFROM `...', Array, false)
#3 C:\xampp\htdocs\lab11_ci\ci4\system\Model.php(254): CodeIgniter\Database\BaseBuilder->get()
#4 C:\xampp\htdocs\lab11_ci\ci4\system\BaseModel.php(675): CodeIgniter\Model->doFindAll(0, 0)
#5 C:\xampp\htdocs\lab11_ci\ci4\app\Controllers\Artikel.php(12): CodeIgniter\BaseModel->findAll()
#6 C:\xampp\htdocs\lab11_ci\ci4\system\CodeIgniter.php(951): App\Controllers\Artikel->index()
#7 C:\xampp\htdocs\lab11_ci\ci4\system\CodeIgniter.php(497): CodeIgniter\CodeIgniter->runController(Object(App\Controllers\Artikel))
#8 C:\xampp\htdocs\lab11_ci\ci4\system\CodeIgniter.php(340): CodeIgniter\CodeIgniter->handleRequest(NULL, Object(Config\Cache), false)
#9 C:\xampp\htdocs\lab11_ci\ci4\system\Boot.php(417): CodeIgniter\CodeIgniter->run()
#10 C:\xampp\htdocs\lab11_ci\ci4\system\Boot.php(68): CodeIgniter\Boot::runCodeIgniter(Object(CodeIgniter\CodeIgniter))
#11 C:\xampp\htdocs\lab11_ci\ci4\public\index.php(59): CodeIgniter\Boot::bootWeb(Object(Config\Paths))
#12 C:\xampp\htdocs\lab11_ci\ci4\system\rewrite.php(44): require_once('C:\\xampp\\htdocs...')
#13 {main}
CRITICAL - 2026-03-08 02:24:21 --> CodeIgniter\Database\Exceptions\DatabaseException: Unable to connect to the database.
Main connection [MySQLi]: Access denied for user ''@'localhost' (using password: NO)
[Method: GET, Route: artikel]
in SYSTEMPATH\Database\BaseConnection.php on line 465.
 1 SYSTEMPATH\Database\BaseConnection.php(654): CodeIgniter\Database\BaseConnection->initialize()
 2 SYSTEMPATH\Database\BaseBuilder.php(1649): CodeIgniter\Database\BaseConnection->query('SELECT *
FROM `artikel`', [], false)
 3 SYSTEMPATH\Model.php(254): CodeIgniter\Database\BaseBuilder->get()
 4 SYSTEMPATH\BaseModel.php(675): CodeIgniter\Model->doFindAll(0, 0)
 5 APPPATH\Controllers\Artikel.php(12): CodeIgniter\BaseModel->findAll()
 6 SYSTEMPATH\CodeIgniter.php(951): App\Controllers\Artikel->index()
 7 SYSTEMPATH\CodeIgniter.php(497): CodeIgniter\CodeIgniter->runController(Object(App\Controllers\Artikel))
 8 SYSTEMPATH\CodeIgniter.php(340): CodeIgniter\CodeIgniter->handleRequest(null, Object(Config\Cache), false)
 9 SYSTEMPATH\Boot.php(417): CodeIgniter\CodeIgniter->run()
10 SYSTEMPATH\Boot.php(68): CodeIgniter\Boot::runCodeIgniter(Object(CodeIgniter\CodeIgniter))
11 FCPATH\index.php(59): CodeIgniter\Boot::bootWeb(Object(Config\Paths))
12 SYSTEMPATH\rewrite.php(44): require_once('C:\\xampp\\htdocs\\lab11_ci\\ci4\\public\\index.php')
ERROR - 2026-03-08 02:24:21 --> Error connecting to the database: mysqli_sql_exception: Access denied for user ''@'localhost' (using password: NO) in C:\xampp\htdocs\lab11_ci\ci4\system\Database\MySQLi\Connection.php:201
Stack trace:
#0 C:\xampp\htdocs\lab11_ci\ci4\system\Database\MySQLi\Connection.php(201): mysqli->real_connect('localhost', '', Object(SensitiveParameterValue), '', 3306, '', 0)
#1 C:\xampp\htdocs\lab11_ci\ci4\system\Database\BaseConnection.php(419): CodeIgniter\Database\MySQLi\Connection->connect(false)
#2 C:\xampp\htdocs\lab11_ci\ci4\system\Database\BaseConnection.php(654): CodeIgniter\Database\BaseConnection->initialize()
#3 C:\xampp\htdocs\lab11_ci\ci4\system\Database\BaseBuilder.php(1649): CodeIgniter\Database\BaseConnection->query('SELECT *\nFROM `...', Array, false)
#4 C:\xampp\htdocs\lab11_ci\ci4\system\Model.php(254): CodeIgniter\Database\BaseBuilder->get()
#5 C:\xampp\htdocs\lab11_ci\ci4\system\BaseModel.php(675): CodeIgniter\Model->doFindAll(0, 0)
#6 C:\xampp\htdocs\lab11_ci\ci4\app\Controllers\Artikel.php(12): CodeIgniter\BaseModel->findAll()
#7 C:\xampp\htdocs\lab11_ci\ci4\system\CodeIgniter.php(951): App\Controllers\Artikel->index()
#8 C:\xampp\htdocs\lab11_ci\ci4\system\CodeIgniter.php(497): CodeIgniter\CodeIgniter->runController(Object(App\Controllers\Artikel))
#9 C:\xampp\htdocs\lab11_ci\ci4\system\CodeIgniter.php(340): CodeIgniter\CodeIgniter->handleRequest(NULL, Object(Config\Cache), false)
#10 C:\xampp\htdocs\lab11_ci\ci4\system\Boot.php(417): CodeIgniter\CodeIgniter->run()
#11 C:\xampp\htdocs\lab11_ci\ci4\system\Boot.php(68): CodeIgniter\Boot::runCodeIgniter(Object(CodeIgniter\CodeIgniter))
#12 C:\xampp\htdocs\lab11_ci\ci4\public\index.php(59): CodeIgniter\Boot::bootWeb(Object(Config\Paths))
#13 C:\xampp\htdocs\lab11_ci\ci4\system\rewrite.php(44): require_once('C:\\xampp\\htdocs...')
#14 {main}

Next CodeIgniter\Database\Exceptions\DatabaseException: Access denied for user ''@'localhost' (using password: NO) in C:\xampp\htdocs\lab11_ci\ci4\system\Database\MySQLi\Connection.php:231
Stack trace:
#0 C:\xampp\htdocs\lab11_ci\ci4\system\Database\BaseConnection.php(419): CodeIgniter\Database\MySQLi\Connection->connect(false)
#1 C:\xampp\htdocs\lab11_ci\ci4\system\Database\BaseConnection.php(654): CodeIgniter\Database\BaseConnection->initialize()
#2 C:\xampp\htdocs\lab11_ci\ci4\system\Database\BaseBuilder.php(1649): CodeIgniter\Database\BaseConnection->query('SELECT *\nFROM `...', Array, false)
#3 C:\xampp\htdocs\lab11_ci\ci4\system\Model.php(254): CodeIgniter\Database\BaseBuilder->get()
#4 C:\xampp\htdocs\lab11_ci\ci4\system\BaseModel.php(675): CodeIgniter\Model->doFindAll(0, 0)
#5 C:\xampp\htdocs\lab11_ci\ci4\app\Controllers\Artikel.php(12): CodeIgniter\BaseModel->findAll()
#6 C:\xampp\htdocs\lab11_ci\ci4\system\CodeIgniter.php(951): App\Controllers\Artikel->index()
#7 C:\xampp\htdocs\lab11_ci\ci4\system\CodeIgniter.php(497): CodeIgniter\CodeIgniter->runController(Object(App\Controllers\Artikel))
#8 C:\xampp\htdocs\lab11_ci\ci4\system\CodeIgniter.php(340): CodeIgniter\CodeIgniter->handleRequest(NULL, Object(Config\Cache), false)
#9 C:\xampp\htdocs\lab11_ci\ci4\system\Boot.php(417): CodeIgniter\CodeIgniter->run()
#10 C:\xampp\htdocs\lab11_ci\ci4\system\Boot.php(68): CodeIgniter\Boot::runCodeIgniter(Object(CodeIgniter\CodeIgniter))
#11 C:\xampp\htdocs\lab11_ci\ci4\public\index.php(59): CodeIgniter\Boot::bootWeb(Object(Config\Paths))
#12 C:\xampp\htdocs\lab11_ci\ci4\system\rewrite.php(44): require_once('C:\\xampp\\htdocs...')
#13 {main}
CRITICAL - 2026-03-08 02:24:21 --> CodeIgniter\Database\Exceptions\DatabaseException: Unable to connect to the database.
Main connection [MySQLi]: Access denied for user ''@'localhost' (using password: NO)
[Method: GET, Route: artikel]
in SYSTEMPATH\Database\BaseConnection.php on line 465.
 1 SYSTEMPATH\Database\BaseConnection.php(654): CodeIgniter\Database\BaseConnection->initialize()
 2 SYSTEMPATH\Database\BaseBuilder.php(1649): CodeIgniter\Database\BaseConnection->query('SELECT *
FROM `artikel`', [], false)
 3 SYSTEMPATH\Model.php(254): CodeIgniter\Database\BaseBuilder->get()
 4 SYSTEMPATH\BaseModel.php(675): CodeIgniter\Model->doFindAll(0, 0)
 5 APPPATH\Controllers\Artikel.php(12): CodeIgniter\BaseModel->findAll()
 6 SYSTEMPATH\CodeIgniter.php(951): App\Controllers\Artikel->index()
 7 SYSTEMPATH\CodeIgniter.php(497): CodeIgniter\CodeIgniter->runController(Object(App\Controllers\Artikel))
 8 SYSTEMPATH\CodeIgniter.php(340): CodeIgniter\CodeIgniter->handleRequest(null, Object(Config\Cache), false)
 9 SYSTEMPATH\Boot.php(417): CodeIgniter\CodeIgniter->run()
10 SYSTEMPATH\Boot.php(68): CodeIgniter\Boot::runCodeIgniter(Object(CodeIgniter\CodeIgniter))
11 FCPATH\index.php(59): CodeIgniter\Boot::bootWeb(Object(Config\Paths))
12 SYSTEMPATH\rewrite.php(44): require_once('C:\\xampp\\htdocs\\lab11_ci\\ci4\\public\\index.php')
ERROR - 2026-03-08 02:24:21 --> Error connecting to the database: mysqli_sql_exception: Access denied for user ''@'localhost' (using password: NO) in C:\xampp\htdocs\lab11_ci\ci4\system\Database\MySQLi\Connection.php:201
Stack trace:
#0 C:\xampp\htdocs\lab11_ci\ci4\system\Database\MySQLi\Connection.php(201): mysqli->real_connect('localhost', '', Object(SensitiveParameterValue), '', 3306, '', 0)
#1 C:\xampp\htdocs\lab11_ci\ci4\system\Database\BaseConnection.php(419): CodeIgniter\Database\MySQLi\Connection->connect(false)
#2 C:\xampp\htdocs\lab11_ci\ci4\system\Database\BaseConnection.php(654): CodeIgniter\Database\BaseConnection->initialize()
#3 C:\xampp\htdocs\lab11_ci\ci4\system\Database\BaseBuilder.php(1649): CodeIgniter\Database\BaseConnection->query('SELECT *\nFROM `...', Array, false)
#4 C:\xampp\htdocs\lab11_ci\ci4\system\Model.php(254): CodeIgniter\Database\BaseBuilder->get()
#5 C:\xampp\htdocs\lab11_ci\ci4\system\BaseModel.php(675): CodeIgniter\Model->doFindAll(0, 0)
#6 C:\xampp\htdocs\lab11_ci\ci4\app\Controllers\Artikel.php(12): CodeIgniter\BaseModel->findAll()
#7 C:\xampp\htdocs\lab11_ci\ci4\system\CodeIgniter.php(951): App\Controllers\Artikel->index()
#8 C:\xampp\htdocs\lab11_ci\ci4\system\CodeIgniter.php(497): CodeIgniter\CodeIgniter->runController(Object(App\Controllers\Artikel))
#9 C:\xampp\htdocs\lab11_ci\ci4\system\CodeIgniter.php(340): CodeIgniter\CodeIgniter->handleRequest(NULL, Object(Config\Cache), false)
#10 C:\xampp\htdocs\lab11_ci\ci4\system\Boot.php(417): CodeIgniter\CodeIgniter->run()
#11 C:\xampp\htdocs\lab11_ci\ci4\system\Boot.php(68): CodeIgniter\Boot::runCodeIgniter(Object(CodeIgniter\CodeIgniter))
#12 C:\xampp\htdocs\lab11_ci\ci4\public\index.php(59): CodeIgniter\Boot::bootWeb(Object(Config\Paths))
#13 C:\xampp\htdocs\lab11_ci\ci4\system\rewrite.php(44): require_once('C:\\xampp\\htdocs...')
#14 {main}

Next CodeIgniter\Database\Exceptions\DatabaseException: Access denied for user ''@'localhost' (using password: NO) in C:\xampp\htdocs\lab11_ci\ci4\system\Database\MySQLi\Connection.php:231
Stack trace:
#0 C:\xampp\htdocs\lab11_ci\ci4\system\Database\BaseConnection.php(419): CodeIgniter\Database\MySQLi\Connection->connect(false)
#1 C:\xampp\htdocs\lab11_ci\ci4\system\Database\BaseConnection.php(654): CodeIgniter\Database\BaseConnection->initialize()
#2 C:\xampp\htdocs\lab11_ci\ci4\system\Database\BaseBuilder.php(1649): CodeIgniter\Database\BaseConnection->query('SELECT *\nFROM `...', Array, false)
#3 C:\xampp\htdocs\lab11_ci\ci4\system\Model.php(254): CodeIgniter\Database\BaseBuilder->get()
#4 C:\xampp\htdocs\lab11_ci\ci4\system\BaseModel.php(675): CodeIgniter\Model->doFindAll(0, 0)
#5 C:\xampp\htdocs\lab11_ci\ci4\app\Controllers\Artikel.php(12): CodeIgniter\BaseModel->findAll()
#6 C:\xampp\htdocs\lab11_ci\ci4\system\CodeIgniter.php(951): App\Controllers\Artikel->index()
#7 C:\xampp\htdocs\lab11_ci\ci4\system\CodeIgniter.php(497): CodeIgniter\CodeIgniter->runController(Object(App\Controllers\Artikel))
#8 C:\xampp\htdocs\lab11_ci\ci4\system\CodeIgniter.php(340): CodeIgniter\CodeIgniter->handleRequest(NULL, Object(Config\Cache), false)
#9 C:\xampp\htdocs\lab11_ci\ci4\system\Boot.php(417): CodeIgniter\CodeIgniter->run()
#10 C:\xampp\htdocs\lab11_ci\ci4\system\Boot.php(68): CodeIgniter\Boot::runCodeIgniter(Object(CodeIgniter\CodeIgniter))
#11 C:\xampp\htdocs\lab11_ci\ci4\public\index.php(59): CodeIgniter\Boot::bootWeb(Object(Config\Paths))
#12 C:\xampp\htdocs\lab11_ci\ci4\system\rewrite.php(44): require_once('C:\\xampp\\htdocs...')
#13 {main}
CRITICAL - 2026-03-08 02:24:21 --> CodeIgniter\Database\Exceptions\DatabaseException: Unable to connect to the database.
Main connection [MySQLi]: Access denied for user ''@'localhost' (using password: NO)
[Method: GET, Route: artikel]
in SYSTEMPATH\Database\BaseConnection.php on line 465.
 1 SYSTEMPATH\Database\BaseConnection.php(654): CodeIgniter\Database\BaseConnection->initialize()
 2 SYSTEMPATH\Database\BaseBuilder.php(1649): CodeIgniter\Database\BaseConnection->query('SELECT *
FROM `artikel`', [], false)
 3 SYSTEMPATH\Model.php(254): CodeIgniter\Database\BaseBuilder->get()
 4 SYSTEMPATH\BaseModel.php(675): CodeIgniter\Model->doFindAll(0, 0)
 5 APPPATH\Controllers\Artikel.php(12): CodeIgniter\BaseModel->findAll()
 6 SYSTEMPATH\CodeIgniter.php(951): App\Controllers\Artikel->index()
 7 SYSTEMPATH\CodeIgniter.php(497): CodeIgniter\CodeIgniter->runController(Object(App\Controllers\Artikel))
 8 SYSTEMPATH\CodeIgniter.php(340): CodeIgniter\CodeIgniter->handleRequest(null, Object(Config\Cache), false)
 9 SYSTEMPATH\Boot.php(417): CodeIgniter\CodeIgniter->run()
10 SYSTEMPATH\Boot.php(68): CodeIgniter\Boot::runCodeIgniter(Object(CodeIgniter\CodeIgniter))
11 FCPATH\index.php(59): CodeIgniter\Boot::bootWeb(Object(Config\Paths))
12 SYSTEMPATH\rewrite.php(44): require_once('C:\\xampp\\htdocs\\lab11_ci\\ci4\\public\\index.php')
ERROR - 2026-03-08 02:24:23 --> Error connecting to the database: mysqli_sql_exception: Access denied for user ''@'localhost' (using password: NO) in C:\xampp\htdocs\lab11_ci\ci4\system\Database\MySQLi\Connection.php:201
Stack trace:
#0 C:\xampp\htdocs\lab11_ci\ci4\system\Database\MySQLi\Connection.php(201): mysqli->real_connect('localhost', '', Object(SensitiveParameterValue), '', 3306, '', 0)
#1 C:\xampp\htdocs\lab11_ci\ci4\system\Database\BaseConnection.php(419): CodeIgniter\Database\MySQLi\Connection->connect(false)
#2 C:\xampp\htdocs\lab11_ci\ci4\system\Database\BaseConnection.php(654): CodeIgniter\Database\BaseConnection->initialize()
#3 C:\xampp\htdocs\lab11_ci\ci4\system\Database\BaseBuilder.php(1649): CodeIgniter\Database\BaseConnection->query('SELECT *\nFROM `...', Array, false)
#4 C:\xampp\htdocs\lab11_ci\ci4\system\Model.php(254): CodeIgniter\Database\BaseBuilder->get()
#5 C:\xampp\htdocs\lab11_ci\ci4\system\BaseModel.php(675): CodeIgniter\Model->doFindAll(0, 0)
#6 C:\xampp\htdocs\lab11_ci\ci4\app\Controllers\Artikel.php(12): CodeIgniter\BaseModel->findAll()
#7 C:\xampp\htdocs\lab11_ci\ci4\system\CodeIgniter.php(951): App\Controllers\Artikel->index()
#8 C:\xampp\htdocs\lab11_ci\ci4\system\CodeIgniter.php(497): CodeIgniter\CodeIgniter->runController(Object(App\Controllers\Artikel))
#9 C:\xampp\htdocs\lab11_ci\ci4\system\CodeIgniter.php(340): CodeIgniter\CodeIgniter->handleRequest(NULL, Object(Config\Cache), false)
#10 C:\xampp\htdocs\lab11_ci\ci4\system\Boot.php(417): CodeIgniter\CodeIgniter->run()
#11 C:\xampp\htdocs\lab11_ci\ci4\system\Boot.php(68): CodeIgniter\Boot::runCodeIgniter(Object(CodeIgniter\CodeIgniter))
#12 C:\xampp\htdocs\lab11_ci\ci4\public\index.php(59): CodeIgniter\Boot::bootWeb(Object(Config\Paths))
#13 C:\xampp\htdocs\lab11_ci\ci4\system\rewrite.php(44): require_once('C:\\xampp\\htdocs...')
#14 {main}

Next CodeIgniter\Database\Exceptions\DatabaseException: Access denied for user ''@'localhost' (using password: NO) in C:\xampp\htdocs\lab11_ci\ci4\system\Database\MySQLi\Connection.php:231
Stack trace:
#0 C:\xampp\htdocs\lab11_ci\ci4\system\Database\BaseConnection.php(419): CodeIgniter\Database\MySQLi\Connection->connect(false)
#1 C:\xampp\htdocs\lab11_ci\ci4\system\Database\BaseConnection.php(654): CodeIgniter\Database\BaseConnection->initialize()
#2 C:\xampp\htdocs\lab11_ci\ci4\system\Database\BaseBuilder.php(1649): CodeIgniter\Database\BaseConnection->query('SELECT *\nFROM `...', Array, false)
#3 C:\xampp\htdocs\lab11_ci\ci4\system\Model.php(254): CodeIgniter\Database\BaseBuilder->get()
#4 C:\xampp\htdocs\lab11_ci\ci4\system\BaseModel.php(675): CodeIgniter\Model->doFindAll(0, 0)
#5 C:\xampp\htdocs\lab11_ci\ci4\app\Controllers\Artikel.php(12): CodeIgniter\BaseModel->findAll()
#6 C:\xampp\htdocs\lab11_ci\ci4\system\CodeIgniter.php(951): App\Controllers\Artikel->index()
#7 C:\xampp\htdocs\lab11_ci\ci4\system\CodeIgniter.php(497): CodeIgniter\CodeIgniter->runController(Object(App\Controllers\Artikel))
#8 C:\xampp\htdocs\lab11_ci\ci4\system\CodeIgniter.php(340): CodeIgniter\CodeIgniter->handleRequest(NULL, Object(Config\Cache), false)
#9 C:\xampp\htdocs\lab11_ci\ci4\system\Boot.php(417): CodeIgniter\CodeIgniter->run()
#10 C:\xampp\htdocs\lab11_ci\ci4\system\Boot.php(68): CodeIgniter\Boot::runCodeIgniter(Object(CodeIgniter\CodeIgniter))
#11 C:\xampp\htdocs\lab11_ci\ci4\public\index.php(59): CodeIgniter\Boot::bootWeb(Object(Config\Paths))
#12 C:\xampp\htdocs\lab11_ci\ci4\system\rewrite.php(44): require_once('C:\\xampp\\htdocs...')
#13 {main}
CRITICAL - 2026-03-08 02:24:23 --> CodeIgniter\Database\Exceptions\DatabaseException: Unable to connect to the database.
Main connection [MySQLi]: Access denied for user ''@'localhost' (using password: NO)
[Method: GET, Route: artikel]
in SYSTEMPATH\Database\BaseConnection.php on line 465.
 1 SYSTEMPATH\Database\BaseConnection.php(654): CodeIgniter\Database\BaseConnection->initialize()
 2 SYSTEMPATH\Database\BaseBuilder.php(1649): CodeIgniter\Database\BaseConnection->query('SELECT *
FROM `artikel`', [], false)
 3 SYSTEMPATH\Model.php(254): CodeIgniter\Database\BaseBuilder->get()
 4 SYSTEMPATH\BaseModel.php(675): CodeIgniter\Model->doFindAll(0, 0)
 5 APPPATH\Controllers\Artikel.php(12): CodeIgniter\BaseModel->findAll()
 6 SYSTEMPATH\CodeIgniter.php(951): App\Controllers\Artikel->index()
 7 SYSTEMPATH\CodeIgniter.php(497): CodeIgniter\CodeIgniter->runController(Object(App\Controllers\Artikel))
 8 SYSTEMPATH\CodeIgniter.php(340): CodeIgniter\CodeIgniter->handleRequest(null, Object(Config\Cache), false)
 9 SYSTEMPATH\Boot.php(417): CodeIgniter\CodeIgniter->run()
10 SYSTEMPATH\Boot.php(68): CodeIgniter\Boot::runCodeIgniter(Object(CodeIgniter\CodeIgniter))
11 FCPATH\index.php(59): CodeIgniter\Boot::bootWeb(Object(Config\Paths))
12 SYSTEMPATH\rewrite.php(44): require_once('C:\\xampp\\htdocs\\lab11_ci\\ci4\\public\\index.php')
ERROR - 2026-03-08 02:35:09 --> Error connecting to the database: mysqli_sql_exception: Access denied for user ''@'localhost' (using password: NO) in C:\xampp\htdocs\lab11_ci\ci4\system\Database\MySQLi\Connection.php:201
Stack trace:
#0 C:\xampp\htdocs\lab11_ci\ci4\system\Database\MySQLi\Connection.php(201): mysqli->real_connect('localhost', '', Object(SensitiveParameterValue), '', 3306, '', 0)
#1 C:\xampp\htdocs\lab11_ci\ci4\system\Database\BaseConnection.php(419): CodeIgniter\Database\MySQLi\Connection->connect(false)
#2 C:\xampp\htdocs\lab11_ci\ci4\system\Database\BaseConnection.php(654): CodeIgniter\Database\BaseConnection->initialize()
#3 C:\xampp\htdocs\lab11_ci\ci4\system\Database\BaseBuilder.php(1649): CodeIgniter\Database\BaseConnection->query('SELECT *\nFROM `...', Array, false)
#4 C:\xampp\htdocs\lab11_ci\ci4\system\Model.php(254): CodeIgniter\Database\BaseBuilder->get()
#5 C:\xampp\htdocs\lab11_ci\ci4\system\BaseModel.php(675): CodeIgniter\Model->doFindAll(0, 0)
#6 C:\xampp\htdocs\lab11_ci\ci4\app\Controllers\Artikel.php(12): CodeIgniter\BaseModel->findAll()
#7 C:\xampp\htdocs\lab11_ci\ci4\system\CodeIgniter.php(951): App\Controllers\Artikel->index()
#8 C:\xampp\htdocs\lab11_ci\ci4\system\CodeIgniter.php(497): CodeIgniter\CodeIgniter->runController(Object(App\Controllers\Artikel))
#9 C:\xampp\htdocs\lab11_ci\ci4\system\CodeIgniter.php(340): CodeIgniter\CodeIgniter->handleRequest(NULL, Object(Config\Cache), false)
#10 C:\xampp\htdocs\lab11_ci\ci4\system\Boot.php(417): CodeIgniter\CodeIgniter->run()
#11 C:\xampp\htdocs\lab11_ci\ci4\system\Boot.php(68): CodeIgniter\Boot::runCodeIgniter(Object(CodeIgniter\CodeIgniter))
#12 C:\xampp\htdocs\lab11_ci\ci4\public\index.php(59): CodeIgniter\Boot::bootWeb(Object(Config\Paths))
#13 C:\xampp\htdocs\lab11_ci\ci4\system\rewrite.php(44): require_once('C:\\xampp\\htdocs...')
#14 {main}

Next CodeIgniter\Database\Exceptions\DatabaseException: Access denied for user ''@'localhost' (using password: NO) in C:\xampp\htdocs\lab11_ci\ci4\system\Database\MySQLi\Connection.php:231
Stack trace:
#0 C:\xampp\htdocs\lab11_ci\ci4\system\Database\BaseConnection.php(419): CodeIgniter\Database\MySQLi\Connection->connect(false)
#1 C:\xampp\htdocs\lab11_ci\ci4\system\Database\BaseConnection.php(654): CodeIgniter\Database\BaseConnection->initialize()
#2 C:\xampp\htdocs\lab11_ci\ci4\system\Database\BaseBuilder.php(1649): CodeIgniter\Database\BaseConnection->query('SELECT *\nFROM `...', Array, false)
#3 C:\xampp\htdocs\lab11_ci\ci4\system\Model.php(254): CodeIgniter\Database\BaseBuilder->get()
#4 C:\xampp\htdocs\lab11_ci\ci4\system\BaseModel.php(675): CodeIgniter\Model->doFindAll(0, 0)
#5 C:\xampp\htdocs\lab11_ci\ci4\app\Controllers\Artikel.php(12): CodeIgniter\BaseModel->findAll()
#6 C:\xampp\htdocs\lab11_ci\ci4\system\CodeIgniter.php(951): App\Controllers\Artikel->index()
#7 C:\xampp\htdocs\lab11_ci\ci4\system\CodeIgniter.php(497): CodeIgniter\CodeIgniter->runController(Object(App\Controllers\Artikel))
#8 C:\xampp\htdocs\lab11_ci\ci4\system\CodeIgniter.php(340): CodeIgniter\CodeIgniter->handleRequest(NULL, Object(Config\Cache), false)
#9 C:\xampp\htdocs\lab11_ci\ci4\system\Boot.php(417): CodeIgniter\CodeIgniter->run()
#10 C:\xampp\htdocs\lab11_ci\ci4\system\Boot.php(68): CodeIgniter\Boot::runCodeIgniter(Object(CodeIgniter\CodeIgniter))
#11 C:\xampp\htdocs\lab11_ci\ci4\public\index.php(59): CodeIgniter\Boot::bootWeb(Object(Config\Paths))
#12 C:\xampp\htdocs\lab11_ci\ci4\system\rewrite.php(44): require_once('C:\\xampp\\htdocs...')
#13 {main}
CRITICAL - 2026-03-08 02:35:09 --> CodeIgniter\Database\Exceptions\DatabaseException: Unable to connect to the database.
Main connection [MySQLi]: Access denied for user ''@'localhost' (using password: NO)
[Method: GET, Route: artikel]
in SYSTEMPATH\Database\BaseConnection.php on line 465.
 1 SYSTEMPATH\Database\BaseConnection.php(654): CodeIgniter\Database\BaseConnection->initialize()
 2 SYSTEMPATH\Database\BaseBuilder.php(1649): CodeIgniter\Database\BaseConnection->query('SELECT *
FROM `artikel`', [], false)
 3 SYSTEMPATH\Model.php(254): CodeIgniter\Database\BaseBuilder->get()
 4 SYSTEMPATH\BaseModel.php(675): CodeIgniter\Model->doFindAll(0, 0)
 5 APPPATH\Controllers\Artikel.php(12): CodeIgniter\BaseModel->findAll()
 6 SYSTEMPATH\CodeIgniter.php(951): App\Controllers\Artikel->index()
 7 SYSTEMPATH\CodeIgniter.php(497): CodeIgniter\CodeIgniter->runController(Object(App\Controllers\Artikel))
 8 SYSTEMPATH\CodeIgniter.php(340): CodeIgniter\CodeIgniter->handleRequest(null, Object(Config\Cache), false)
 9 SYSTEMPATH\Boot.php(417): CodeIgniter\CodeIgniter->run()
10 SYSTEMPATH\Boot.php(68): CodeIgniter\Boot::runCodeIgniter(Object(CodeIgniter\CodeIgniter))
11 FCPATH\index.php(59): CodeIgniter\Boot::bootWeb(Object(Config\Paths))
12 SYSTEMPATH\rewrite.php(44): require_once('C:\\xampp\\htdocs\\lab11_ci\\ci4\\public\\index.php')
ERROR - 2026-03-08 02:37:09 --> Error connecting to the database: mysqli_sql_exception: Access denied for user ''@'localhost' (using password: NO) in C:\xampp\htdocs\lab11_ci\ci4\system\Database\MySQLi\Connection.php:201
Stack trace:
#0 C:\xampp\htdocs\lab11_ci\ci4\system\Database\MySQLi\Connection.php(201): mysqli->real_connect('localhost', '', Object(SensitiveParameterValue), '', 3306, '', 0)
#1 C:\xampp\htdocs\lab11_ci\ci4\system\Database\BaseConnection.php(419): CodeIgniter\Database\MySQLi\Connection->connect(false)
#2 C:\xampp\htdocs\lab11_ci\ci4\system\Database\BaseConnection.php(654): CodeIgniter\Database\BaseConnection->initialize()
#3 C:\xampp\htdocs\lab11_ci\ci4\system\Database\BaseBuilder.php(1649): CodeIgniter\Database\BaseConnection->query('SELECT *\nFROM `...', Array, false)
#4 C:\xampp\htdocs\lab11_ci\ci4\system\Model.php(254): CodeIgniter\Database\BaseBuilder->get()
#5 C:\xampp\htdocs\lab11_ci\ci4\system\BaseModel.php(675): CodeIgniter\Model->doFindAll(0, 0)
#6 C:\xampp\htdocs\lab11_ci\ci4\app\Controllers\Artikel.php(12): CodeIgniter\BaseModel->findAll()
#7 C:\xampp\htdocs\lab11_ci\ci4\system\CodeIgniter.php(951): App\Controllers\Artikel->index()
#8 C:\xampp\htdocs\lab11_ci\ci4\system\CodeIgniter.php(497): CodeIgniter\CodeIgniter->runController(Object(App\Controllers\Artikel))
#9 C:\xampp\htdocs\lab11_ci\ci4\system\CodeIgniter.php(340): CodeIgniter\CodeIgniter->handleRequest(NULL, Object(Config\Cache), false)
#10 C:\xampp\htdocs\lab11_ci\ci4\system\Boot.php(417): CodeIgniter\CodeIgniter->run()
#11 C:\xampp\htdocs\lab11_ci\ci4\system\Boot.php(68): CodeIgniter\Boot::runCodeIgniter(Object(CodeIgniter\CodeIgniter))
#12 C:\xampp\htdocs\lab11_ci\ci4\public\index.php(59): CodeIgniter\Boot::bootWeb(Object(Config\Paths))
#13 C:\xampp\htdocs\lab11_ci\ci4\system\rewrite.php(44): require_once('C:\\xampp\\htdocs...')
#14 {main}

Next CodeIgniter\Database\Exceptions\DatabaseException: Access denied for user ''@'localhost' (using password: NO) in C:\xampp\htdocs\lab11_ci\ci4\system\Database\MySQLi\Connection.php:231
Stack trace:
#0 C:\xampp\htdocs\lab11_ci\ci4\system\Database\BaseConnection.php(419): CodeIgniter\Database\MySQLi\Connection->connect(false)
#1 C:\xampp\htdocs\lab11_ci\ci4\system\Database\BaseConnection.php(654): CodeIgniter\Database\BaseConnection->initialize()
#2 C:\xampp\htdocs\lab11_ci\ci4\system\Database\BaseBuilder.php(1649): CodeIgniter\Database\BaseConnection->query('SELECT *\nFROM `...', Array, false)
#3 C:\xampp\htdocs\lab11_ci\ci4\system\Model.php(254): CodeIgniter\Database\BaseBuilder->get()
#4 C:\xampp\htdocs\lab11_ci\ci4\system\BaseModel.php(675): CodeIgniter\Model->doFindAll(0, 0)
#5 C:\xampp\htdocs\lab11_ci\ci4\app\Controllers\Artikel.php(12): CodeIgniter\BaseModel->findAll()
#6 C:\xampp\htdocs\lab11_ci\ci4\system\CodeIgniter.php(951): App\Controllers\Artikel->index()
#7 C:\xampp\htdocs\lab11_ci\ci4\system\CodeIgniter.php(497): CodeIgniter\CodeIgniter->runController(Object(App\Controllers\Artikel))
#8 C:\xampp\htdocs\lab11_ci\ci4\system\CodeIgniter.php(340): CodeIgniter\CodeIgniter->handleRequest(NULL, Object(Config\Cache), false)
#9 C:\xampp\htdocs\lab11_ci\ci4\system\Boot.php(417): CodeIgniter\CodeIgniter->run()
#10 C:\xampp\htdocs\lab11_ci\ci4\system\Boot.php(68): CodeIgniter\Boot::runCodeIgniter(Object(CodeIgniter\CodeIgniter))
#11 C:\xampp\htdocs\lab11_ci\ci4\public\index.php(59): CodeIgniter\Boot::bootWeb(Object(Config\Paths))
#12 C:\xampp\htdocs\lab11_ci\ci4\system\rewrite.php(44): require_once('C:\\xampp\\htdocs...')
#13 {main}
CRITICAL - 2026-03-08 02:37:09 --> CodeIgniter\Database\Exceptions\DatabaseException: Unable to connect to the database.
Main connection [MySQLi]: Access denied for user ''@'localhost' (using password: NO)
[Method: GET, Route: artikel]
in SYSTEMPATH\Database\BaseConnection.php on line 465.
 1 SYSTEMPATH\Database\BaseConnection.php(654): CodeIgniter\Database\BaseConnection->initialize()
 2 SYSTEMPATH\Database\BaseBuilder.php(1649): CodeIgniter\Database\BaseConnection->query('SELECT *
FROM `artikel`', [], false)
 3 SYSTEMPATH\Model.php(254): CodeIgniter\Database\BaseBuilder->get()
 4 SYSTEMPATH\BaseModel.php(675): CodeIgniter\Model->doFindAll(0, 0)
 5 APPPATH\Controllers\Artikel.php(12): CodeIgniter\BaseModel->findAll()
 6 SYSTEMPATH\CodeIgniter.php(951): App\Controllers\Artikel->index()
 7 SYSTEMPATH\CodeIgniter.php(497): CodeIgniter\CodeIgniter->runController(Object(App\Controllers\Artikel))
 8 SYSTEMPATH\CodeIgniter.php(340): CodeIgniter\CodeIgniter->handleRequest(null, Object(Config\Cache), false)
 9 SYSTEMPATH\Boot.php(417): CodeIgniter\CodeIgniter->run()
10 SYSTEMPATH\Boot.php(68): CodeIgniter\Boot::runCodeIgniter(Object(CodeIgniter\CodeIgniter))
11 FCPATH\index.php(59): CodeIgniter\Boot::bootWeb(Object(Config\Paths))
12 SYSTEMPATH\rewrite.php(44): require_once('C:\\xampp\\htdocs\\lab11_ci\\ci4\\public\\index.php')
ERROR - 2026-03-08 02:39:08 --> Error connecting to the database: mysqli_sql_exception: Access denied for user ''@'localhost' (using password: NO) in C:\xampp\htdocs\lab11_ci\ci4\system\Database\MySQLi\Connection.php:201
Stack trace:
#0 C:\xampp\htdocs\lab11_ci\ci4\system\Database\MySQLi\Connection.php(201): mysqli->real_connect('localhost', '', Object(SensitiveParameterValue), '', 3306, '', 0)
#1 C:\xampp\htdocs\lab11_ci\ci4\system\Database\BaseConnection.php(419): CodeIgniter\Database\MySQLi\Connection->connect(false)
#2 C:\xampp\htdocs\lab11_ci\ci4\system\Database\BaseConnection.php(654): CodeIgniter\Database\BaseConnection->initialize()
#3 C:\xampp\htdocs\lab11_ci\ci4\system\Database\BaseBuilder.php(1649): CodeIgniter\Database\BaseConnection->query('SELECT *\nFROM `...', Array, false)
#4 C:\xampp\htdocs\lab11_ci\ci4\system\Model.php(254): CodeIgniter\Database\BaseBuilder->get()
#5 C:\xampp\htdocs\lab11_ci\ci4\system\BaseModel.php(675): CodeIgniter\Model->doFindAll(0, 0)
#6 C:\xampp\htdocs\lab11_ci\ci4\app\Controllers\Artikel.php(12): CodeIgniter\BaseModel->findAll()
#7 C:\xampp\htdocs\lab11_ci\ci4\system\CodeIgniter.php(951): App\Controllers\Artikel->index()
#8 C:\xampp\htdocs\lab11_ci\ci4\system\CodeIgniter.php(497): CodeIgniter\CodeIgniter->runController(Object(App\Controllers\Artikel))
#9 C:\xampp\htdocs\lab11_ci\ci4\system\CodeIgniter.php(340): CodeIgniter\CodeIgniter->handleRequest(NULL, Object(Config\Cache), false)
#10 C:\xampp\htdocs\lab11_ci\ci4\system\Boot.php(417): CodeIgniter\CodeIgniter->run()
#11 C:\xampp\htdocs\lab11_ci\ci4\system\Boot.php(68): CodeIgniter\Boot::runCodeIgniter(Object(CodeIgniter\CodeIgniter))
#12 C:\xampp\htdocs\lab11_ci\ci4\public\index.php(59): CodeIgniter\Boot::bootWeb(Object(Config\Paths))
#13 C:\xampp\htdocs\lab11_ci\ci4\system\rewrite.php(44): require_once('C:\\xampp\\htdocs...')
#14 {main}

Next CodeIgniter\Database\Exceptions\DatabaseException: Access denied for user ''@'localhost' (using password: NO) in C:\xampp\htdocs\lab11_ci\ci4\system\Database\MySQLi\Connection.php:231
Stack trace:
#0 C:\xampp\htdocs\lab11_ci\ci4\system\Database\BaseConnection.php(419): CodeIgniter\Database\MySQLi\Connection->connect(false)
#1 C:\xampp\htdocs\lab11_ci\ci4\system\Database\BaseConnection.php(654): CodeIgniter\Database\BaseConnection->initialize()
#2 C:\xampp\htdocs\lab11_ci\ci4\system\Database\BaseBuilder.php(1649): CodeIgniter\Database\BaseConnection->query('SELECT *\nFROM `...', Array, false)
#3 C:\xampp\htdocs\lab11_ci\ci4\system\Model.php(254): CodeIgniter\Database\BaseBuilder->get()
#4 C:\xampp\htdocs\lab11_ci\ci4\system\BaseModel.php(675): CodeIgniter\Model->doFindAll(0, 0)
#5 C:\xampp\htdocs\lab11_ci\ci4\app\Controllers\Artikel.php(12): CodeIgniter\BaseModel->findAll()
#6 C:\xampp\htdocs\lab11_ci\ci4\system\CodeIgniter.php(951): App\Controllers\Artikel->index()
#7 C:\xampp\htdocs\lab11_ci\ci4\system\CodeIgniter.php(497): CodeIgniter\CodeIgniter->runController(Object(App\Controllers\Artikel))
#8 C:\xampp\htdocs\lab11_ci\ci4\system\CodeIgniter.php(340): CodeIgniter\CodeIgniter->handleRequest(NULL, Object(Config\Cache), false)
#9 C:\xampp\htdocs\lab11_ci\ci4\system\Boot.php(417): CodeIgniter\CodeIgniter->run()
#10 C:\xampp\htdocs\lab11_ci\ci4\system\Boot.php(68): CodeIgniter\Boot::runCodeIgniter(Object(CodeIgniter\CodeIgniter))
#11 C:\xampp\htdocs\lab11_ci\ci4\public\index.php(59): CodeIgniter\Boot::bootWeb(Object(Config\Paths))
#12 C:\xampp\htdocs\lab11_ci\ci4\system\rewrite.php(44): require_once('C:\\xampp\\htdocs...')
#13 {main}
CRITICAL - 2026-03-08 02:39:08 --> CodeIgniter\Database\Exceptions\DatabaseException: Unable to connect to the database.
Main connection [MySQLi]: Access denied for user ''@'localhost' (using password: NO)
[Method: GET, Route: artikel]
in SYSTEMPATH\Database\BaseConnection.php on line 465.
 1 SYSTEMPATH\Database\BaseConnection.php(654): CodeIgniter\Database\BaseConnection->initialize()
 2 SYSTEMPATH\Database\BaseBuilder.php(1649): CodeIgniter\Database\BaseConnection->query('SELECT *
FROM `artikel`', [], false)
 3 SYSTEMPATH\Model.php(254): CodeIgniter\Database\BaseBuilder->get()
 4 SYSTEMPATH\BaseModel.php(675): CodeIgniter\Model->doFindAll(0, 0)
 5 APPPATH\Controllers\Artikel.php(12): CodeIgniter\BaseModel->findAll()
 6 SYSTEMPATH\CodeIgniter.php(951): App\Controllers\Artikel->index()
 7 SYSTEMPATH\CodeIgniter.php(497): CodeIgniter\CodeIgniter->runController(Object(App\Controllers\Artikel))
 8 SYSTEMPATH\CodeIgniter.php(340): CodeIgniter\CodeIgniter->handleRequest(null, Object(Config\Cache), false)
 9 SYSTEMPATH\Boot.php(417): CodeIgniter\CodeIgniter->run()
10 SYSTEMPATH\Boot.php(68): CodeIgniter\Boot::runCodeIgniter(Object(CodeIgniter\CodeIgniter))
11 FCPATH\index.php(59): CodeIgniter\Boot::bootWeb(Object(Config\Paths))
12 SYSTEMPATH\rewrite.php(44): require_once('C:\\xampp\\htdocs\\lab11_ci\\ci4\\public\\index.php')
ERROR - 2026-03-08 02:39:09 --> Error connecting to the database: mysqli_sql_exception: Access denied for user ''@'localhost' (using password: NO) in C:\xampp\htdocs\lab11_ci\ci4\system\Database\MySQLi\Connection.php:201
Stack trace:
#0 C:\xampp\htdocs\lab11_ci\ci4\system\Database\MySQLi\Connection.php(201): mysqli->real_connect('localhost', '', Object(SensitiveParameterValue), '', 3306, '', 0)
#1 C:\xampp\htdocs\lab11_ci\ci4\system\Database\BaseConnection.php(419): CodeIgniter\Database\MySQLi\Connection->connect(false)
#2 C:\xampp\htdocs\lab11_ci\ci4\system\Database\BaseConnection.php(654): CodeIgniter\Database\BaseConnection->initialize()
#3 C:\xampp\htdocs\lab11_ci\ci4\system\Database\BaseBuilder.php(1649): CodeIgniter\Database\BaseConnection->query('SELECT *\nFROM `...', Array, false)
#4 C:\xampp\htdocs\lab11_ci\ci4\system\Model.php(254): CodeIgniter\Database\BaseBuilder->get()
#5 C:\xampp\htdocs\lab11_ci\ci4\system\BaseModel.php(675): CodeIgniter\Model->doFindAll(0, 0)
#6 C:\xampp\htdocs\lab11_ci\ci4\app\Controllers\Artikel.php(12): CodeIgniter\BaseModel->findAll()
#7 C:\xampp\htdocs\lab11_ci\ci4\system\CodeIgniter.php(951): App\Controllers\Artikel->index()
#8 C:\xampp\htdocs\lab11_ci\ci4\system\CodeIgniter.php(497): CodeIgniter\CodeIgniter->runController(Object(App\Controllers\Artikel))
#9 C:\xampp\htdocs\lab11_ci\ci4\system\CodeIgniter.php(340): CodeIgniter\CodeIgniter->handleRequest(NULL, Object(Config\Cache), false)
#10 C:\xampp\htdocs\lab11_ci\ci4\system\Boot.php(417): CodeIgniter\CodeIgniter->run()
#11 C:\xampp\htdocs\lab11_ci\ci4\system\Boot.php(68): CodeIgniter\Boot::runCodeIgniter(Object(CodeIgniter\CodeIgniter))
#12 C:\xampp\htdocs\lab11_ci\ci4\public\index.php(59): CodeIgniter\Boot::bootWeb(Object(Config\Paths))
#13 C:\xampp\htdocs\lab11_ci\ci4\system\rewrite.php(44): require_once('C:\\xampp\\htdocs...')
#14 {main}

Next CodeIgniter\Database\Exceptions\DatabaseException: Access denied for user ''@'localhost' (using password: NO) in C:\xampp\htdocs\lab11_ci\ci4\system\Database\MySQLi\Connection.php:231
Stack trace:
#0 C:\xampp\htdocs\lab11_ci\ci4\system\Database\BaseConnection.php(419): CodeIgniter\Database\MySQLi\Connection->connect(false)
#1 C:\xampp\htdocs\lab11_ci\ci4\system\Database\BaseConnection.php(654): CodeIgniter\Database\BaseConnection->initialize()
#2 C:\xampp\htdocs\lab11_ci\ci4\system\Database\BaseBuilder.php(1649): CodeIgniter\Database\BaseConnection->query('SELECT *\nFROM `...', Array, false)
#3 C:\xampp\htdocs\lab11_ci\ci4\system\Model.php(254): CodeIgniter\Database\BaseBuilder->get()
#4 C:\xampp\htdocs\lab11_ci\ci4\system\BaseModel.php(675): CodeIgniter\Model->doFindAll(0, 0)
#5 C:\xampp\htdocs\lab11_ci\ci4\app\Controllers\Artikel.php(12): CodeIgniter\BaseModel->findAll()
#6 C:\xampp\htdocs\lab11_ci\ci4\system\CodeIgniter.php(951): App\Controllers\Artikel->index()
#7 C:\xampp\htdocs\lab11_ci\ci4\system\CodeIgniter.php(497): CodeIgniter\CodeIgniter->runController(Object(App\Controllers\Artikel))
#8 C:\xampp\htdocs\lab11_ci\ci4\system\CodeIgniter.php(340): CodeIgniter\CodeIgniter->handleRequest(NULL, Object(Config\Cache), false)
#9 C:\xampp\htdocs\lab11_ci\ci4\system\Boot.php(417): CodeIgniter\CodeIgniter->run()
#10 C:\xampp\htdocs\lab11_ci\ci4\system\Boot.php(68): CodeIgniter\Boot::runCodeIgniter(Object(CodeIgniter\CodeIgniter))
#11 C:\xampp\htdocs\lab11_ci\ci4\public\index.php(59): CodeIgniter\Boot::bootWeb(Object(Config\Paths))
#12 C:\xampp\htdocs\lab11_ci\ci4\system\rewrite.php(44): require_once('C:\\xampp\\htdocs...')
#13 {main}
CRITICAL - 2026-03-08 02:39:09 --> CodeIgniter\Database\Exceptions\DatabaseException: Unable to connect to the database.
Main connection [MySQLi]: Access denied for user ''@'localhost' (using password: NO)
[Method: GET, Route: artikel]
in SYSTEMPATH\Database\BaseConnection.php on line 465.
 1 SYSTEMPATH\Database\BaseConnection.php(654): CodeIgniter\Database\BaseConnection->initialize()
 2 SYSTEMPATH\Database\BaseBuilder.php(1649): CodeIgniter\Database\BaseConnection->query('SELECT *
FROM `artikel`', [], false)
 3 SYSTEMPATH\Model.php(254): CodeIgniter\Database\BaseBuilder->get()
 4 SYSTEMPATH\BaseModel.php(675): CodeIgniter\Model->doFindAll(0, 0)
 5 APPPATH\Controllers\Artikel.php(12): CodeIgniter\BaseModel->findAll()
 6 SYSTEMPATH\CodeIgniter.php(951): App\Controllers\Artikel->index()
 7 SYSTEMPATH\CodeIgniter.php(497): CodeIgniter\CodeIgniter->runController(Object(App\Controllers\Artikel))
 8 SYSTEMPATH\CodeIgniter.php(340): CodeIgniter\CodeIgniter->handleRequest(null, Object(Config\Cache), false)
 9 SYSTEMPATH\Boot.php(417): CodeIgniter\CodeIgniter->run()
10 SYSTEMPATH\Boot.php(68): CodeIgniter\Boot::runCodeIgniter(Object(CodeIgniter\CodeIgniter))
11 FCPATH\index.php(59): CodeIgniter\Boot::bootWeb(Object(Config\Paths))
12 SYSTEMPATH\rewrite.php(44): require_once('C:\\xampp\\htdocs\\lab11_ci\\ci4\\public\\index.php')
ERROR - 2026-03-08 02:39:09 --> Error connecting to the database: mysqli_sql_exception: Access denied for user ''@'localhost' (using password: NO) in C:\xampp\htdocs\lab11_ci\ci4\system\Database\MySQLi\Connection.php:201
Stack trace:
#0 C:\xampp\htdocs\lab11_ci\ci4\system\Database\MySQLi\Connection.php(201): mysqli->real_connect('localhost', '', Object(SensitiveParameterValue), '', 3306, '', 0)
#1 C:\xampp\htdocs\lab11_ci\ci4\system\Database\BaseConnection.php(419): CodeIgniter\Database\MySQLi\Connection->connect(false)
#2 C:\xampp\htdocs\lab11_ci\ci4\system\Database\BaseConnection.php(654): CodeIgniter\Database\BaseConnection->initialize()
#3 C:\xampp\htdocs\lab11_ci\ci4\system\Database\BaseBuilder.php(1649): CodeIgniter\Database\BaseConnection->query('SELECT *\nFROM `...', Array, false)
#4 C:\xampp\htdocs\lab11_ci\ci4\system\Model.php(254): CodeIgniter\Database\BaseBuilder->get()
#5 C:\xampp\htdocs\lab11_ci\ci4\system\BaseModel.php(675): CodeIgniter\Model->doFindAll(0, 0)
#6 C:\xampp\htdocs\lab11_ci\ci4\app\Controllers\Artikel.php(12): CodeIgniter\BaseModel->findAll()
#7 C:\xampp\htdocs\lab11_ci\ci4\system\CodeIgniter.php(951): App\Controllers\Artikel->index()
#8 C:\xampp\htdocs\lab11_ci\ci4\system\CodeIgniter.php(497): CodeIgniter\CodeIgniter->runController(Object(App\Controllers\Artikel))
#9 C:\xampp\htdocs\lab11_ci\ci4\system\CodeIgniter.php(340): CodeIgniter\CodeIgniter->handleRequest(NULL, Object(Config\Cache), false)
#10 C:\xampp\htdocs\lab11_ci\ci4\system\Boot.php(417): CodeIgniter\CodeIgniter->run()
#11 C:\xampp\htdocs\lab11_ci\ci4\system\Boot.php(68): CodeIgniter\Boot::runCodeIgniter(Object(CodeIgniter\CodeIgniter))
#12 C:\xampp\htdocs\lab11_ci\ci4\public\index.php(59): CodeIgniter\Boot::bootWeb(Object(Config\Paths))
#13 C:\xampp\htdocs\lab11_ci\ci4\system\rewrite.php(44): require_once('C:\\xampp\\htdocs...')
#14 {main}

Next CodeIgniter\Database\Exceptions\DatabaseException: Access denied for user ''@'localhost' (using password: NO) in C:\xampp\htdocs\lab11_ci\ci4\system\Database\MySQLi\Connection.php:231
Stack trace:
#0 C:\xampp\htdocs\lab11_ci\ci4\system\Database\BaseConnection.php(419): CodeIgniter\Database\MySQLi\Connection->connect(false)
#1 C:\xampp\htdocs\lab11_ci\ci4\system\Database\BaseConnection.php(654): CodeIgniter\Database\BaseConnection->initialize()
#2 C:\xampp\htdocs\lab11_ci\ci4\system\Database\BaseBuilder.php(1649): CodeIgniter\Database\BaseConnection->query('SELECT *\nFROM `...', Array, false)
#3 C:\xampp\htdocs\lab11_ci\ci4\system\Model.php(254): CodeIgniter\Database\BaseBuilder->get()
#4 C:\xampp\htdocs\lab11_ci\ci4\system\BaseModel.php(675): CodeIgniter\Model->doFindAll(0, 0)
#5 C:\xampp\htdocs\lab11_ci\ci4\app\Controllers\Artikel.php(12): CodeIgniter\BaseModel->findAll()
#6 C:\xampp\htdocs\lab11_ci\ci4\system\CodeIgniter.php(951): App\Controllers\Artikel->index()
#7 C:\xampp\htdocs\lab11_ci\ci4\system\CodeIgniter.php(497): CodeIgniter\CodeIgniter->runController(Object(App\Controllers\Artikel))
#8 C:\xampp\htdocs\lab11_ci\ci4\system\CodeIgniter.php(340): CodeIgniter\CodeIgniter->handleRequest(NULL, Object(Config\Cache), false)
#9 C:\xampp\htdocs\lab11_ci\ci4\system\Boot.php(417): CodeIgniter\CodeIgniter->run()
#10 C:\xampp\htdocs\lab11_ci\ci4\system\Boot.php(68): CodeIgniter\Boot::runCodeIgniter(Object(CodeIgniter\CodeIgniter))
#11 C:\xampp\htdocs\lab11_ci\ci4\public\index.php(59): CodeIgniter\Boot::bootWeb(Object(Config\Paths))
#12 C:\xampp\htdocs\lab11_ci\ci4\system\rewrite.php(44): require_once('C:\\xampp\\htdocs...')
#13 {main}
CRITICAL - 2026-03-08 02:39:09 --> CodeIgniter\Database\Exceptions\DatabaseException: Unable to connect to the database.
Main connection [MySQLi]: Access denied for user ''@'localhost' (using password: NO)
[Method: GET, Route: artikel]
in SYSTEMPATH\Database\BaseConnection.php on line 465.
 1 SYSTEMPATH\Database\BaseConnection.php(654): CodeIgniter\Database\BaseConnection->initialize()
 2 SYSTEMPATH\Database\BaseBuilder.php(1649): CodeIgniter\Database\BaseConnection->query('SELECT *
FROM `artikel`', [], false)
 3 SYSTEMPATH\Model.php(254): CodeIgniter\Database\BaseBuilder->get()
 4 SYSTEMPATH\BaseModel.php(675): CodeIgniter\Model->doFindAll(0, 0)
 5 APPPATH\Controllers\Artikel.php(12): CodeIgniter\BaseModel->findAll()
 6 SYSTEMPATH\CodeIgniter.php(951): App\Controllers\Artikel->index()
 7 SYSTEMPATH\CodeIgniter.php(497): CodeIgniter\CodeIgniter->runController(Object(App\Controllers\Artikel))
 8 SYSTEMPATH\CodeIgniter.php(340): CodeIgniter\CodeIgniter->handleRequest(null, Object(Config\Cache), false)
 9 SYSTEMPATH\Boot.php(417): CodeIgniter\CodeIgniter->run()
10 SYSTEMPATH\Boot.php(68): CodeIgniter\Boot::runCodeIgniter(Object(CodeIgniter\CodeIgniter))
11 FCPATH\index.php(59): CodeIgniter\Boot::bootWeb(Object(Config\Paths))
12 SYSTEMPATH\rewrite.php(44): require_once('C:\\xampp\\htdocs\\lab11_ci\\ci4\\public\\index.php')
ERROR - 2026-03-08 02:39:11 --> Error connecting to the database: mysqli_sql_exception: Access denied for user ''@'localhost' (using password: NO) in C:\xampp\htdocs\lab11_ci\ci4\system\Database\MySQLi\Connection.php:201
Stack trace:
#0 C:\xampp\htdocs\lab11_ci\ci4\system\Database\MySQLi\Connection.php(201): mysqli->real_connect('localhost', '', Object(SensitiveParameterValue), '', 3306, '', 0)
#1 C:\xampp\htdocs\lab11_ci\ci4\system\Database\BaseConnection.php(419): CodeIgniter\Database\MySQLi\Connection->connect(false)
#2 C:\xampp\htdocs\lab11_ci\ci4\system\Database\BaseConnection.php(654): CodeIgniter\Database\BaseConnection->initialize()
#3 C:\xampp\htdocs\lab11_ci\ci4\system\Database\BaseBuilder.php(1649): CodeIgniter\Database\BaseConnection->query('SELECT *\nFROM `...', Array, false)
#4 C:\xampp\htdocs\lab11_ci\ci4\system\Model.php(254): CodeIgniter\Database\BaseBuilder->get()
#5 C:\xampp\htdocs\lab11_ci\ci4\system\BaseModel.php(675): CodeIgniter\Model->doFindAll(0, 0)
#6 C:\xampp\htdocs\lab11_ci\ci4\app\Controllers\Artikel.php(12): CodeIgniter\BaseModel->findAll()
#7 C:\xampp\htdocs\lab11_ci\ci4\system\CodeIgniter.php(951): App\Controllers\Artikel->index()
#8 C:\xampp\htdocs\lab11_ci\ci4\system\CodeIgniter.php(497): CodeIgniter\CodeIgniter->runController(Object(App\Controllers\Artikel))
#9 C:\xampp\htdocs\lab11_ci\ci4\system\CodeIgniter.php(340): CodeIgniter\CodeIgniter->handleRequest(NULL, Object(Config\Cache), false)
#10 C:\xampp\htdocs\lab11_ci\ci4\system\Boot.php(417): CodeIgniter\CodeIgniter->run()
#11 C:\xampp\htdocs\lab11_ci\ci4\system\Boot.php(68): CodeIgniter\Boot::runCodeIgniter(Object(CodeIgniter\CodeIgniter))
#12 C:\xampp\htdocs\lab11_ci\ci4\public\index.php(59): CodeIgniter\Boot::bootWeb(Object(Config\Paths))
#13 C:\xampp\htdocs\lab11_ci\ci4\system\rewrite.php(44): require_once('C:\\xampp\\htdocs...')
#14 {main}

Next CodeIgniter\Database\Exceptions\DatabaseException: Access denied for user ''@'localhost' (using password: NO) in C:\xampp\htdocs\lab11_ci\ci4\system\Database\MySQLi\Connection.php:231
Stack trace:
#0 C:\xampp\htdocs\lab11_ci\ci4\system\Database\BaseConnection.php(419): CodeIgniter\Database\MySQLi\Connection->connect(false)
#1 C:\xampp\htdocs\lab11_ci\ci4\system\Database\BaseConnection.php(654): CodeIgniter\Database\BaseConnection->initialize()
#2 C:\xampp\htdocs\lab11_ci\ci4\system\Database\BaseBuilder.php(1649): CodeIgniter\Database\BaseConnection->query('SELECT *\nFROM `...', Array, false)
#3 C:\xampp\htdocs\lab11_ci\ci4\system\Model.php(254): CodeIgniter\Database\BaseBuilder->get()
#4 C:\xampp\htdocs\lab11_ci\ci4\system\BaseModel.php(675): CodeIgniter\Model->doFindAll(0, 0)
#5 C:\xampp\htdocs\lab11_ci\ci4\app\Controllers\Artikel.php(12): CodeIgniter\BaseModel->findAll()
#6 C:\xampp\htdocs\lab11_ci\ci4\system\CodeIgniter.php(951): App\Controllers\Artikel->index()
#7 C:\xampp\htdocs\lab11_ci\ci4\system\CodeIgniter.php(497): CodeIgniter\CodeIgniter->runController(Object(App\Controllers\Artikel))
#8 C:\xampp\htdocs\lab11_ci\ci4\system\CodeIgniter.php(340): CodeIgniter\CodeIgniter->handleRequest(NULL, Object(Config\Cache), false)
#9 C:\xampp\htdocs\lab11_ci\ci4\system\Boot.php(417): CodeIgniter\CodeIgniter->run()
#10 C:\xampp\htdocs\lab11_ci\ci4\system\Boot.php(68): CodeIgniter\Boot::runCodeIgniter(Object(CodeIgniter\CodeIgniter))
#11 C:\xampp\htdocs\lab11_ci\ci4\public\index.php(59): CodeIgniter\Boot::bootWeb(Object(Config\Paths))
#12 C:\xampp\htdocs\lab11_ci\ci4\system\rewrite.php(44): require_once('C:\\xampp\\htdocs...')
#13 {main}
CRITICAL - 2026-03-08 02:39:11 --> CodeIgniter\Database\Exceptions\DatabaseException: Unable to connect to the database.
Main connection [MySQLi]: Access denied for user ''@'localhost' (using password: NO)
[Method: GET, Route: artikel]
in SYSTEMPATH\Database\BaseConnection.php on line 465.
 1 SYSTEMPATH\Database\BaseConnection.php(654): CodeIgniter\Database\BaseConnection->initialize()
 2 SYSTEMPATH\Database\BaseBuilder.php(1649): CodeIgniter\Database\BaseConnection->query('SELECT *
FROM `artikel`', [], false)
 3 SYSTEMPATH\Model.php(254): CodeIgniter\Database\BaseBuilder->get()
 4 SYSTEMPATH\BaseModel.php(675): CodeIgniter\Model->doFindAll(0, 0)
 5 APPPATH\Controllers\Artikel.php(12): CodeIgniter\BaseModel->findAll()
 6 SYSTEMPATH\CodeIgniter.php(951): App\Controllers\Artikel->index()
 7 SYSTEMPATH\CodeIgniter.php(497): CodeIgniter\CodeIgniter->runController(Object(App\Controllers\Artikel))
 8 SYSTEMPATH\CodeIgniter.php(340): CodeIgniter\CodeIgniter->handleRequest(null, Object(Config\Cache), false)
 9 SYSTEMPATH\Boot.php(417): CodeIgniter\CodeIgniter->run()
10 SYSTEMPATH\Boot.php(68): CodeIgniter\Boot::runCodeIgniter(Object(CodeIgniter\CodeIgniter))
11 FCPATH\index.php(59): CodeIgniter\Boot::bootWeb(Object(Config\Paths))
12 SYSTEMPATH\rewrite.php(44): require_once('C:\\xampp\\htdocs\\lab11_ci\\ci4\\public\\index.php')
ERROR - 2026-03-08 02:39:12 --> Error connecting to the database: mysqli_sql_exception: Access denied for user ''@'localhost' (using password: NO) in C:\xampp\htdocs\lab11_ci\ci4\system\Database\MySQLi\Connection.php:201
Stack trace:
#0 C:\xampp\htdocs\lab11_ci\ci4\system\Database\MySQLi\Connection.php(201): mysqli->real_connect('localhost', '', Object(SensitiveParameterValue), '', 3306, '', 0)
#1 C:\xampp\htdocs\lab11_ci\ci4\system\Database\BaseConnection.php(419): CodeIgniter\Database\MySQLi\Connection->connect(false)
#2 C:\xampp\htdocs\lab11_ci\ci4\system\Database\BaseConnection.php(654): CodeIgniter\Database\BaseConnection->initialize()
#3 C:\xampp\htdocs\lab11_ci\ci4\system\Database\BaseBuilder.php(1649): CodeIgniter\Database\BaseConnection->query('SELECT *\nFROM `...', Array, false)
#4 C:\xampp\htdocs\lab11_ci\ci4\system\Model.php(254): CodeIgniter\Database\BaseBuilder->get()
#5 C:\xampp\htdocs\lab11_ci\ci4\system\BaseModel.php(675): CodeIgniter\Model->doFindAll(0, 0)
#6 C:\xampp\htdocs\lab11_ci\ci4\app\Controllers\Artikel.php(12): CodeIgniter\BaseModel->findAll()
#7 C:\xampp\htdocs\lab11_ci\ci4\system\CodeIgniter.php(951): App\Controllers\Artikel->index()
#8 C:\xampp\htdocs\lab11_ci\ci4\system\CodeIgniter.php(497): CodeIgniter\CodeIgniter->runController(Object(App\Controllers\Artikel))
#9 C:\xampp\htdocs\lab11_ci\ci4\system\CodeIgniter.php(340): CodeIgniter\CodeIgniter->handleRequest(NULL, Object(Config\Cache), false)
#10 C:\xampp\htdocs\lab11_ci\ci4\system\Boot.php(417): CodeIgniter\CodeIgniter->run()
#11 C:\xampp\htdocs\lab11_ci\ci4\system\Boot.php(68): CodeIgniter\Boot::runCodeIgniter(Object(CodeIgniter\CodeIgniter))
#12 C:\xampp\htdocs\lab11_ci\ci4\public\index.php(59): CodeIgniter\Boot::bootWeb(Object(Config\Paths))
#13 C:\xampp\htdocs\lab11_ci\ci4\system\rewrite.php(44): require_once('C:\\xampp\\htdocs...')
#14 {main}

Next CodeIgniter\Database\Exceptions\DatabaseException: Access denied for user ''@'localhost' (using password: NO) in C:\xampp\htdocs\lab11_ci\ci4\system\Database\MySQLi\Connection.php:231
Stack trace:
#0 C:\xampp\htdocs\lab11_ci\ci4\system\Database\BaseConnection.php(419): CodeIgniter\Database\MySQLi\Connection->connect(false)
#1 C:\xampp\htdocs\lab11_ci\ci4\system\Database\BaseConnection.php(654): CodeIgniter\Database\BaseConnection->initialize()
#2 C:\xampp\htdocs\lab11_ci\ci4\system\Database\BaseBuilder.php(1649): CodeIgniter\Database\BaseConnection->query('SELECT *\nFROM `...', Array, false)
#3 C:\xampp\htdocs\lab11_ci\ci4\system\Model.php(254): CodeIgniter\Database\BaseBuilder->get()
#4 C:\xampp\htdocs\lab11_ci\ci4\system\BaseModel.php(675): CodeIgniter\Model->doFindAll(0, 0)
#5 C:\xampp\htdocs\lab11_ci\ci4\app\Controllers\Artikel.php(12): CodeIgniter\BaseModel->findAll()
#6 C:\xampp\htdocs\lab11_ci\ci4\system\CodeIgniter.php(951): App\Controllers\Artikel->index()
#7 C:\xampp\htdocs\lab11_ci\ci4\system\CodeIgniter.php(497): CodeIgniter\CodeIgniter->runController(Object(App\Controllers\Artikel))
#8 C:\xampp\htdocs\lab11_ci\ci4\system\CodeIgniter.php(340): CodeIgniter\CodeIgniter->handleRequest(NULL, Object(Config\Cache), false)
#9 C:\xampp\htdocs\lab11_ci\ci4\system\Boot.php(417): CodeIgniter\CodeIgniter->run()
#10 C:\xampp\htdocs\lab11_ci\ci4\system\Boot.php(68): CodeIgniter\Boot::runCodeIgniter(Object(CodeIgniter\CodeIgniter))
#11 C:\xampp\htdocs\lab11_ci\ci4\public\index.php(59): CodeIgniter\Boot::bootWeb(Object(Config\Paths))
#12 C:\xampp\htdocs\lab11_ci\ci4\system\rewrite.php(44): require_once('C:\\xampp\\htdocs...')
#13 {main}
CRITICAL - 2026-03-08 02:39:12 --> CodeIgniter\Database\Exceptions\DatabaseException: Unable to connect to the database.
Main connection [MySQLi]: Access denied for user ''@'localhost' (using password: NO)
[Method: GET, Route: artikel]
in SYSTEMPATH\Database\BaseConnection.php on line 465.
 1 SYSTEMPATH\Database\BaseConnection.php(654): CodeIgniter\Database\BaseConnection->initialize()
 2 SYSTEMPATH\Database\BaseBuilder.php(1649): CodeIgniter\Database\BaseConnection->query('SELECT *
FROM `artikel`', [], false)
 3 SYSTEMPATH\Model.php(254): CodeIgniter\Database\BaseBuilder->get()
 4 SYSTEMPATH\BaseModel.php(675): CodeIgniter\Model->doFindAll(0, 0)
 5 APPPATH\Controllers\Artikel.php(12): CodeIgniter\BaseModel->findAll()
 6 SYSTEMPATH\CodeIgniter.php(951): App\Controllers\Artikel->index()
 7 SYSTEMPATH\CodeIgniter.php(497): CodeIgniter\CodeIgniter->runController(Object(App\Controllers\Artikel))
 8 SYSTEMPATH\CodeIgniter.php(340): CodeIgniter\CodeIgniter->handleRequest(null, Object(Config\Cache), false)
 9 SYSTEMPATH\Boot.php(417): CodeIgniter\CodeIgniter->run()
10 SYSTEMPATH\Boot.php(68): CodeIgniter\Boot::runCodeIgniter(Object(CodeIgniter\CodeIgniter))
11 FCPATH\index.php(59): CodeIgniter\Boot::bootWeb(Object(Config\Paths))
12 SYSTEMPATH\rewrite.php(44): require_once('C:\\xampp\\htdocs\\lab11_ci\\ci4\\public\\index.php')
ERROR - 2026-03-08 02:39:12 --> Error connecting to the database: mysqli_sql_exception: Access denied for user ''@'localhost' (using password: NO) in C:\xampp\htdocs\lab11_ci\ci4\system\Database\MySQLi\Connection.php:201
Stack trace:
#0 C:\xampp\htdocs\lab11_ci\ci4\system\Database\MySQLi\Connection.php(201): mysqli->real_connect('localhost', '', Object(SensitiveParameterValue), '', 3306, '', 0)
#1 C:\xampp\htdocs\lab11_ci\ci4\system\Database\BaseConnection.php(419): CodeIgniter\Database\MySQLi\Connection->connect(false)
#2 C:\xampp\htdocs\lab11_ci\ci4\system\Database\BaseConnection.php(654): CodeIgniter\Database\BaseConnection->initialize()
#3 C:\xampp\htdocs\lab11_ci\ci4\system\Database\BaseBuilder.php(1649): CodeIgniter\Database\BaseConnection->query('SELECT *\nFROM `...', Array, false)
#4 C:\xampp\htdocs\lab11_ci\ci4\system\Model.php(254): CodeIgniter\Database\BaseBuilder->get()
#5 C:\xampp\htdocs\lab11_ci\ci4\system\BaseModel.php(675): CodeIgniter\Model->doFindAll(0, 0)
#6 C:\xampp\htdocs\lab11_ci\ci4\app\Controllers\Artikel.php(12): CodeIgniter\BaseModel->findAll()
#7 C:\xampp\htdocs\lab11_ci\ci4\system\CodeIgniter.php(951): App\Controllers\Artikel->index()
#8 C:\xampp\htdocs\lab11_ci\ci4\system\CodeIgniter.php(497): CodeIgniter\CodeIgniter->runController(Object(App\Controllers\Artikel))
#9 C:\xampp\htdocs\lab11_ci\ci4\system\CodeIgniter.php(340): CodeIgniter\CodeIgniter->handleRequest(NULL, Object(Config\Cache), false)
#10 C:\xampp\htdocs\lab11_ci\ci4\system\Boot.php(417): CodeIgniter\CodeIgniter->run()
#11 C:\xampp\htdocs\lab11_ci\ci4\system\Boot.php(68): CodeIgniter\Boot::runCodeIgniter(Object(CodeIgniter\CodeIgniter))
#12 C:\xampp\htdocs\lab11_ci\ci4\public\index.php(59): CodeIgniter\Boot::bootWeb(Object(Config\Paths))
#13 C:\xampp\htdocs\lab11_ci\ci4\system\rewrite.php(44): require_once('C:\\xampp\\htdocs...')
#14 {main}

Next CodeIgniter\Database\Exceptions\DatabaseException: Access denied for user ''@'localhost' (using password: NO) in C:\xampp\htdocs\lab11_ci\ci4\system\Database\MySQLi\Connection.php:231
Stack trace:
#0 C:\xampp\htdocs\lab11_ci\ci4\system\Database\BaseConnection.php(419): CodeIgniter\Database\MySQLi\Connection->connect(false)
#1 C:\xampp\htdocs\lab11_ci\ci4\system\Database\BaseConnection.php(654): CodeIgniter\Database\BaseConnection->initialize()
#2 C:\xampp\htdocs\lab11_ci\ci4\system\Database\BaseBuilder.php(1649): CodeIgniter\Database\BaseConnection->query('SELECT *\nFROM `...', Array, false)
#3 C:\xampp\htdocs\lab11_ci\ci4\system\Model.php(254): CodeIgniter\Database\BaseBuilder->get()
#4 C:\xampp\htdocs\lab11_ci\ci4\system\BaseModel.php(675): CodeIgniter\Model->doFindAll(0, 0)
#5 C:\xampp\htdocs\lab11_ci\ci4\app\Controllers\Artikel.php(12): CodeIgniter\BaseModel->findAll()
#6 C:\xampp\htdocs\lab11_ci\ci4\system\CodeIgniter.php(951): App\Controllers\Artikel->index()
#7 C:\xampp\htdocs\lab11_ci\ci4\system\CodeIgniter.php(497): CodeIgniter\CodeIgniter->runController(Object(App\Controllers\Artikel))
#8 C:\xampp\htdocs\lab11_ci\ci4\system\CodeIgniter.php(340): CodeIgniter\CodeIgniter->handleRequest(NULL, Object(Config\Cache), false)
#9 C:\xampp\htdocs\lab11_ci\ci4\system\Boot.php(417): CodeIgniter\CodeIgniter->run()
#10 C:\xampp\htdocs\lab11_ci\ci4\system\Boot.php(68): CodeIgniter\Boot::runCodeIgniter(Object(CodeIgniter\CodeIgniter))
#11 C:\xampp\htdocs\lab11_ci\ci4\public\index.php(59): CodeIgniter\Boot::bootWeb(Object(Config\Paths))
#12 C:\xampp\htdocs\lab11_ci\ci4\system\rewrite.php(44): require_once('C:\\xampp\\htdocs...')
#13 {main}
CRITICAL - 2026-03-08 02:39:12 --> CodeIgniter\Database\Exceptions\DatabaseException: Unable to connect to the database.
Main connection [MySQLi]: Access denied for user ''@'localhost' (using password: NO)
[Method: GET, Route: artikel]
in SYSTEMPATH\Database\BaseConnection.php on line 465.
 1 SYSTEMPATH\Database\BaseConnection.php(654): CodeIgniter\Database\BaseConnection->initialize()
 2 SYSTEMPATH\Database\BaseBuilder.php(1649): CodeIgniter\Database\BaseConnection->query('SELECT *
FROM `artikel`', [], false)
 3 SYSTEMPATH\Model.php(254): CodeIgniter\Database\BaseBuilder->get()
 4 SYSTEMPATH\BaseModel.php(675): CodeIgniter\Model->doFindAll(0, 0)
 5 APPPATH\Controllers\Artikel.php(12): CodeIgniter\BaseModel->findAll()
 6 SYSTEMPATH\CodeIgniter.php(951): App\Controllers\Artikel->index()
 7 SYSTEMPATH\CodeIgniter.php(497): CodeIgniter\CodeIgniter->runController(Object(App\Controllers\Artikel))
 8 SYSTEMPATH\CodeIgniter.php(340): CodeIgniter\CodeIgniter->handleRequest(null, Object(Config\Cache), false)
 9 SYSTEMPATH\Boot.php(417): CodeIgniter\CodeIgniter->run()
10 SYSTEMPATH\Boot.php(68): CodeIgniter\Boot::runCodeIgniter(Object(CodeIgniter\CodeIgniter))
11 FCPATH\index.php(59): CodeIgniter\Boot::bootWeb(Object(Config\Paths))
12 SYSTEMPATH\rewrite.php(44): require_once('C:\\xampp\\htdocs\\lab11_ci\\ci4\\public\\index.php')
ERROR - 2026-03-08 02:39:14 --> Error connecting to the database: mysqli_sql_exception: Access denied for user ''@'localhost' (using password: NO) in C:\xampp\htdocs\lab11_ci\ci4\system\Database\MySQLi\Connection.php:201
Stack trace:
#0 C:\xampp\htdocs\lab11_ci\ci4\system\Database\MySQLi\Connection.php(201): mysqli->real_connect('localhost', '', Object(SensitiveParameterValue), '', 3306, '', 0)
#1 C:\xampp\htdocs\lab11_ci\ci4\system\Database\BaseConnection.php(419): CodeIgniter\Database\MySQLi\Connection->connect(false)
#2 C:\xampp\htdocs\lab11_ci\ci4\system\Database\BaseConnection.php(654): CodeIgniter\Database\BaseConnection->initialize()
#3 C:\xampp\htdocs\lab11_ci\ci4\system\Database\BaseBuilder.php(1649): CodeIgniter\Database\BaseConnection->query('SELECT *\nFROM `...', Array, false)
#4 C:\xampp\htdocs\lab11_ci\ci4\system\Model.php(254): CodeIgniter\Database\BaseBuilder->get()
#5 C:\xampp\htdocs\lab11_ci\ci4\system\BaseModel.php(675): CodeIgniter\Model->doFindAll(0, 0)
#6 C:\xampp\htdocs\lab11_ci\ci4\app\Controllers\Artikel.php(21): CodeIgniter\BaseModel->findAll()
#7 C:\xampp\htdocs\lab11_ci\ci4\system\CodeIgniter.php(951): App\Controllers\Artikel->admin_index()
#8 C:\xampp\htdocs\lab11_ci\ci4\system\CodeIgniter.php(497): CodeIgniter\CodeIgniter->runController(Object(App\Controllers\Artikel))
#9 C:\xampp\htdocs\lab11_ci\ci4\system\CodeIgniter.php(340): CodeIgniter\CodeIgniter->handleRequest(NULL, Object(Config\Cache), false)
#10 C:\xampp\htdocs\lab11_ci\ci4\system\Boot.php(417): CodeIgniter\CodeIgniter->run()
#11 C:\xampp\htdocs\lab11_ci\ci4\system\Boot.php(68): CodeIgniter\Boot::runCodeIgniter(Object(CodeIgniter\CodeIgniter))
#12 C:\xampp\htdocs\lab11_ci\ci4\public\index.php(59): CodeIgniter\Boot::bootWeb(Object(Config\Paths))
#13 C:\xampp\htdocs\lab11_ci\ci4\system\rewrite.php(44): require_once('C:\\xampp\\htdocs...')
#14 {main}

Next CodeIgniter\Database\Exceptions\DatabaseException: Access denied for user ''@'localhost' (using password: NO) in C:\xampp\htdocs\lab11_ci\ci4\system\Database\MySQLi\Connection.php:231
Stack trace:
#0 C:\xampp\htdocs\lab11_ci\ci4\system\Database\BaseConnection.php(419): CodeIgniter\Database\MySQLi\Connection->connect(false)
#1 C:\xampp\htdocs\lab11_ci\ci4\system\Database\BaseConnection.php(654): CodeIgniter\Database\BaseConnection->initialize()
#2 C:\xampp\htdocs\lab11_ci\ci4\system\Database\BaseBuilder.php(1649): CodeIgniter\Database\BaseConnection->query('SELECT *\nFROM `...', Array, false)
#3 C:\xampp\htdocs\lab11_ci\ci4\system\Model.php(254): CodeIgniter\Database\BaseBuilder->get()
#4 C:\xampp\htdocs\lab11_ci\ci4\system\BaseModel.php(675): CodeIgniter\Model->doFindAll(0, 0)
#5 C:\xampp\htdocs\lab11_ci\ci4\app\Controllers\Artikel.php(21): CodeIgniter\BaseModel->findAll()
#6 C:\xampp\htdocs\lab11_ci\ci4\system\CodeIgniter.php(951): App\Controllers\Artikel->admin_index()
#7 C:\xampp\htdocs\lab11_ci\ci4\system\CodeIgniter.php(497): CodeIgniter\CodeIgniter->runController(Object(App\Controllers\Artikel))
#8 C:\xampp\htdocs\lab11_ci\ci4\system\CodeIgniter.php(340): CodeIgniter\CodeIgniter->handleRequest(NULL, Object(Config\Cache), false)
#9 C:\xampp\htdocs\lab11_ci\ci4\system\Boot.php(417): CodeIgniter\CodeIgniter->run()
#10 C:\xampp\htdocs\lab11_ci\ci4\system\Boot.php(68): CodeIgniter\Boot::runCodeIgniter(Object(CodeIgniter\CodeIgniter))
#11 C:\xampp\htdocs\lab11_ci\ci4\public\index.php(59): CodeIgniter\Boot::bootWeb(Object(Config\Paths))
#12 C:\xampp\htdocs\lab11_ci\ci4\system\rewrite.php(44): require_once('C:\\xampp\\htdocs...')
#13 {main}
CRITICAL - 2026-03-08 02:39:14 --> CodeIgniter\Database\Exceptions\DatabaseException: Unable to connect to the database.
Main connection [MySQLi]: Access denied for user ''@'localhost' (using password: NO)
[Method: GET, Route: admin/artikel]
in SYSTEMPATH\Database\BaseConnection.php on line 465.
 1 SYSTEMPATH\Database\BaseConnection.php(654): CodeIgniter\Database\BaseConnection->initialize()
 2 SYSTEMPATH\Database\BaseBuilder.php(1649): CodeIgniter\Database\BaseConnection->query('SELECT *
FROM `artikel`', [], false)
 3 SYSTEMPATH\Model.php(254): CodeIgniter\Database\BaseBuilder->get()
 4 SYSTEMPATH\BaseModel.php(675): CodeIgniter\Model->doFindAll(0, 0)
 5 APPPATH\Controllers\Artikel.php(21): CodeIgniter\BaseModel->findAll()
 6 SYSTEMPATH\CodeIgniter.php(951): App\Controllers\Artikel->admin_index()
 7 SYSTEMPATH\CodeIgniter.php(497): CodeIgniter\CodeIgniter->runController(Object(App\Controllers\Artikel))
 8 SYSTEMPATH\CodeIgniter.php(340): CodeIgniter\CodeIgniter->handleRequest(null, Object(Config\Cache), false)
 9 SYSTEMPATH\Boot.php(417): CodeIgniter\CodeIgniter->run()
10 SYSTEMPATH\Boot.php(68): CodeIgniter\Boot::runCodeIgniter(Object(CodeIgniter\CodeIgniter))
11 FCPATH\index.php(59): CodeIgniter\Boot::bootWeb(Object(Config\Paths))
12 SYSTEMPATH\rewrite.php(44): require_once('C:\\xampp\\htdocs\\lab11_ci\\ci4\\public\\index.php')
ERROR - 2026-03-08 02:39:14 --> Error connecting to the database: mysqli_sql_exception: Access denied for user ''@'localhost' (using password: NO) in C:\xampp\htdocs\lab11_ci\ci4\system\Database\MySQLi\Connection.php:201
Stack trace:
#0 C:\xampp\htdocs\lab11_ci\ci4\system\Database\MySQLi\Connection.php(201): mysqli->real_connect('localhost', '', Object(SensitiveParameterValue), '', 3306, '', 0)
#1 C:\xampp\htdocs\lab11_ci\ci4\system\Database\BaseConnection.php(419): CodeIgniter\Database\MySQLi\Connection->connect(false)
#2 C:\xampp\htdocs\lab11_ci\ci4\system\Database\BaseConnection.php(654): CodeIgniter\Database\BaseConnection->initialize()
#3 C:\xampp\htdocs\lab11_ci\ci4\system\Database\BaseBuilder.php(1649): CodeIgniter\Database\BaseConnection->query('SELECT *\nFROM `...', Array, false)
#4 C:\xampp\htdocs\lab11_ci\ci4\system\Model.php(254): CodeIgniter\Database\BaseBuilder->get()
#5 C:\xampp\htdocs\lab11_ci\ci4\system\BaseModel.php(675): CodeIgniter\Model->doFindAll(0, 0)
#6 C:\xampp\htdocs\lab11_ci\ci4\app\Controllers\Artikel.php(21): CodeIgniter\BaseModel->findAll()
#7 C:\xampp\htdocs\lab11_ci\ci4\system\CodeIgniter.php(951): App\Controllers\Artikel->admin_index()
#8 C:\xampp\htdocs\lab11_ci\ci4\system\CodeIgniter.php(497): CodeIgniter\CodeIgniter->runController(Object(App\Controllers\Artikel))
#9 C:\xampp\htdocs\lab11_ci\ci4\system\CodeIgniter.php(340): CodeIgniter\CodeIgniter->handleRequest(NULL, Object(Config\Cache), false)
#10 C:\xampp\htdocs\lab11_ci\ci4\system\Boot.php(417): CodeIgniter\CodeIgniter->run()
#11 C:\xampp\htdocs\lab11_ci\ci4\system\Boot.php(68): CodeIgniter\Boot::runCodeIgniter(Object(CodeIgniter\CodeIgniter))
#12 C:\xampp\htdocs\lab11_ci\ci4\public\index.php(59): CodeIgniter\Boot::bootWeb(Object(Config\Paths))
#13 C:\xampp\htdocs\lab11_ci\ci4\system\rewrite.php(44): require_once('C:\\xampp\\htdocs...')
#14 {main}

Next CodeIgniter\Database\Exceptions\DatabaseException: Access denied for user ''@'localhost' (using password: NO) in C:\xampp\htdocs\lab11_ci\ci4\system\Database\MySQLi\Connection.php:231
Stack trace:
#0 C:\xampp\htdocs\lab11_ci\ci4\system\Database\BaseConnection.php(419): CodeIgniter\Database\MySQLi\Connection->connect(false)
#1 C:\xampp\htdocs\lab11_ci\ci4\system\Database\BaseConnection.php(654): CodeIgniter\Database\BaseConnection->initialize()
#2 C:\xampp\htdocs\lab11_ci\ci4\system\Database\BaseBuilder.php(1649): CodeIgniter\Database\BaseConnection->query('SELECT *\nFROM `...', Array, false)
#3 C:\xampp\htdocs\lab11_ci\ci4\system\Model.php(254): CodeIgniter\Database\BaseBuilder->get()
#4 C:\xampp\htdocs\lab11_ci\ci4\system\BaseModel.php(675): CodeIgniter\Model->doFindAll(0, 0)
#5 C:\xampp\htdocs\lab11_ci\ci4\app\Controllers\Artikel.php(21): CodeIgniter\BaseModel->findAll()
#6 C:\xampp\htdocs\lab11_ci\ci4\system\CodeIgniter.php(951): App\Controllers\Artikel->admin_index()
#7 C:\xampp\htdocs\lab11_ci\ci4\system\CodeIgniter.php(497): CodeIgniter\CodeIgniter->runController(Object(App\Controllers\Artikel))
#8 C:\xampp\htdocs\lab11_ci\ci4\system\CodeIgniter.php(340): CodeIgniter\CodeIgniter->handleRequest(NULL, Object(Config\Cache), false)
#9 C:\xampp\htdocs\lab11_ci\ci4\system\Boot.php(417): CodeIgniter\CodeIgniter->run()
#10 C:\xampp\htdocs\lab11_ci\ci4\system\Boot.php(68): CodeIgniter\Boot::runCodeIgniter(Object(CodeIgniter\CodeIgniter))
#11 C:\xampp\htdocs\lab11_ci\ci4\public\index.php(59): CodeIgniter\Boot::bootWeb(Object(Config\Paths))
#12 C:\xampp\htdocs\lab11_ci\ci4\system\rewrite.php(44): require_once('C:\\xampp\\htdocs...')
#13 {main}
CRITICAL - 2026-03-08 02:39:14 --> CodeIgniter\Database\Exceptions\DatabaseException: Unable to connect to the database.
Main connection [MySQLi]: Access denied for user ''@'localhost' (using password: NO)
[Method: GET, Route: admin/artikel]
in SYSTEMPATH\Database\BaseConnection.php on line 465.
 1 SYSTEMPATH\Database\BaseConnection.php(654): CodeIgniter\Database\BaseConnection->initialize()
 2 SYSTEMPATH\Database\BaseBuilder.php(1649): CodeIgniter\Database\BaseConnection->query('SELECT *
FROM `artikel`', [], false)
 3 SYSTEMPATH\Model.php(254): CodeIgniter\Database\BaseBuilder->get()
 4 SYSTEMPATH\BaseModel.php(675): CodeIgniter\Model->doFindAll(0, 0)
 5 APPPATH\Controllers\Artikel.php(21): CodeIgniter\BaseModel->findAll()
 6 SYSTEMPATH\CodeIgniter.php(951): App\Controllers\Artikel->admin_index()
 7 SYSTEMPATH\CodeIgniter.php(497): CodeIgniter\CodeIgniter->runController(Object(App\Controllers\Artikel))
 8 SYSTEMPATH\CodeIgniter.php(340): CodeIgniter\CodeIgniter->handleRequest(null, Object(Config\Cache), false)
 9 SYSTEMPATH\Boot.php(417): CodeIgniter\CodeIgniter->run()
10 SYSTEMPATH\Boot.php(68): CodeIgniter\Boot::runCodeIgniter(Object(CodeIgniter\CodeIgniter))
11 FCPATH\index.php(59): CodeIgniter\Boot::bootWeb(Object(Config\Paths))
12 SYSTEMPATH\rewrite.php(44): require_once('C:\\xampp\\htdocs\\lab11_ci\\ci4\\public\\index.php')
ERROR - 2026-03-08 02:39:15 --> Error connecting to the database: mysqli_sql_exception: Access denied for user ''@'localhost' (using password: NO) in C:\xampp\htdocs\lab11_ci\ci4\system\Database\MySQLi\Connection.php:201
Stack trace:
#0 C:\xampp\htdocs\lab11_ci\ci4\system\Database\MySQLi\Connection.php(201): mysqli->real_connect('localhost', '', Object(SensitiveParameterValue), '', 3306, '', 0)
#1 C:\xampp\htdocs\lab11_ci\ci4\system\Database\BaseConnection.php(419): CodeIgniter\Database\MySQLi\Connection->connect(false)
#2 C:\xampp\htdocs\lab11_ci\ci4\system\Database\BaseConnection.php(654): CodeIgniter\Database\BaseConnection->initialize()
#3 C:\xampp\htdocs\lab11_ci\ci4\system\Database\BaseBuilder.php(1649): CodeIgniter\Database\BaseConnection->query('SELECT *\nFROM `...', Array, false)
#4 C:\xampp\htdocs\lab11_ci\ci4\system\Model.php(254): CodeIgniter\Database\BaseBuilder->get()
#5 C:\xampp\htdocs\lab11_ci\ci4\system\BaseModel.php(675): CodeIgniter\Model->doFindAll(0, 0)
#6 C:\xampp\htdocs\lab11_ci\ci4\app\Controllers\Artikel.php(21): CodeIgniter\BaseModel->findAll()
#7 C:\xampp\htdocs\lab11_ci\ci4\system\CodeIgniter.php(951): App\Controllers\Artikel->admin_index()
#8 C:\xampp\htdocs\lab11_ci\ci4\system\CodeIgniter.php(497): CodeIgniter\CodeIgniter->runController(Object(App\Controllers\Artikel))
#9 C:\xampp\htdocs\lab11_ci\ci4\system\CodeIgniter.php(340): CodeIgniter\CodeIgniter->handleRequest(NULL, Object(Config\Cache), false)
#10 C:\xampp\htdocs\lab11_ci\ci4\system\Boot.php(417): CodeIgniter\CodeIgniter->run()
#11 C:\xampp\htdocs\lab11_ci\ci4\system\Boot.php(68): CodeIgniter\Boot::runCodeIgniter(Object(CodeIgniter\CodeIgniter))
#12 C:\xampp\htdocs\lab11_ci\ci4\public\index.php(59): CodeIgniter\Boot::bootWeb(Object(Config\Paths))
#13 C:\xampp\htdocs\lab11_ci\ci4\system\rewrite.php(44): require_once('C:\\xampp\\htdocs...')
#14 {main}

Next CodeIgniter\Database\Exceptions\DatabaseException: Access denied for user ''@'localhost' (using password: NO) in C:\xampp\htdocs\lab11_ci\ci4\system\Database\MySQLi\Connection.php:231
Stack trace:
#0 C:\xampp\htdocs\lab11_ci\ci4\system\Database\BaseConnection.php(419): CodeIgniter\Database\MySQLi\Connection->connect(false)
#1 C:\xampp\htdocs\lab11_ci\ci4\system\Database\BaseConnection.php(654): CodeIgniter\Database\BaseConnection->initialize()
#2 C:\xampp\htdocs\lab11_ci\ci4\system\Database\BaseBuilder.php(1649): CodeIgniter\Database\BaseConnection->query('SELECT *\nFROM `...', Array, false)
#3 C:\xampp\htdocs\lab11_ci\ci4\system\Model.php(254): CodeIgniter\Database\BaseBuilder->get()
#4 C:\xampp\htdocs\lab11_ci\ci4\system\BaseModel.php(675): CodeIgniter\Model->doFindAll(0, 0)
#5 C:\xampp\htdocs\lab11_ci\ci4\app\Controllers\Artikel.php(21): CodeIgniter\BaseModel->findAll()
#6 C:\xampp\htdocs\lab11_ci\ci4\system\CodeIgniter.php(951): App\Controllers\Artikel->admin_index()
#7 C:\xampp\htdocs\lab11_ci\ci4\system\CodeIgniter.php(497): CodeIgniter\CodeIgniter->runController(Object(App\Controllers\Artikel))
#8 C:\xampp\htdocs\lab11_ci\ci4\system\CodeIgniter.php(340): CodeIgniter\CodeIgniter->handleRequest(NULL, Object(Config\Cache), false)
#9 C:\xampp\htdocs\lab11_ci\ci4\system\Boot.php(417): CodeIgniter\CodeIgniter->run()
#10 C:\xampp\htdocs\lab11_ci\ci4\system\Boot.php(68): CodeIgniter\Boot::runCodeIgniter(Object(CodeIgniter\CodeIgniter))
#11 C:\xampp\htdocs\lab11_ci\ci4\public\index.php(59): CodeIgniter\Boot::bootWeb(Object(Config\Paths))
#12 C:\xampp\htdocs\lab11_ci\ci4\system\rewrite.php(44): require_once('C:\\xampp\\htdocs...')
#13 {main}
CRITICAL - 2026-03-08 02:39:15 --> CodeIgniter\Database\Exceptions\DatabaseException: Unable to connect to the database.
Main connection [MySQLi]: Access denied for user ''@'localhost' (using password: NO)
[Method: GET, Route: admin/artikel]
in SYSTEMPATH\Database\BaseConnection.php on line 465.
 1 SYSTEMPATH\Database\BaseConnection.php(654): CodeIgniter\Database\BaseConnection->initialize()
 2 SYSTEMPATH\Database\BaseBuilder.php(1649): CodeIgniter\Database\BaseConnection->query('SELECT *
FROM `artikel`', [], false)
 3 SYSTEMPATH\Model.php(254): CodeIgniter\Database\BaseBuilder->get()
 4 SYSTEMPATH\BaseModel.php(675): CodeIgniter\Model->doFindAll(0, 0)
 5 APPPATH\Controllers\Artikel.php(21): CodeIgniter\BaseModel->findAll()
 6 SYSTEMPATH\CodeIgniter.php(951): App\Controllers\Artikel->admin_index()
 7 SYSTEMPATH\CodeIgniter.php(497): CodeIgniter\CodeIgniter->runController(Object(App\Controllers\Artikel))
 8 SYSTEMPATH\CodeIgniter.php(340): CodeIgniter\CodeIgniter->handleRequest(null, Object(Config\Cache), false)
 9 SYSTEMPATH\Boot.php(417): CodeIgniter\CodeIgniter->run()
10 SYSTEMPATH\Boot.php(68): CodeIgniter\Boot::runCodeIgniter(Object(CodeIgniter\CodeIgniter))
11 FCPATH\index.php(59): CodeIgniter\Boot::bootWeb(Object(Config\Paths))
12 SYSTEMPATH\rewrite.php(44): require_once('C:\\xampp\\htdocs\\lab11_ci\\ci4\\public\\index.php')
ERROR - 2026-03-08 02:40:24 --> Error connecting to the database: mysqli_sql_exception: Access denied for user ''@'localhost' (using password: NO) in C:\xampp\htdocs\lab11_ci\ci4\system\Database\MySQLi\Connection.php:201
Stack trace:
#0 C:\xampp\htdocs\lab11_ci\ci4\system\Database\MySQLi\Connection.php(201): mysqli->real_connect('localhost', '', Object(SensitiveParameterValue), '', 3306, '', 0)
#1 C:\xampp\htdocs\lab11_ci\ci4\system\Database\BaseConnection.php(419): CodeIgniter\Database\MySQLi\Connection->connect(false)
#2 C:\xampp\htdocs\lab11_ci\ci4\system\Database\BaseConnection.php(654): CodeIgniter\Database\BaseConnection->initialize()
#3 C:\xampp\htdocs\lab11_ci\ci4\system\Database\BaseBuilder.php(1649): CodeIgniter\Database\BaseConnection->query('SELECT *\nFROM `...', Array, false)
#4 C:\xampp\htdocs\lab11_ci\ci4\system\Model.php(254): CodeIgniter\Database\BaseBuilder->get()
#5 C:\xampp\htdocs\lab11_ci\ci4\system\BaseModel.php(675): CodeIgniter\Model->doFindAll(0, 0)
#6 C:\xampp\htdocs\lab11_ci\ci4\app\Controllers\Artikel.php(12): CodeIgniter\BaseModel->findAll()
#7 C:\xampp\htdocs\lab11_ci\ci4\system\CodeIgniter.php(951): App\Controllers\Artikel->index()
#8 C:\xampp\htdocs\lab11_ci\ci4\system\CodeIgniter.php(497): CodeIgniter\CodeIgniter->runController(Object(App\Controllers\Artikel))
#9 C:\xampp\htdocs\lab11_ci\ci4\system\CodeIgniter.php(340): CodeIgniter\CodeIgniter->handleRequest(NULL, Object(Config\Cache), false)
#10 C:\xampp\htdocs\lab11_ci\ci4\system\Boot.php(417): CodeIgniter\CodeIgniter->run()
#11 C:\xampp\htdocs\lab11_ci\ci4\system\Boot.php(68): CodeIgniter\Boot::runCodeIgniter(Object(CodeIgniter\CodeIgniter))
#12 C:\xampp\htdocs\lab11_ci\ci4\public\index.php(59): CodeIgniter\Boot::bootWeb(Object(Config\Paths))
#13 C:\xampp\htdocs\lab11_ci\ci4\system\rewrite.php(44): require_once('C:\\xampp\\htdocs...')
#14 {main}

Next CodeIgniter\Database\Exceptions\DatabaseException: Access denied for user ''@'localhost' (using password: NO) in C:\xampp\htdocs\lab11_ci\ci4\system\Database\MySQLi\Connection.php:231
Stack trace:
#0 C:\xampp\htdocs\lab11_ci\ci4\system\Database\BaseConnection.php(419): CodeIgniter\Database\MySQLi\Connection->connect(false)
#1 C:\xampp\htdocs\lab11_ci\ci4\system\Database\BaseConnection.php(654): CodeIgniter\Database\BaseConnection->initialize()
#2 C:\xampp\htdocs\lab11_ci\ci4\system\Database\BaseBuilder.php(1649): CodeIgniter\Database\BaseConnection->query('SELECT *\nFROM `...', Array, false)
#3 C:\xampp\htdocs\lab11_ci\ci4\system\Model.php(254): CodeIgniter\Database\BaseBuilder->get()
#4 C:\xampp\htdocs\lab11_ci\ci4\system\BaseModel.php(675): CodeIgniter\Model->doFindAll(0, 0)
#5 C:\xampp\htdocs\lab11_ci\ci4\app\Controllers\Artikel.php(12): CodeIgniter\BaseModel->findAll()
#6 C:\xampp\htdocs\lab11_ci\ci4\system\CodeIgniter.php(951): App\Controllers\Artikel->index()
#7 C:\xampp\htdocs\lab11_ci\ci4\system\CodeIgniter.php(497): CodeIgniter\CodeIgniter->runController(Object(App\Controllers\Artikel))
#8 C:\xampp\htdocs\lab11_ci\ci4\system\CodeIgniter.php(340): CodeIgniter\CodeIgniter->handleRequest(NULL, Object(Config\Cache), false)
#9 C:\xampp\htdocs\lab11_ci\ci4\system\Boot.php(417): CodeIgniter\CodeIgniter->run()
#10 C:\xampp\htdocs\lab11_ci\ci4\system\Boot.php(68): CodeIgniter\Boot::runCodeIgniter(Object(CodeIgniter\CodeIgniter))
#11 C:\xampp\htdocs\lab11_ci\ci4\public\index.php(59): CodeIgniter\Boot::bootWeb(Object(Config\Paths))
#12 C:\xampp\htdocs\lab11_ci\ci4\system\rewrite.php(44): require_once('C:\\xampp\\htdocs...')
#13 {main}
CRITICAL - 2026-03-08 02:40:24 --> CodeIgniter\Database\Exceptions\DatabaseException: Unable to connect to the database.
Main connection [MySQLi]: Access denied for user ''@'localhost' (using password: NO)
[Method: GET, Route: artikel]
in SYSTEMPATH\Database\BaseConnection.php on line 465.
 1 SYSTEMPATH\Database\BaseConnection.php(654): CodeIgniter\Database\BaseConnection->initialize()
 2 SYSTEMPATH\Database\BaseBuilder.php(1649): CodeIgniter\Database\BaseConnection->query('SELECT *
FROM `artikel`', [], false)
 3 SYSTEMPATH\Model.php(254): CodeIgniter\Database\BaseBuilder->get()
 4 SYSTEMPATH\BaseModel.php(675): CodeIgniter\Model->doFindAll(0, 0)
 5 APPPATH\Controllers\Artikel.php(12): CodeIgniter\BaseModel->findAll()
 6 SYSTEMPATH\CodeIgniter.php(951): App\Controllers\Artikel->index()
 7 SYSTEMPATH\CodeIgniter.php(497): CodeIgniter\CodeIgniter->runController(Object(App\Controllers\Artikel))
 8 SYSTEMPATH\CodeIgniter.php(340): CodeIgniter\CodeIgniter->handleRequest(null, Object(Config\Cache), false)
 9 SYSTEMPATH\Boot.php(417): CodeIgniter\CodeIgniter->run()
10 SYSTEMPATH\Boot.php(68): CodeIgniter\Boot::runCodeIgniter(Object(CodeIgniter\CodeIgniter))
11 FCPATH\index.php(59): CodeIgniter\Boot::bootWeb(Object(Config\Paths))
12 SYSTEMPATH\rewrite.php(44): require_once('C:\\xampp\\htdocs\\lab11_ci\\ci4\\public\\index.php')
ERROR - 2026-03-08 02:40:29 --> Error connecting to the database: mysqli_sql_exception: Access denied for user ''@'localhost' (using password: NO) in C:\xampp\htdocs\lab11_ci\ci4\system\Database\MySQLi\Connection.php:201
Stack trace:
#0 C:\xampp\htdocs\lab11_ci\ci4\system\Database\MySQLi\Connection.php(201): mysqli->real_connect('localhost', '', Object(SensitiveParameterValue), '', 3306, '', 0)
#1 C:\xampp\htdocs\lab11_ci\ci4\system\Database\BaseConnection.php(419): CodeIgniter\Database\MySQLi\Connection->connect(false)
#2 C:\xampp\htdocs\lab11_ci\ci4\system\Database\BaseConnection.php(654): CodeIgniter\Database\BaseConnection->initialize()
#3 C:\xampp\htdocs\lab11_ci\ci4\system\Database\BaseBuilder.php(1649): CodeIgniter\Database\BaseConnection->query('SELECT *\nFROM `...', Array, false)
#4 C:\xampp\htdocs\lab11_ci\ci4\system\Model.php(254): CodeIgniter\Database\BaseBuilder->get()
#5 C:\xampp\htdocs\lab11_ci\ci4\system\BaseModel.php(675): CodeIgniter\Model->doFindAll(0, 0)
#6 C:\xampp\htdocs\lab11_ci\ci4\app\Controllers\Artikel.php(21): CodeIgniter\BaseModel->findAll()
#7 C:\xampp\htdocs\lab11_ci\ci4\system\CodeIgniter.php(951): App\Controllers\Artikel->admin_index()
#8 C:\xampp\htdocs\lab11_ci\ci4\system\CodeIgniter.php(497): CodeIgniter\CodeIgniter->runController(Object(App\Controllers\Artikel))
#9 C:\xampp\htdocs\lab11_ci\ci4\system\CodeIgniter.php(340): CodeIgniter\CodeIgniter->handleRequest(NULL, Object(Config\Cache), false)
#10 C:\xampp\htdocs\lab11_ci\ci4\system\Boot.php(417): CodeIgniter\CodeIgniter->run()
#11 C:\xampp\htdocs\lab11_ci\ci4\system\Boot.php(68): CodeIgniter\Boot::runCodeIgniter(Object(CodeIgniter\CodeIgniter))
#12 C:\xampp\htdocs\lab11_ci\ci4\public\index.php(59): CodeIgniter\Boot::bootWeb(Object(Config\Paths))
#13 C:\xampp\htdocs\lab11_ci\ci4\system\rewrite.php(44): require_once('C:\\xampp\\htdocs...')
#14 {main}

Next CodeIgniter\Database\Exceptions\DatabaseException: Access denied for user ''@'localhost' (using password: NO) in C:\xampp\htdocs\lab11_ci\ci4\system\Database\MySQLi\Connection.php:231
Stack trace:
#0 C:\xampp\htdocs\lab11_ci\ci4\system\Database\BaseConnection.php(419): CodeIgniter\Database\MySQLi\Connection->connect(false)
#1 C:\xampp\htdocs\lab11_ci\ci4\system\Database\BaseConnection.php(654): CodeIgniter\Database\BaseConnection->initialize()
#2 C:\xampp\htdocs\lab11_ci\ci4\system\Database\BaseBuilder.php(1649): CodeIgniter\Database\BaseConnection->query('SELECT *\nFROM `...', Array, false)
#3 C:\xampp\htdocs\lab11_ci\ci4\system\Model.php(254): CodeIgniter\Database\BaseBuilder->get()
#4 C:\xampp\htdocs\lab11_ci\ci4\system\BaseModel.php(675): CodeIgniter\Model->doFindAll(0, 0)
#5 C:\xampp\htdocs\lab11_ci\ci4\app\Controllers\Artikel.php(21): CodeIgniter\BaseModel->findAll()
#6 C:\xampp\htdocs\lab11_ci\ci4\system\CodeIgniter.php(951): App\Controllers\Artikel->admin_index()
#7 C:\xampp\htdocs\lab11_ci\ci4\system\CodeIgniter.php(497): CodeIgniter\CodeIgniter->runController(Object(App\Controllers\Artikel))
#8 C:\xampp\htdocs\lab11_ci\ci4\system\CodeIgniter.php(340): CodeIgniter\CodeIgniter->handleRequest(NULL, Object(Config\Cache), false)
#9 C:\xampp\htdocs\lab11_ci\ci4\system\Boot.php(417): CodeIgniter\CodeIgniter->run()
#10 C:\xampp\htdocs\lab11_ci\ci4\system\Boot.php(68): CodeIgniter\Boot::runCodeIgniter(Object(CodeIgniter\CodeIgniter))
#11 C:\xampp\htdocs\lab11_ci\ci4\public\index.php(59): CodeIgniter\Boot::bootWeb(Object(Config\Paths))
#12 C:\xampp\htdocs\lab11_ci\ci4\system\rewrite.php(44): require_once('C:\\xampp\\htdocs...')
#13 {main}
CRITICAL - 2026-03-08 02:40:29 --> CodeIgniter\Database\Exceptions\DatabaseException: Unable to connect to the database.
Main connection [MySQLi]: Access denied for user ''@'localhost' (using password: NO)
[Method: GET, Route: admin/artikel]
in SYSTEMPATH\Database\BaseConnection.php on line 465.
 1 SYSTEMPATH\Database\BaseConnection.php(654): CodeIgniter\Database\BaseConnection->initialize()
 2 SYSTEMPATH\Database\BaseBuilder.php(1649): CodeIgniter\Database\BaseConnection->query('SELECT *
FROM `artikel`', [], false)
 3 SYSTEMPATH\Model.php(254): CodeIgniter\Database\BaseBuilder->get()
 4 SYSTEMPATH\BaseModel.php(675): CodeIgniter\Model->doFindAll(0, 0)
 5 APPPATH\Controllers\Artikel.php(21): CodeIgniter\BaseModel->findAll()
 6 SYSTEMPATH\CodeIgniter.php(951): App\Controllers\Artikel->admin_index()
 7 SYSTEMPATH\CodeIgniter.php(497): CodeIgniter\CodeIgniter->runController(Object(App\Controllers\Artikel))
 8 SYSTEMPATH\CodeIgniter.php(340): CodeIgniter\CodeIgniter->handleRequest(null, Object(Config\Cache), false)
 9 SYSTEMPATH\Boot.php(417): CodeIgniter\CodeIgniter->run()
10 SYSTEMPATH\Boot.php(68): CodeIgniter\Boot::runCodeIgniter(Object(CodeIgniter\CodeIgniter))
11 FCPATH\index.php(59): CodeIgniter\Boot::bootWeb(Object(Config\Paths))
12 SYSTEMPATH\rewrite.php(44): require_once('C:\\xampp\\htdocs\\lab11_ci\\ci4\\public\\index.php')
ERROR - 2026-03-08 02:50:43 --> Error connecting to the database: mysqli_sql_exception: Access denied for user ''@'localhost' (using password: NO) in C:\xampp\htdocs\lab11_ci\ci4\system\Database\MySQLi\Connection.php:201
Stack trace:
#0 C:\xampp\htdocs\lab11_ci\ci4\system\Database\MySQLi\Connection.php(201): mysqli->real_connect('localhost', '', Object(SensitiveParameterValue), '', 3306, '', 0)
#1 C:\xampp\htdocs\lab11_ci\ci4\system\Database\BaseConnection.php(419): CodeIgniter\Database\MySQLi\Connection->connect(false)
#2 C:\xampp\htdocs\lab11_ci\ci4\system\Database\BaseConnection.php(654): CodeIgniter\Database\BaseConnection->initialize()
#3 C:\xampp\htdocs\lab11_ci\ci4\system\Database\BaseBuilder.php(1649): CodeIgniter\Database\BaseConnection->query('SELECT *\nFROM `...', Array, false)
#4 C:\xampp\htdocs\lab11_ci\ci4\system\Model.php(254): CodeIgniter\Database\BaseBuilder->get()
#5 C:\xampp\htdocs\lab11_ci\ci4\system\BaseModel.php(675): CodeIgniter\Model->doFindAll(0, 0)
#6 C:\xampp\htdocs\lab11_ci\ci4\app\Controllers\Artikel.php(12): CodeIgniter\BaseModel->findAll()
#7 C:\xampp\htdocs\lab11_ci\ci4\system\CodeIgniter.php(951): App\Controllers\Artikel->index()
#8 C:\xampp\htdocs\lab11_ci\ci4\system\CodeIgniter.php(497): CodeIgniter\CodeIgniter->runController(Object(App\Controllers\Artikel))
#9 C:\xampp\htdocs\lab11_ci\ci4\system\CodeIgniter.php(340): CodeIgniter\CodeIgniter->handleRequest(NULL, Object(Config\Cache), false)
#10 C:\xampp\htdocs\lab11_ci\ci4\system\Boot.php(417): CodeIgniter\CodeIgniter->run()
#11 C:\xampp\htdocs\lab11_ci\ci4\system\Boot.php(68): CodeIgniter\Boot::runCodeIgniter(Object(CodeIgniter\CodeIgniter))
#12 C:\xampp\htdocs\lab11_ci\ci4\public\index.php(59): CodeIgniter\Boot::bootWeb(Object(Config\Paths))
#13 C:\xampp\htdocs\lab11_ci\ci4\system\rewrite.php(44): require_once('C:\\xampp\\htdocs...')
#14 {main}

Next CodeIgniter\Database\Exceptions\DatabaseException: Access denied for user ''@'localhost' (using password: NO) in C:\xampp\htdocs\lab11_ci\ci4\system\Database\MySQLi\Connection.php:231
Stack trace:
#0 C:\xampp\htdocs\lab11_ci\ci4\system\Database\BaseConnection.php(419): CodeIgniter\Database\MySQLi\Connection->connect(false)
#1 C:\xampp\htdocs\lab11_ci\ci4\system\Database\BaseConnection.php(654): CodeIgniter\Database\BaseConnection->initialize()
#2 C:\xampp\htdocs\lab11_ci\ci4\system\Database\BaseBuilder.php(1649): CodeIgniter\Database\BaseConnection->query('SELECT *\nFROM `...', Array, false)
#3 C:\xampp\htdocs\lab11_ci\ci4\system\Model.php(254): CodeIgniter\Database\BaseBuilder->get()
#4 C:\xampp\htdocs\lab11_ci\ci4\system\BaseModel.php(675): CodeIgniter\Model->doFindAll(0, 0)
#5 C:\xampp\htdocs\lab11_ci\ci4\app\Controllers\Artikel.php(12): CodeIgniter\BaseModel->findAll()
#6 C:\xampp\htdocs\lab11_ci\ci4\system\CodeIgniter.php(951): App\Controllers\Artikel->index()
#7 C:\xampp\htdocs\lab11_ci\ci4\system\CodeIgniter.php(497): CodeIgniter\CodeIgniter->runController(Object(App\Controllers\Artikel))
#8 C:\xampp\htdocs\lab11_ci\ci4\system\CodeIgniter.php(340): CodeIgniter\CodeIgniter->handleRequest(NULL, Object(Config\Cache), false)
#9 C:\xampp\htdocs\lab11_ci\ci4\system\Boot.php(417): CodeIgniter\CodeIgniter->run()
#10 C:\xampp\htdocs\lab11_ci\ci4\system\Boot.php(68): CodeIgniter\Boot::runCodeIgniter(Object(CodeIgniter\CodeIgniter))
#11 C:\xampp\htdocs\lab11_ci\ci4\public\index.php(59): CodeIgniter\Boot::bootWeb(Object(Config\Paths))
#12 C:\xampp\htdocs\lab11_ci\ci4\system\rewrite.php(44): require_once('C:\\xampp\\htdocs...')
#13 {main}
CRITICAL - 2026-03-08 02:50:43 --> CodeIgniter\Database\Exceptions\DatabaseException: Unable to connect to the database.
Main connection [MySQLi]: Access denied for user ''@'localhost' (using password: NO)
[Method: GET, Route: artikel]
in SYSTEMPATH\Database\BaseConnection.php on line 465.
 1 SYSTEMPATH\Database\BaseConnection.php(654): CodeIgniter\Database\BaseConnection->initialize()
 2 SYSTEMPATH\Database\BaseBuilder.php(1649): CodeIgniter\Database\BaseConnection->query('SELECT *
FROM `artikel`', [], false)
 3 SYSTEMPATH\Model.php(254): CodeIgniter\Database\BaseBuilder->get()
 4 SYSTEMPATH\BaseModel.php(675): CodeIgniter\Model->doFindAll(0, 0)
 5 APPPATH\Controllers\Artikel.php(12): CodeIgniter\BaseModel->findAll()
 6 SYSTEMPATH\CodeIgniter.php(951): App\Controllers\Artikel->index()
 7 SYSTEMPATH\CodeIgniter.php(497): CodeIgniter\CodeIgniter->runController(Object(App\Controllers\Artikel))
 8 SYSTEMPATH\CodeIgniter.php(340): CodeIgniter\CodeIgniter->handleRequest(null, Object(Config\Cache), false)
 9 SYSTEMPATH\Boot.php(417): CodeIgniter\CodeIgniter->run()
10 SYSTEMPATH\Boot.php(68): CodeIgniter\Boot::runCodeIgniter(Object(CodeIgniter\CodeIgniter))
11 FCPATH\index.php(59): CodeIgniter\Boot::bootWeb(Object(Config\Paths))
12 SYSTEMPATH\rewrite.php(44): require_once('C:\\xampp\\htdocs\\lab11_ci\\ci4\\public\\index.php')
ERROR - 2026-03-08 02:51:33 --> Error connecting to the database: mysqli_sql_exception: Access denied for user ''@'localhost' (using password: NO) in C:\xampp\htdocs\lab11_ci\ci4\system\Database\MySQLi\Connection.php:201
Stack trace:
#0 C:\xampp\htdocs\lab11_ci\ci4\system\Database\MySQLi\Connection.php(201): mysqli->real_connect('localhost', '', Object(SensitiveParameterValue), '', 3306, '', 0)
#1 C:\xampp\htdocs\lab11_ci\ci4\system\Database\BaseConnection.php(419): CodeIgniter\Database\MySQLi\Connection->connect(false)
#2 C:\xampp\htdocs\lab11_ci\ci4\system\Database\BaseConnection.php(654): CodeIgniter\Database\BaseConnection->initialize()
#3 C:\xampp\htdocs\lab11_ci\ci4\system\Database\BaseBuilder.php(1649): CodeIgniter\Database\BaseConnection->query('SELECT *\nFROM `...', Array, false)
#4 C:\xampp\htdocs\lab11_ci\ci4\system\Model.php(254): CodeIgniter\Database\BaseBuilder->get()
#5 C:\xampp\htdocs\lab11_ci\ci4\system\BaseModel.php(675): CodeIgniter\Model->doFindAll(0, 0)
#6 C:\xampp\htdocs\lab11_ci\ci4\app\Controllers\Artikel.php(12): CodeIgniter\BaseModel->findAll()
#7 C:\xampp\htdocs\lab11_ci\ci4\system\CodeIgniter.php(951): App\Controllers\Artikel->index()
#8 C:\xampp\htdocs\lab11_ci\ci4\system\CodeIgniter.php(497): CodeIgniter\CodeIgniter->runController(Object(App\Controllers\Artikel))
#9 C:\xampp\htdocs\lab11_ci\ci4\system\CodeIgniter.php(340): CodeIgniter\CodeIgniter->handleRequest(NULL, Object(Config\Cache), false)
#10 C:\xampp\htdocs\lab11_ci\ci4\system\Boot.php(417): CodeIgniter\CodeIgniter->run()
#11 C:\xampp\htdocs\lab11_ci\ci4\system\Boot.php(68): CodeIgniter\Boot::runCodeIgniter(Object(CodeIgniter\CodeIgniter))
#12 C:\xampp\htdocs\lab11_ci\ci4\public\index.php(59): CodeIgniter\Boot::bootWeb(Object(Config\Paths))
#13 C:\xampp\htdocs\lab11_ci\ci4\system\rewrite.php(44): require_once('C:\\xampp\\htdocs...')
#14 {main}

Next CodeIgniter\Database\Exceptions\DatabaseException: Access denied for user ''@'localhost' (using password: NO) in C:\xampp\htdocs\lab11_ci\ci4\system\Database\MySQLi\Connection.php:231
Stack trace:
#0 C:\xampp\htdocs\lab11_ci\ci4\system\Database\BaseConnection.php(419): CodeIgniter\Database\MySQLi\Connection->connect(false)
#1 C:\xampp\htdocs\lab11_ci\ci4\system\Database\BaseConnection.php(654): CodeIgniter\Database\BaseConnection->initialize()
#2 C:\xampp\htdocs\lab11_ci\ci4\system\Database\BaseBuilder.php(1649): CodeIgniter\Database\BaseConnection->query('SELECT *\nFROM `...', Array, false)
#3 C:\xampp\htdocs\lab11_ci\ci4\system\Model.php(254): CodeIgniter\Database\BaseBuilder->get()
#4 C:\xampp\htdocs\lab11_ci\ci4\system\BaseModel.php(675): CodeIgniter\Model->doFindAll(0, 0)
#5 C:\xampp\htdocs\lab11_ci\ci4\app\Controllers\Artikel.php(12): CodeIgniter\BaseModel->findAll()
#6 C:\xampp\htdocs\lab11_ci\ci4\system\CodeIgniter.php(951): App\Controllers\Artikel->index()
#7 C:\xampp\htdocs\lab11_ci\ci4\system\CodeIgniter.php(497): CodeIgniter\CodeIgniter->runController(Object(App\Controllers\Artikel))
#8 C:\xampp\htdocs\lab11_ci\ci4\system\CodeIgniter.php(340): CodeIgniter\CodeIgniter->handleRequest(NULL, Object(Config\Cache), false)
#9 C:\xampp\htdocs\lab11_ci\ci4\system\Boot.php(417): CodeIgniter\CodeIgniter->run()
#10 C:\xampp\htdocs\lab11_ci\ci4\system\Boot.php(68): CodeIgniter\Boot::runCodeIgniter(Object(CodeIgniter\CodeIgniter))
#11 C:\xampp\htdocs\lab11_ci\ci4\public\index.php(59): CodeIgniter\Boot::bootWeb(Object(Config\Paths))
#12 C:\xampp\htdocs\lab11_ci\ci4\system\rewrite.php(44): require_once('C:\\xampp\\htdocs...')
#13 {main}
CRITICAL - 2026-03-08 02:51:33 --> CodeIgniter\Database\Exceptions\DatabaseException: Unable to connect to the database.
Main connection [MySQLi]: Access denied for user ''@'localhost' (using password: NO)
[Method: GET, Route: artikel]
in SYSTEMPATH\Database\BaseConnection.php on line 465.
 1 SYSTEMPATH\Database\BaseConnection.php(654): CodeIgniter\Database\BaseConnection->initialize()
 2 SYSTEMPATH\Database\BaseBuilder.php(1649): CodeIgniter\Database\BaseConnection->query('SELECT *
FROM `artikel`', [], false)
 3 SYSTEMPATH\Model.php(254): CodeIgniter\Database\BaseBuilder->get()
 4 SYSTEMPATH\BaseModel.php(675): CodeIgniter\Model->doFindAll(0, 0)
 5 APPPATH\Controllers\Artikel.php(12): CodeIgniter\BaseModel->findAll()
 6 SYSTEMPATH\CodeIgniter.php(951): App\Controllers\Artikel->index()
 7 SYSTEMPATH\CodeIgniter.php(497): CodeIgniter\CodeIgniter->runController(Object(App\Controllers\Artikel))
 8 SYSTEMPATH\CodeIgniter.php(340): CodeIgniter\CodeIgniter->handleRequest(null, Object(Config\Cache), false)
 9 SYSTEMPATH\Boot.php(417): CodeIgniter\CodeIgniter->run()
10 SYSTEMPATH\Boot.php(68): CodeIgniter\Boot::runCodeIgniter(Object(CodeIgniter\CodeIgniter))
11 FCPATH\index.php(59): CodeIgniter\Boot::bootWeb(Object(Config\Paths))
12 SYSTEMPATH\rewrite.php(44): require_once('C:\\xampp\\htdocs\\lab11_ci\\ci4\\public\\index.php')
ERROR - 2026-03-08 02:51:34 --> Error connecting to the database: mysqli_sql_exception: Access denied for user ''@'localhost' (using password: NO) in C:\xampp\htdocs\lab11_ci\ci4\system\Database\MySQLi\Connection.php:201
Stack trace:
#0 C:\xampp\htdocs\lab11_ci\ci4\system\Database\MySQLi\Connection.php(201): mysqli->real_connect('localhost', '', Object(SensitiveParameterValue), '', 3306, '', 0)
#1 C:\xampp\htdocs\lab11_ci\ci4\system\Database\BaseConnection.php(419): CodeIgniter\Database\MySQLi\Connection->connect(false)
#2 C:\xampp\htdocs\lab11_ci\ci4\system\Database\BaseConnection.php(654): CodeIgniter\Database\BaseConnection->initialize()
#3 C:\xampp\htdocs\lab11_ci\ci4\system\Database\BaseBuilder.php(1649): CodeIgniter\Database\BaseConnection->query('SELECT *\nFROM `...', Array, false)
#4 C:\xampp\htdocs\lab11_ci\ci4\system\Model.php(254): CodeIgniter\Database\BaseBuilder->get()
#5 C:\xampp\htdocs\lab11_ci\ci4\system\BaseModel.php(675): CodeIgniter\Model->doFindAll(0, 0)
#6 C:\xampp\htdocs\lab11_ci\ci4\app\Controllers\Artikel.php(12): CodeIgniter\BaseModel->findAll()
#7 C:\xampp\htdocs\lab11_ci\ci4\system\CodeIgniter.php(951): App\Controllers\Artikel->index()
#8 C:\xampp\htdocs\lab11_ci\ci4\system\CodeIgniter.php(497): CodeIgniter\CodeIgniter->runController(Object(App\Controllers\Artikel))
#9 C:\xampp\htdocs\lab11_ci\ci4\system\CodeIgniter.php(340): CodeIgniter\CodeIgniter->handleRequest(NULL, Object(Config\Cache), false)
#10 C:\xampp\htdocs\lab11_ci\ci4\system\Boot.php(417): CodeIgniter\CodeIgniter->run()
#11 C:\xampp\htdocs\lab11_ci\ci4\system\Boot.php(68): CodeIgniter\Boot::runCodeIgniter(Object(CodeIgniter\CodeIgniter))
#12 C:\xampp\htdocs\lab11_ci\ci4\public\index.php(59): CodeIgniter\Boot::bootWeb(Object(Config\Paths))
#13 C:\xampp\htdocs\lab11_ci\ci4\system\rewrite.php(44): require_once('C:\\xampp\\htdocs...')
#14 {main}

Next CodeIgniter\Database\Exceptions\DatabaseException: Access denied for user ''@'localhost' (using password: NO) in C:\xampp\htdocs\lab11_ci\ci4\system\Database\MySQLi\Connection.php:231
Stack trace:
#0 C:\xampp\htdocs\lab11_ci\ci4\system\Database\BaseConnection.php(419): CodeIgniter\Database\MySQLi\Connection->connect(false)
#1 C:\xampp\htdocs\lab11_ci\ci4\system\Database\BaseConnection.php(654): CodeIgniter\Database\BaseConnection->initialize()
#2 C:\xampp\htdocs\lab11_ci\ci4\system\Database\BaseBuilder.php(1649): CodeIgniter\Database\BaseConnection->query('SELECT *\nFROM `...', Array, false)
#3 C:\xampp\htdocs\lab11_ci\ci4\system\Model.php(254): CodeIgniter\Database\BaseBuilder->get()
#4 C:\xampp\htdocs\lab11_ci\ci4\system\BaseModel.php(675): CodeIgniter\Model->doFindAll(0, 0)
#5 C:\xampp\htdocs\lab11_ci\ci4\app\Controllers\Artikel.php(12): CodeIgniter\BaseModel->findAll()
#6 C:\xampp\htdocs\lab11_ci\ci4\system\CodeIgniter.php(951): App\Controllers\Artikel->index()
#7 C:\xampp\htdocs\lab11_ci\ci4\system\CodeIgniter.php(497): CodeIgniter\CodeIgniter->runController(Object(App\Controllers\Artikel))
#8 C:\xampp\htdocs\lab11_ci\ci4\system\CodeIgniter.php(340): CodeIgniter\CodeIgniter->handleRequest(NULL, Object(Config\Cache), false)
#9 C:\xampp\htdocs\lab11_ci\ci4\system\Boot.php(417): CodeIgniter\CodeIgniter->run()
#10 C:\xampp\htdocs\lab11_ci\ci4\system\Boot.php(68): CodeIgniter\Boot::runCodeIgniter(Object(CodeIgniter\CodeIgniter))
#11 C:\xampp\htdocs\lab11_ci\ci4\public\index.php(59): CodeIgniter\Boot::bootWeb(Object(Config\Paths))
#12 C:\xampp\htdocs\lab11_ci\ci4\system\rewrite.php(44): require_once('C:\\xampp\\htdocs...')
#13 {main}
CRITICAL - 2026-03-08 02:51:34 --> CodeIgniter\Database\Exceptions\DatabaseException: Unable to connect to the database.
Main connection [MySQLi]: Access denied for user ''@'localhost' (using password: NO)
[Method: GET, Route: artikel]
in SYSTEMPATH\Database\BaseConnection.php on line 465.
 1 SYSTEMPATH\Database\BaseConnection.php(654): CodeIgniter\Database\BaseConnection->initialize()
 2 SYSTEMPATH\Database\BaseBuilder.php(1649): CodeIgniter\Database\BaseConnection->query('SELECT *
FROM `artikel`', [], false)
 3 SYSTEMPATH\Model.php(254): CodeIgniter\Database\BaseBuilder->get()
 4 SYSTEMPATH\BaseModel.php(675): CodeIgniter\Model->doFindAll(0, 0)
 5 APPPATH\Controllers\Artikel.php(12): CodeIgniter\BaseModel->findAll()
 6 SYSTEMPATH\CodeIgniter.php(951): App\Controllers\Artikel->index()
 7 SYSTEMPATH\CodeIgniter.php(497): CodeIgniter\CodeIgniter->runController(Object(App\Controllers\Artikel))
 8 SYSTEMPATH\CodeIgniter.php(340): CodeIgniter\CodeIgniter->handleRequest(null, Object(Config\Cache), false)
 9 SYSTEMPATH\Boot.php(417): CodeIgniter\CodeIgniter->run()
10 SYSTEMPATH\Boot.php(68): CodeIgniter\Boot::runCodeIgniter(Object(CodeIgniter\CodeIgniter))
11 FCPATH\index.php(59): CodeIgniter\Boot::bootWeb(Object(Config\Paths))
12 SYSTEMPATH\rewrite.php(44): require_once('C:\\xampp\\htdocs\\lab11_ci\\ci4\\public\\index.php')
ERROR - 2026-03-08 02:51:34 --> Error connecting to the database: mysqli_sql_exception: Access denied for user ''@'localhost' (using password: NO) in C:\xampp\htdocs\lab11_ci\ci4\system\Database\MySQLi\Connection.php:201
Stack trace:
#0 C:\xampp\htdocs\lab11_ci\ci4\system\Database\MySQLi\Connection.php(201): mysqli->real_connect('localhost', '', Object(SensitiveParameterValue), '', 3306, '', 0)
#1 C:\xampp\htdocs\lab11_ci\ci4\system\Database\BaseConnection.php(419): CodeIgniter\Database\MySQLi\Connection->connect(false)
#2 C:\xampp\htdocs\lab11_ci\ci4\system\Database\BaseConnection.php(654): CodeIgniter\Database\BaseConnection->initialize()
#3 C:\xampp\htdocs\lab11_ci\ci4\system\Database\BaseBuilder.php(1649): CodeIgniter\Database\BaseConnection->query('SELECT *\nFROM `...', Array, false)
#4 C:\xampp\htdocs\lab11_ci\ci4\system\Model.php(254): CodeIgniter\Database\BaseBuilder->get()
#5 C:\xampp\htdocs\lab11_ci\ci4\system\BaseModel.php(675): CodeIgniter\Model->doFindAll(0, 0)
#6 C:\xampp\htdocs\lab11_ci\ci4\app\Controllers\Artikel.php(12): CodeIgniter\BaseModel->findAll()
#7 C:\xampp\htdocs\lab11_ci\ci4\system\CodeIgniter.php(951): App\Controllers\Artikel->index()
#8 C:\xampp\htdocs\lab11_ci\ci4\system\CodeIgniter.php(497): CodeIgniter\CodeIgniter->runController(Object(App\Controllers\Artikel))
#9 C:\xampp\htdocs\lab11_ci\ci4\system\CodeIgniter.php(340): CodeIgniter\CodeIgniter->handleRequest(NULL, Object(Config\Cache), false)
#10 C:\xampp\htdocs\lab11_ci\ci4\system\Boot.php(417): CodeIgniter\CodeIgniter->run()
#11 C:\xampp\htdocs\lab11_ci\ci4\system\Boot.php(68): CodeIgniter\Boot::runCodeIgniter(Object(CodeIgniter\CodeIgniter))
#12 C:\xampp\htdocs\lab11_ci\ci4\public\index.php(59): CodeIgniter\Boot::bootWeb(Object(Config\Paths))
#13 C:\xampp\htdocs\lab11_ci\ci4\system\rewrite.php(44): require_once('C:\\xampp\\htdocs...')
#14 {main}

Next CodeIgniter\Database\Exceptions\DatabaseException: Access denied for user ''@'localhost' (using password: NO) in C:\xampp\htdocs\lab11_ci\ci4\system\Database\MySQLi\Connection.php:231
Stack trace:
#0 C:\xampp\htdocs\lab11_ci\ci4\system\Database\BaseConnection.php(419): CodeIgniter\Database\MySQLi\Connection->connect(false)
#1 C:\xampp\htdocs\lab11_ci\ci4\system\Database\BaseConnection.php(654): CodeIgniter\Database\BaseConnection->initialize()
#2 C:\xampp\htdocs\lab11_ci\ci4\system\Database\BaseBuilder.php(1649): CodeIgniter\Database\BaseConnection->query('SELECT *\nFROM `...', Array, false)
#3 C:\xampp\htdocs\lab11_ci\ci4\system\Model.php(254): CodeIgniter\Database\BaseBuilder->get()
#4 C:\xampp\htdocs\lab11_ci\ci4\system\BaseModel.php(675): CodeIgniter\Model->doFindAll(0, 0)
#5 C:\xampp\htdocs\lab11_ci\ci4\app\Controllers\Artikel.php(12): CodeIgniter\BaseModel->findAll()
#6 C:\xampp\htdocs\lab11_ci\ci4\system\CodeIgniter.php(951): App\Controllers\Artikel->index()
#7 C:\xampp\htdocs\lab11_ci\ci4\system\CodeIgniter.php(497): CodeIgniter\CodeIgniter->runController(Object(App\Controllers\Artikel))
#8 C:\xampp\htdocs\lab11_ci\ci4\system\CodeIgniter.php(340): CodeIgniter\CodeIgniter->handleRequest(NULL, Object(Config\Cache), false)
#9 C:\xampp\htdocs\lab11_ci\ci4\system\Boot.php(417): CodeIgniter\CodeIgniter->run()
#10 C:\xampp\htdocs\lab11_ci\ci4\system\Boot.php(68): CodeIgniter\Boot::runCodeIgniter(Object(CodeIgniter\CodeIgniter))
#11 C:\xampp\htdocs\lab11_ci\ci4\public\index.php(59): CodeIgniter\Boot::bootWeb(Object(Config\Paths))
#12 C:\xampp\htdocs\lab11_ci\ci4\system\rewrite.php(44): require_once('C:\\xampp\\htdocs...')
#13 {main}
CRITICAL - 2026-03-08 02:51:34 --> CodeIgniter\Database\Exceptions\DatabaseException: Unable to connect to the database.
Main connection [MySQLi]: Access denied for user ''@'localhost' (using password: NO)
[Method: GET, Route: artikel]
in SYSTEMPATH\Database\BaseConnection.php on line 465.
 1 SYSTEMPATH\Database\BaseConnection.php(654): CodeIgniter\Database\BaseConnection->initialize()
 2 SYSTEMPATH\Database\BaseBuilder.php(1649): CodeIgniter\Database\BaseConnection->query('SELECT *
FROM `artikel`', [], false)
 3 SYSTEMPATH\Model.php(254): CodeIgniter\Database\BaseBuilder->get()
 4 SYSTEMPATH\BaseModel.php(675): CodeIgniter\Model->doFindAll(0, 0)
 5 APPPATH\Controllers\Artikel.php(12): CodeIgniter\BaseModel->findAll()
 6 SYSTEMPATH\CodeIgniter.php(951): App\Controllers\Artikel->index()
 7 SYSTEMPATH\CodeIgniter.php(497): CodeIgniter\CodeIgniter->runController(Object(App\Controllers\Artikel))
 8 SYSTEMPATH\CodeIgniter.php(340): CodeIgniter\CodeIgniter->handleRequest(null, Object(Config\Cache), false)
 9 SYSTEMPATH\Boot.php(417): CodeIgniter\CodeIgniter->run()
10 SYSTEMPATH\Boot.php(68): CodeIgniter\Boot::runCodeIgniter(Object(CodeIgniter\CodeIgniter))
11 FCPATH\index.php(59): CodeIgniter\Boot::bootWeb(Object(Config\Paths))
12 SYSTEMPATH\rewrite.php(44): require_once('C:\\xampp\\htdocs\\lab11_ci\\ci4\\public\\index.php')
ERROR - 2026-03-08 02:51:34 --> Error connecting to the database: mysqli_sql_exception: Access denied for user ''@'localhost' (using password: NO) in C:\xampp\htdocs\lab11_ci\ci4\system\Database\MySQLi\Connection.php:201
Stack trace:
#0 C:\xampp\htdocs\lab11_ci\ci4\system\Database\MySQLi\Connection.php(201): mysqli->real_connect('localhost', '', Object(SensitiveParameterValue), '', 3306, '', 0)
#1 C:\xampp\htdocs\lab11_ci\ci4\system\Database\BaseConnection.php(419): CodeIgniter\Database\MySQLi\Connection->connect(false)
#2 C:\xampp\htdocs\lab11_ci\ci4\system\Database\BaseConnection.php(654): CodeIgniter\Database\BaseConnection->initialize()
#3 C:\xampp\htdocs\lab11_ci\ci4\system\Database\BaseBuilder.php(1649): CodeIgniter\Database\BaseConnection->query('SELECT *\nFROM `...', Array, false)
#4 C:\xampp\htdocs\lab11_ci\ci4\system\Model.php(254): CodeIgniter\Database\BaseBuilder->get()
#5 C:\xampp\htdocs\lab11_ci\ci4\system\BaseModel.php(675): CodeIgniter\Model->doFindAll(0, 0)
#6 C:\xampp\htdocs\lab11_ci\ci4\app\Controllers\Artikel.php(12): CodeIgniter\BaseModel->findAll()
#7 C:\xampp\htdocs\lab11_ci\ci4\system\CodeIgniter.php(951): App\Controllers\Artikel->index()
#8 C:\xampp\htdocs\lab11_ci\ci4\system\CodeIgniter.php(497): CodeIgniter\CodeIgniter->runController(Object(App\Controllers\Artikel))
#9 C:\xampp\htdocs\lab11_ci\ci4\system\CodeIgniter.php(340): CodeIgniter\CodeIgniter->handleRequest(NULL, Object(Config\Cache), false)
#10 C:\xampp\htdocs\lab11_ci\ci4\system\Boot.php(417): CodeIgniter\CodeIgniter->run()
#11 C:\xampp\htdocs\lab11_ci\ci4\system\Boot.php(68): CodeIgniter\Boot::runCodeIgniter(Object(CodeIgniter\CodeIgniter))
#12 C:\xampp\htdocs\lab11_ci\ci4\public\index.php(59): CodeIgniter\Boot::bootWeb(Object(Config\Paths))
#13 C:\xampp\htdocs\lab11_ci\ci4\system\rewrite.php(44): require_once('C:\\xampp\\htdocs...')
#14 {main}

Next CodeIgniter\Database\Exceptions\DatabaseException: Access denied for user ''@'localhost' (using password: NO) in C:\xampp\htdocs\lab11_ci\ci4\system\Database\MySQLi\Connection.php:231
Stack trace:
#0 C:\xampp\htdocs\lab11_ci\ci4\system\Database\BaseConnection.php(419): CodeIgniter\Database\MySQLi\Connection->connect(false)
#1 C:\xampp\htdocs\lab11_ci\ci4\system\Database\BaseConnection.php(654): CodeIgniter\Database\BaseConnection->initialize()
#2 C:\xampp\htdocs\lab11_ci\ci4\system\Database\BaseBuilder.php(1649): CodeIgniter\Database\BaseConnection->query('SELECT *\nFROM `...', Array, false)
#3 C:\xampp\htdocs\lab11_ci\ci4\system\Model.php(254): CodeIgniter\Database\BaseBuilder->get()
#4 C:\xampp\htdocs\lab11_ci\ci4\system\BaseModel.php(675): CodeIgniter\Model->doFindAll(0, 0)
#5 C:\xampp\htdocs\lab11_ci\ci4\app\Controllers\Artikel.php(12): CodeIgniter\BaseModel->findAll()
#6 C:\xampp\htdocs\lab11_ci\ci4\system\CodeIgniter.php(951): App\Controllers\Artikel->index()
#7 C:\xampp\htdocs\lab11_ci\ci4\system\CodeIgniter.php(497): CodeIgniter\CodeIgniter->runController(Object(App\Controllers\Artikel))
#8 C:\xampp\htdocs\lab11_ci\ci4\system\CodeIgniter.php(340): CodeIgniter\CodeIgniter->handleRequest(NULL, Object(Config\Cache), false)
#9 C:\xampp\htdocs\lab11_ci\ci4\system\Boot.php(417): CodeIgniter\CodeIgniter->run()
#10 C:\xampp\htdocs\lab11_ci\ci4\system\Boot.php(68): CodeIgniter\Boot::runCodeIgniter(Object(CodeIgniter\CodeIgniter))
#11 C:\xampp\htdocs\lab11_ci\ci4\public\index.php(59): CodeIgniter\Boot::bootWeb(Object(Config\Paths))
#12 C:\xampp\htdocs\lab11_ci\ci4\system\rewrite.php(44): require_once('C:\\xampp\\htdocs...')
#13 {main}
CRITICAL - 2026-03-08 02:51:34 --> CodeIgniter\Database\Exceptions\DatabaseException: Unable to connect to the database.
Main connection [MySQLi]: Access denied for user ''@'localhost' (using password: NO)
[Method: GET, Route: artikel]
in SYSTEMPATH\Database\BaseConnection.php on line 465.
 1 SYSTEMPATH\Database\BaseConnection.php(654): CodeIgniter\Database\BaseConnection->initialize()
 2 SYSTEMPATH\Database\BaseBuilder.php(1649): CodeIgniter\Database\BaseConnection->query('SELECT *
FROM `artikel`', [], false)
 3 SYSTEMPATH\Model.php(254): CodeIgniter\Database\BaseBuilder->get()
 4 SYSTEMPATH\BaseModel.php(675): CodeIgniter\Model->doFindAll(0, 0)
 5 APPPATH\Controllers\Artikel.php(12): CodeIgniter\BaseModel->findAll()
 6 SYSTEMPATH\CodeIgniter.php(951): App\Controllers\Artikel->index()
 7 SYSTEMPATH\CodeIgniter.php(497): CodeIgniter\CodeIgniter->runController(Object(App\Controllers\Artikel))
 8 SYSTEMPATH\CodeIgniter.php(340): CodeIgniter\CodeIgniter->handleRequest(null, Object(Config\Cache), false)
 9 SYSTEMPATH\Boot.php(417): CodeIgniter\CodeIgniter->run()
10 SYSTEMPATH\Boot.php(68): CodeIgniter\Boot::runCodeIgniter(Object(CodeIgniter\CodeIgniter))
11 FCPATH\index.php(59): CodeIgniter\Boot::bootWeb(Object(Config\Paths))
12 SYSTEMPATH\rewrite.php(44): require_once('C:\\xampp\\htdocs\\lab11_ci\\ci4\\public\\index.php')
ERROR - 2026-03-08 02:51:34 --> Error connecting to the database: mysqli_sql_exception: Access denied for user ''@'localhost' (using password: NO) in C:\xampp\htdocs\lab11_ci\ci4\system\Database\MySQLi\Connection.php:201
Stack trace:
#0 C:\xampp\htdocs\lab11_ci\ci4\system\Database\MySQLi\Connection.php(201): mysqli->real_connect('localhost', '', Object(SensitiveParameterValue), '', 3306, '', 0)
#1 C:\xampp\htdocs\lab11_ci\ci4\system\Database\BaseConnection.php(419): CodeIgniter\Database\MySQLi\Connection->connect(false)
#2 C:\xampp\htdocs\lab11_ci\ci4\system\Database\BaseConnection.php(654): CodeIgniter\Database\BaseConnection->initialize()
#3 C:\xampp\htdocs\lab11_ci\ci4\system\Database\BaseBuilder.php(1649): CodeIgniter\Database\BaseConnection->query('SELECT *\nFROM `...', Array, false)
#4 C:\xampp\htdocs\lab11_ci\ci4\system\Model.php(254): CodeIgniter\Database\BaseBuilder->get()
#5 C:\xampp\htdocs\lab11_ci\ci4\system\BaseModel.php(675): CodeIgniter\Model->doFindAll(0, 0)
#6 C:\xampp\htdocs\lab11_ci\ci4\app\Controllers\Artikel.php(12): CodeIgniter\BaseModel->findAll()
#7 C:\xampp\htdocs\lab11_ci\ci4\system\CodeIgniter.php(951): App\Controllers\Artikel->index()
#8 C:\xampp\htdocs\lab11_ci\ci4\system\CodeIgniter.php(497): CodeIgniter\CodeIgniter->runController(Object(App\Controllers\Artikel))
#9 C:\xampp\htdocs\lab11_ci\ci4\system\CodeIgniter.php(340): CodeIgniter\CodeIgniter->handleRequest(NULL, Object(Config\Cache), false)
#10 C:\xampp\htdocs\lab11_ci\ci4\system\Boot.php(417): CodeIgniter\CodeIgniter->run()
#11 C:\xampp\htdocs\lab11_ci\ci4\system\Boot.php(68): CodeIgniter\Boot::runCodeIgniter(Object(CodeIgniter\CodeIgniter))
#12 C:\xampp\htdocs\lab11_ci\ci4\public\index.php(59): CodeIgniter\Boot::bootWeb(Object(Config\Paths))
#13 C:\xampp\htdocs\lab11_ci\ci4\system\rewrite.php(44): require_once('C:\\xampp\\htdocs...')
#14 {main}

Next CodeIgniter\Database\Exceptions\DatabaseException: Access denied for user ''@'localhost' (using password: NO) in C:\xampp\htdocs\lab11_ci\ci4\system\Database\MySQLi\Connection.php:231
Stack trace:
#0 C:\xampp\htdocs\lab11_ci\ci4\system\Database\BaseConnection.php(419): CodeIgniter\Database\MySQLi\Connection->connect(false)
#1 C:\xampp\htdocs\lab11_ci\ci4\system\Database\BaseConnection.php(654): CodeIgniter\Database\BaseConnection->initialize()
#2 C:\xampp\htdocs\lab11_ci\ci4\system\Database\BaseBuilder.php(1649): CodeIgniter\Database\BaseConnection->query('SELECT *\nFROM `...', Array, false)
#3 C:\xampp\htdocs\lab11_ci\ci4\system\Model.php(254): CodeIgniter\Database\BaseBuilder->get()
#4 C:\xampp\htdocs\lab11_ci\ci4\system\BaseModel.php(675): CodeIgniter\Model->doFindAll(0, 0)
#5 C:\xampp\htdocs\lab11_ci\ci4\app\Controllers\Artikel.php(12): CodeIgniter\BaseModel->findAll()
#6 C:\xampp\htdocs\lab11_ci\ci4\system\CodeIgniter.php(951): App\Controllers\Artikel->index()
#7 C:\xampp\htdocs\lab11_ci\ci4\system\CodeIgniter.php(497): CodeIgniter\CodeIgniter->runController(Object(App\Controllers\Artikel))
#8 C:\xampp\htdocs\lab11_ci\ci4\system\CodeIgniter.php(340): CodeIgniter\CodeIgniter->handleRequest(NULL, Object(Config\Cache), false)
#9 C:\xampp\htdocs\lab11_ci\ci4\system\Boot.php(417): CodeIgniter\CodeIgniter->run()
#10 C:\xampp\htdocs\lab11_ci\ci4\system\Boot.php(68): CodeIgniter\Boot::runCodeIgniter(Object(CodeIgniter\CodeIgniter))
#11 C:\xampp\htdocs\lab11_ci\ci4\public\index.php(59): CodeIgniter\Boot::bootWeb(Object(Config\Paths))
#12 C:\xampp\htdocs\lab11_ci\ci4\system\rewrite.php(44): require_once('C:\\xampp\\htdocs...')
#13 {main}
CRITICAL - 2026-03-08 02:51:34 --> CodeIgniter\Database\Exceptions\DatabaseException: Unable to connect to the database.
Main connection [MySQLi]: Access denied for user ''@'localhost' (using password: NO)
[Method: GET, Route: artikel]
in SYSTEMPATH\Database\BaseConnection.php on line 465.
 1 SYSTEMPATH\Database\BaseConnection.php(654): CodeIgniter\Database\BaseConnection->initialize()
 2 SYSTEMPATH\Database\BaseBuilder.php(1649): CodeIgniter\Database\BaseConnection->query('SELECT *
FROM `artikel`', [], false)
 3 SYSTEMPATH\Model.php(254): CodeIgniter\Database\BaseBuilder->get()
 4 SYSTEMPATH\BaseModel.php(675): CodeIgniter\Model->doFindAll(0, 0)
 5 APPPATH\Controllers\Artikel.php(12): CodeIgniter\BaseModel->findAll()
 6 SYSTEMPATH\CodeIgniter.php(951): App\Controllers\Artikel->index()
 7 SYSTEMPATH\CodeIgniter.php(497): CodeIgniter\CodeIgniter->runController(Object(App\Controllers\Artikel))
 8 SYSTEMPATH\CodeIgniter.php(340): CodeIgniter\CodeIgniter->handleRequest(null, Object(Config\Cache), false)
 9 SYSTEMPATH\Boot.php(417): CodeIgniter\CodeIgniter->run()
10 SYSTEMPATH\Boot.php(68): CodeIgniter\Boot::runCodeIgniter(Object(CodeIgniter\CodeIgniter))
11 FCPATH\index.php(59): CodeIgniter\Boot::bootWeb(Object(Config\Paths))
12 SYSTEMPATH\rewrite.php(44): require_once('C:\\xampp\\htdocs\\lab11_ci\\ci4\\public\\index.php')
ERROR - 2026-03-08 02:51:35 --> Error connecting to the database: mysqli_sql_exception: Access denied for user ''@'localhost' (using password: NO) in C:\xampp\htdocs\lab11_ci\ci4\system\Database\MySQLi\Connection.php:201
Stack trace:
#0 C:\xampp\htdocs\lab11_ci\ci4\system\Database\MySQLi\Connection.php(201): mysqli->real_connect('localhost', '', Object(SensitiveParameterValue), '', 3306, '', 0)
#1 C:\xampp\htdocs\lab11_ci\ci4\system\Database\BaseConnection.php(419): CodeIgniter\Database\MySQLi\Connection->connect(false)
#2 C:\xampp\htdocs\lab11_ci\ci4\system\Database\BaseConnection.php(654): CodeIgniter\Database\BaseConnection->initialize()
#3 C:\xampp\htdocs\lab11_ci\ci4\system\Database\BaseBuilder.php(1649): CodeIgniter\Database\BaseConnection->query('SELECT *\nFROM `...', Array, false)
#4 C:\xampp\htdocs\lab11_ci\ci4\system\Model.php(254): CodeIgniter\Database\BaseBuilder->get()
#5 C:\xampp\htdocs\lab11_ci\ci4\system\BaseModel.php(675): CodeIgniter\Model->doFindAll(0, 0)
#6 C:\xampp\htdocs\lab11_ci\ci4\app\Controllers\Artikel.php(12): CodeIgniter\BaseModel->findAll()
#7 C:\xampp\htdocs\lab11_ci\ci4\system\CodeIgniter.php(951): App\Controllers\Artikel->index()
#8 C:\xampp\htdocs\lab11_ci\ci4\system\CodeIgniter.php(497): CodeIgniter\CodeIgniter->runController(Object(App\Controllers\Artikel))
#9 C:\xampp\htdocs\lab11_ci\ci4\system\CodeIgniter.php(340): CodeIgniter\CodeIgniter->handleRequest(NULL, Object(Config\Cache), false)
#10 C:\xampp\htdocs\lab11_ci\ci4\system\Boot.php(417): CodeIgniter\CodeIgniter->run()
#11 C:\xampp\htdocs\lab11_ci\ci4\system\Boot.php(68): CodeIgniter\Boot::runCodeIgniter(Object(CodeIgniter\CodeIgniter))
#12 C:\xampp\htdocs\lab11_ci\ci4\public\index.php(59): CodeIgniter\Boot::bootWeb(Object(Config\Paths))
#13 C:\xampp\htdocs\lab11_ci\ci4\system\rewrite.php(44): require_once('C:\\xampp\\htdocs...')
#14 {main}

Next CodeIgniter\Database\Exceptions\DatabaseException: Access denied for user ''@'localhost' (using password: NO) in C:\xampp\htdocs\lab11_ci\ci4\system\Database\MySQLi\Connection.php:231
Stack trace:
#0 C:\xampp\htdocs\lab11_ci\ci4\system\Database\BaseConnection.php(419): CodeIgniter\Database\MySQLi\Connection->connect(false)
#1 C:\xampp\htdocs\lab11_ci\ci4\system\Database\BaseConnection.php(654): CodeIgniter\Database\BaseConnection->initialize()
#2 C:\xampp\htdocs\lab11_ci\ci4\system\Database\BaseBuilder.php(1649): CodeIgniter\Database\BaseConnection->query('SELECT *\nFROM `...', Array, false)
#3 C:\xampp\htdocs\lab11_ci\ci4\system\Model.php(254): CodeIgniter\Database\BaseBuilder->get()
#4 C:\xampp\htdocs\lab11_ci\ci4\system\BaseModel.php(675): CodeIgniter\Model->doFindAll(0, 0)
#5 C:\xampp\htdocs\lab11_ci\ci4\app\Controllers\Artikel.php(12): CodeIgniter\BaseModel->findAll()
#6 C:\xampp\htdocs\lab11_ci\ci4\system\CodeIgniter.php(951): App\Controllers\Artikel->index()
#7 C:\xampp\htdocs\lab11_ci\ci4\system\CodeIgniter.php(497): CodeIgniter\CodeIgniter->runController(Object(App\Controllers\Artikel))
#8 C:\xampp\htdocs\lab11_ci\ci4\system\CodeIgniter.php(340): CodeIgniter\CodeIgniter->handleRequest(NULL, Object(Config\Cache), false)
#9 C:\xampp\htdocs\lab11_ci\ci4\system\Boot.php(417): CodeIgniter\CodeIgniter->run()
#10 C:\xampp\htdocs\lab11_ci\ci4\system\Boot.php(68): CodeIgniter\Boot::runCodeIgniter(Object(CodeIgniter\CodeIgniter))
#11 C:\xampp\htdocs\lab11_ci\ci4\public\index.php(59): CodeIgniter\Boot::bootWeb(Object(Config\Paths))
#12 C:\xampp\htdocs\lab11_ci\ci4\system\rewrite.php(44): require_once('C:\\xampp\\htdocs...')
#13 {main}
CRITICAL - 2026-03-08 02:51:35 --> CodeIgniter\Database\Exceptions\DatabaseException: Unable to connect to the database.
Main connection [MySQLi]: Access denied for user ''@'localhost' (using password: NO)
[Method: GET, Route: artikel]
in SYSTEMPATH\Database\BaseConnection.php on line 465.
 1 SYSTEMPATH\Database\BaseConnection.php(654): CodeIgniter\Database\BaseConnection->initialize()
 2 SYSTEMPATH\Database\BaseBuilder.php(1649): CodeIgniter\Database\BaseConnection->query('SELECT *
FROM `artikel`', [], false)
 3 SYSTEMPATH\Model.php(254): CodeIgniter\Database\BaseBuilder->get()
 4 SYSTEMPATH\BaseModel.php(675): CodeIgniter\Model->doFindAll(0, 0)
 5 APPPATH\Controllers\Artikel.php(12): CodeIgniter\BaseModel->findAll()
 6 SYSTEMPATH\CodeIgniter.php(951): App\Controllers\Artikel->index()
 7 SYSTEMPATH\CodeIgniter.php(497): CodeIgniter\CodeIgniter->runController(Object(App\Controllers\Artikel))
 8 SYSTEMPATH\CodeIgniter.php(340): CodeIgniter\CodeIgniter->handleRequest(null, Object(Config\Cache), false)
 9 SYSTEMPATH\Boot.php(417): CodeIgniter\CodeIgniter->run()
10 SYSTEMPATH\Boot.php(68): CodeIgniter\Boot::runCodeIgniter(Object(CodeIgniter\CodeIgniter))
11 FCPATH\index.php(59): CodeIgniter\Boot::bootWeb(Object(Config\Paths))
12 SYSTEMPATH\rewrite.php(44): require_once('C:\\xampp\\htdocs\\lab11_ci\\ci4\\public\\index.php')
ERROR - 2026-03-08 02:51:35 --> Error connecting to the database: mysqli_sql_exception: Access denied for user ''@'localhost' (using password: NO) in C:\xampp\htdocs\lab11_ci\ci4\system\Database\MySQLi\Connection.php:201
Stack trace:
#0 C:\xampp\htdocs\lab11_ci\ci4\system\Database\MySQLi\Connection.php(201): mysqli->real_connect('localhost', '', Object(SensitiveParameterValue), '', 3306, '', 0)
#1 C:\xampp\htdocs\lab11_ci\ci4\system\Database\BaseConnection.php(419): CodeIgniter\Database\MySQLi\Connection->connect(false)
#2 C:\xampp\htdocs\lab11_ci\ci4\system\Database\BaseConnection.php(654): CodeIgniter\Database\BaseConnection->initialize()
#3 C:\xampp\htdocs\lab11_ci\ci4\system\Database\BaseBuilder.php(1649): CodeIgniter\Database\BaseConnection->query('SELECT *\nFROM `...', Array, false)
#4 C:\xampp\htdocs\lab11_ci\ci4\system\Model.php(254): CodeIgniter\Database\BaseBuilder->get()
#5 C:\xampp\htdocs\lab11_ci\ci4\system\BaseModel.php(675): CodeIgniter\Model->doFindAll(0, 0)
#6 C:\xampp\htdocs\lab11_ci\ci4\app\Controllers\Artikel.php(12): CodeIgniter\BaseModel->findAll()
#7 C:\xampp\htdocs\lab11_ci\ci4\system\CodeIgniter.php(951): App\Controllers\Artikel->index()
#8 C:\xampp\htdocs\lab11_ci\ci4\system\CodeIgniter.php(497): CodeIgniter\CodeIgniter->runController(Object(App\Controllers\Artikel))
#9 C:\xampp\htdocs\lab11_ci\ci4\system\CodeIgniter.php(340): CodeIgniter\CodeIgniter->handleRequest(NULL, Object(Config\Cache), false)
#10 C:\xampp\htdocs\lab11_ci\ci4\system\Boot.php(417): CodeIgniter\CodeIgniter->run()
#11 C:\xampp\htdocs\lab11_ci\ci4\system\Boot.php(68): CodeIgniter\Boot::runCodeIgniter(Object(CodeIgniter\CodeIgniter))
#12 C:\xampp\htdocs\lab11_ci\ci4\public\index.php(59): CodeIgniter\Boot::bootWeb(Object(Config\Paths))
#13 C:\xampp\htdocs\lab11_ci\ci4\system\rewrite.php(44): require_once('C:\\xampp\\htdocs...')
#14 {main}

Next CodeIgniter\Database\Exceptions\DatabaseException: Access denied for user ''@'localhost' (using password: NO) in C:\xampp\htdocs\lab11_ci\ci4\system\Database\MySQLi\Connection.php:231
Stack trace:
#0 C:\xampp\htdocs\lab11_ci\ci4\system\Database\BaseConnection.php(419): CodeIgniter\Database\MySQLi\Connection->connect(false)
#1 C:\xampp\htdocs\lab11_ci\ci4\system\Database\BaseConnection.php(654): CodeIgniter\Database\BaseConnection->initialize()
#2 C:\xampp\htdocs\lab11_ci\ci4\system\Database\BaseBuilder.php(1649): CodeIgniter\Database\BaseConnection->query('SELECT *\nFROM `...', Array, false)
#3 C:\xampp\htdocs\lab11_ci\ci4\system\Model.php(254): CodeIgniter\Database\BaseBuilder->get()
#4 C:\xampp\htdocs\lab11_ci\ci4\system\BaseModel.php(675): CodeIgniter\Model->doFindAll(0, 0)
#5 C:\xampp\htdocs\lab11_ci\ci4\app\Controllers\Artikel.php(12): CodeIgniter\BaseModel->findAll()
#6 C:\xampp\htdocs\lab11_ci\ci4\system\CodeIgniter.php(951): App\Controllers\Artikel->index()
#7 C:\xampp\htdocs\lab11_ci\ci4\system\CodeIgniter.php(497): CodeIgniter\CodeIgniter->runController(Object(App\Controllers\Artikel))
#8 C:\xampp\htdocs\lab11_ci\ci4\system\CodeIgniter.php(340): CodeIgniter\CodeIgniter->handleRequest(NULL, Object(Config\Cache), false)
#9 C:\xampp\htdocs\lab11_ci\ci4\system\Boot.php(417): CodeIgniter\CodeIgniter->run()
#10 C:\xampp\htdocs\lab11_ci\ci4\system\Boot.php(68): CodeIgniter\Boot::runCodeIgniter(Object(CodeIgniter\CodeIgniter))
#11 C:\xampp\htdocs\lab11_ci\ci4\public\index.php(59): CodeIgniter\Boot::bootWeb(Object(Config\Paths))
#12 C:\xampp\htdocs\lab11_ci\ci4\system\rewrite.php(44): require_once('C:\\xampp\\htdocs...')
#13 {main}
CRITICAL - 2026-03-08 02:51:35 --> CodeIgniter\Database\Exceptions\DatabaseException: Unable to connect to the database.
Main connection [MySQLi]: Access denied for user ''@'localhost' (using password: NO)
[Method: GET, Route: artikel]
in SYSTEMPATH\Database\BaseConnection.php on line 465.
 1 SYSTEMPATH\Database\BaseConnection.php(654): CodeIgniter\Database\BaseConnection->initialize()
 2 SYSTEMPATH\Database\BaseBuilder.php(1649): CodeIgniter\Database\BaseConnection->query('SELECT *
FROM `artikel`', [], false)
 3 SYSTEMPATH\Model.php(254): CodeIgniter\Database\BaseBuilder->get()
 4 SYSTEMPATH\BaseModel.php(675): CodeIgniter\Model->doFindAll(0, 0)
 5 APPPATH\Controllers\Artikel.php(12): CodeIgniter\BaseModel->findAll()
 6 SYSTEMPATH\CodeIgniter.php(951): App\Controllers\Artikel->index()
 7 SYSTEMPATH\CodeIgniter.php(497): CodeIgniter\CodeIgniter->runController(Object(App\Controllers\Artikel))
 8 SYSTEMPATH\CodeIgniter.php(340): CodeIgniter\CodeIgniter->handleRequest(null, Object(Config\Cache), false)
 9 SYSTEMPATH\Boot.php(417): CodeIgniter\CodeIgniter->run()
10 SYSTEMPATH\Boot.php(68): CodeIgniter\Boot::runCodeIgniter(Object(CodeIgniter\CodeIgniter))
11 FCPATH\index.php(59): CodeIgniter\Boot::bootWeb(Object(Config\Paths))
12 SYSTEMPATH\rewrite.php(44): require_once('C:\\xampp\\htdocs\\lab11_ci\\ci4\\public\\index.php')
ERROR - 2026-03-08 02:51:35 --> Error connecting to the database: mysqli_sql_exception: Access denied for user ''@'localhost' (using password: NO) in C:\xampp\htdocs\lab11_ci\ci4\system\Database\MySQLi\Connection.php:201
Stack trace:
#0 C:\xampp\htdocs\lab11_ci\ci4\system\Database\MySQLi\Connection.php(201): mysqli->real_connect('localhost', '', Object(SensitiveParameterValue), '', 3306, '', 0)
#1 C:\xampp\htdocs\lab11_ci\ci4\system\Database\BaseConnection.php(419): CodeIgniter\Database\MySQLi\Connection->connect(false)
#2 C:\xampp\htdocs\lab11_ci\ci4\system\Database\BaseConnection.php(654): CodeIgniter\Database\BaseConnection->initialize()
#3 C:\xampp\htdocs\lab11_ci\ci4\system\Database\BaseBuilder.php(1649): CodeIgniter\Database\BaseConnection->query('SELECT *\nFROM `...', Array, false)
#4 C:\xampp\htdocs\lab11_ci\ci4\system\Model.php(254): CodeIgniter\Database\BaseBuilder->get()
#5 C:\xampp\htdocs\lab11_ci\ci4\system\BaseModel.php(675): CodeIgniter\Model->doFindAll(0, 0)
#6 C:\xampp\htdocs\lab11_ci\ci4\app\Controllers\Artikel.php(12): CodeIgniter\BaseModel->findAll()
#7 C:\xampp\htdocs\lab11_ci\ci4\system\CodeIgniter.php(951): App\Controllers\Artikel->index()
#8 C:\xampp\htdocs\lab11_ci\ci4\system\CodeIgniter.php(497): CodeIgniter\CodeIgniter->runController(Object(App\Controllers\Artikel))
#9 C:\xampp\htdocs\lab11_ci\ci4\system\CodeIgniter.php(340): CodeIgniter\CodeIgniter->handleRequest(NULL, Object(Config\Cache), false)
#10 C:\xampp\htdocs\lab11_ci\ci4\system\Boot.php(417): CodeIgniter\CodeIgniter->run()
#11 C:\xampp\htdocs\lab11_ci\ci4\system\Boot.php(68): CodeIgniter\Boot::runCodeIgniter(Object(CodeIgniter\CodeIgniter))
#12 C:\xampp\htdocs\lab11_ci\ci4\public\index.php(59): CodeIgniter\Boot::bootWeb(Object(Config\Paths))
#13 C:\xampp\htdocs\lab11_ci\ci4\system\rewrite.php(44): require_once('C:\\xampp\\htdocs...')
#14 {main}

Next CodeIgniter\Database\Exceptions\DatabaseException: Access denied for user ''@'localhost' (using password: NO) in C:\xampp\htdocs\lab11_ci\ci4\system\Database\MySQLi\Connection.php:231
Stack trace:
#0 C:\xampp\htdocs\lab11_ci\ci4\system\Database\BaseConnection.php(419): CodeIgniter\Database\MySQLi\Connection->connect(false)
#1 C:\xampp\htdocs\lab11_ci\ci4\system\Database\BaseConnection.php(654): CodeIgniter\Database\BaseConnection->initialize()
#2 C:\xampp\htdocs\lab11_ci\ci4\system\Database\BaseBuilder.php(1649): CodeIgniter\Database\BaseConnection->query('SELECT *\nFROM `...', Array, false)
#3 C:\xampp\htdocs\lab11_ci\ci4\system\Model.php(254): CodeIgniter\Database\BaseBuilder->get()
#4 C:\xampp\htdocs\lab11_ci\ci4\system\BaseModel.php(675): CodeIgniter\Model->doFindAll(0, 0)
#5 C:\xampp\htdocs\lab11_ci\ci4\app\Controllers\Artikel.php(12): CodeIgniter\BaseModel->findAll()
#6 C:\xampp\htdocs\lab11_ci\ci4\system\CodeIgniter.php(951): App\Controllers\Artikel->index()
#7 C:\xampp\htdocs\lab11_ci\ci4\system\CodeIgniter.php(497): CodeIgniter\CodeIgniter->runController(Object(App\Controllers\Artikel))
#8 C:\xampp\htdocs\lab11_ci\ci4\system\CodeIgniter.php(340): CodeIgniter\CodeIgniter->handleRequest(NULL, Object(Config\Cache), false)
#9 C:\xampp\htdocs\lab11_ci\ci4\system\Boot.php(417): CodeIgniter\CodeIgniter->run()
#10 C:\xampp\htdocs\lab11_ci\ci4\system\Boot.php(68): CodeIgniter\Boot::runCodeIgniter(Object(CodeIgniter\CodeIgniter))
#11 C:\xampp\htdocs\lab11_ci\ci4\public\index.php(59): CodeIgniter\Boot::bootWeb(Object(Config\Paths))
#12 C:\xampp\htdocs\lab11_ci\ci4\system\rewrite.php(44): require_once('C:\\xampp\\htdocs...')
#13 {main}
CRITICAL - 2026-03-08 02:51:35 --> CodeIgniter\Database\Exceptions\DatabaseException: Unable to connect to the database.
Main connection [MySQLi]: Access denied for user ''@'localhost' (using password: NO)
[Method: GET, Route: artikel]
in SYSTEMPATH\Database\BaseConnection.php on line 465.
 1 SYSTEMPATH\Database\BaseConnection.php(654): CodeIgniter\Database\BaseConnection->initialize()
 2 SYSTEMPATH\Database\BaseBuilder.php(1649): CodeIgniter\Database\BaseConnection->query('SELECT *
FROM `artikel`', [], false)
 3 SYSTEMPATH\Model.php(254): CodeIgniter\Database\BaseBuilder->get()
 4 SYSTEMPATH\BaseModel.php(675): CodeIgniter\Model->doFindAll(0, 0)
 5 APPPATH\Controllers\Artikel.php(12): CodeIgniter\BaseModel->findAll()
 6 SYSTEMPATH\CodeIgniter.php(951): App\Controllers\Artikel->index()
 7 SYSTEMPATH\CodeIgniter.php(497): CodeIgniter\CodeIgniter->runController(Object(App\Controllers\Artikel))
 8 SYSTEMPATH\CodeIgniter.php(340): CodeIgniter\CodeIgniter->handleRequest(null, Object(Config\Cache), false)
 9 SYSTEMPATH\Boot.php(417): CodeIgniter\CodeIgniter->run()
10 SYSTEMPATH\Boot.php(68): CodeIgniter\Boot::runCodeIgniter(Object(CodeIgniter\CodeIgniter))
11 FCPATH\index.php(59): CodeIgniter\Boot::bootWeb(Object(Config\Paths))
12 SYSTEMPATH\rewrite.php(44): require_once('C:\\xampp\\htdocs\\lab11_ci\\ci4\\public\\index.php')
ERROR - 2026-03-08 02:54:14 --> Error connecting to the database: mysqli_sql_exception: Access denied for user ''@'localhost' (using password: NO) in C:\xampp\htdocs\lab11_ci\ci4\system\Database\MySQLi\Connection.php:201
Stack trace:
#0 C:\xampp\htdocs\lab11_ci\ci4\system\Database\MySQLi\Connection.php(201): mysqli->real_connect('localhost', '', Object(SensitiveParameterValue), '', 3306, '', 0)
#1 C:\xampp\htdocs\lab11_ci\ci4\system\Database\BaseConnection.php(419): CodeIgniter\Database\MySQLi\Connection->connect(false)
#2 C:\xampp\htdocs\lab11_ci\ci4\system\Database\BaseConnection.php(654): CodeIgniter\Database\BaseConnection->initialize()
#3 C:\xampp\htdocs\lab11_ci\ci4\system\Database\BaseBuilder.php(1649): CodeIgniter\Database\BaseConnection->query('SELECT *\nFROM `...', Array, false)
#4 C:\xampp\htdocs\lab11_ci\ci4\system\Model.php(254): CodeIgniter\Database\BaseBuilder->get()
#5 C:\xampp\htdocs\lab11_ci\ci4\system\BaseModel.php(675): CodeIgniter\Model->doFindAll(0, 0)
#6 C:\xampp\htdocs\lab11_ci\ci4\app\Controllers\Artikel.php(12): CodeIgniter\BaseModel->findAll()
#7 C:\xampp\htdocs\lab11_ci\ci4\system\CodeIgniter.php(951): App\Controllers\Artikel->index()
#8 C:\xampp\htdocs\lab11_ci\ci4\system\CodeIgniter.php(497): CodeIgniter\CodeIgniter->runController(Object(App\Controllers\Artikel))
#9 C:\xampp\htdocs\lab11_ci\ci4\system\CodeIgniter.php(340): CodeIgniter\CodeIgniter->handleRequest(NULL, Object(Config\Cache), false)
#10 C:\xampp\htdocs\lab11_ci\ci4\system\Boot.php(417): CodeIgniter\CodeIgniter->run()
#11 C:\xampp\htdocs\lab11_ci\ci4\system\Boot.php(68): CodeIgniter\Boot::runCodeIgniter(Object(CodeIgniter\CodeIgniter))
#12 C:\xampp\htdocs\lab11_ci\ci4\public\index.php(59): CodeIgniter\Boot::bootWeb(Object(Config\Paths))
#13 C:\xampp\htdocs\lab11_ci\ci4\system\rewrite.php(44): require_once('C:\\xampp\\htdocs...')
#14 {main}

Next CodeIgniter\Database\Exceptions\DatabaseException: Access denied for user ''@'localhost' (using password: NO) in C:\xampp\htdocs\lab11_ci\ci4\system\Database\MySQLi\Connection.php:231
Stack trace:
#0 C:\xampp\htdocs\lab11_ci\ci4\system\Database\BaseConnection.php(419): CodeIgniter\Database\MySQLi\Connection->connect(false)
#1 C:\xampp\htdocs\lab11_ci\ci4\system\Database\BaseConnection.php(654): CodeIgniter\Database\BaseConnection->initialize()
#2 C:\xampp\htdocs\lab11_ci\ci4\system\Database\BaseBuilder.php(1649): CodeIgniter\Database\BaseConnection->query('SELECT *\nFROM `...', Array, false)
#3 C:\xampp\htdocs\lab11_ci\ci4\system\Model.php(254): CodeIgniter\Database\BaseBuilder->get()
#4 C:\xampp\htdocs\lab11_ci\ci4\system\BaseModel.php(675): CodeIgniter\Model->doFindAll(0, 0)
#5 C:\xampp\htdocs\lab11_ci\ci4\app\Controllers\Artikel.php(12): CodeIgniter\BaseModel->findAll()
#6 C:\xampp\htdocs\lab11_ci\ci4\system\CodeIgniter.php(951): App\Controllers\Artikel->index()
#7 C:\xampp\htdocs\lab11_ci\ci4\system\CodeIgniter.php(497): CodeIgniter\CodeIgniter->runController(Object(App\Controllers\Artikel))
#8 C:\xampp\htdocs\lab11_ci\ci4\system\CodeIgniter.php(340): CodeIgniter\CodeIgniter->handleRequest(NULL, Object(Config\Cache), false)
#9 C:\xampp\htdocs\lab11_ci\ci4\system\Boot.php(417): CodeIgniter\CodeIgniter->run()
#10 C:\xampp\htdocs\lab11_ci\ci4\system\Boot.php(68): CodeIgniter\Boot::runCodeIgniter(Object(CodeIgniter\CodeIgniter))
#11 C:\xampp\htdocs\lab11_ci\ci4\public\index.php(59): CodeIgniter\Boot::bootWeb(Object(Config\Paths))
#12 C:\xampp\htdocs\lab11_ci\ci4\system\rewrite.php(44): require_once('C:\\xampp\\htdocs...')
#13 {main}
CRITICAL - 2026-03-08 02:54:14 --> CodeIgniter\Database\Exceptions\DatabaseException: Unable to connect to the database.
Main connection [MySQLi]: Access denied for user ''@'localhost' (using password: NO)
[Method: GET, Route: artikel]
in SYSTEMPATH\Database\BaseConnection.php on line 465.
 1 SYSTEMPATH\Database\BaseConnection.php(654): CodeIgniter\Database\BaseConnection->initialize()
 2 SYSTEMPATH\Database\BaseBuilder.php(1649): CodeIgniter\Database\BaseConnection->query('SELECT *
FROM `artikel`', [], false)
 3 SYSTEMPATH\Model.php(254): CodeIgniter\Database\BaseBuilder->get()
 4 SYSTEMPATH\BaseModel.php(675): CodeIgniter\Model->doFindAll(0, 0)
 5 APPPATH\Controllers\Artikel.php(12): CodeIgniter\BaseModel->findAll()
 6 SYSTEMPATH\CodeIgniter.php(951): App\Controllers\Artikel->index()
 7 SYSTEMPATH\CodeIgniter.php(497): CodeIgniter\CodeIgniter->runController(Object(App\Controllers\Artikel))
 8 SYSTEMPATH\CodeIgniter.php(340): CodeIgniter\CodeIgniter->handleRequest(null, Object(Config\Cache), false)
 9 SYSTEMPATH\Boot.php(417): CodeIgniter\CodeIgniter->run()
10 SYSTEMPATH\Boot.php(68): CodeIgniter\Boot::runCodeIgniter(Object(CodeIgniter\CodeIgniter))
11 FCPATH\index.php(59): CodeIgniter\Boot::bootWeb(Object(Config\Paths))
12 SYSTEMPATH\rewrite.php(44): require_once('C:\\xampp\\htdocs\\lab11_ci\\ci4\\public\\index.php')
ERROR - 2026-03-08 02:59:01 --> Error connecting to the database: mysqli_sql_exception: Access denied for user ''@'localhost' (using password: NO) in C:\xampp\htdocs\lab11_ci\ci4\system\Database\MySQLi\Connection.php:201
Stack trace:
#0 C:\xampp\htdocs\lab11_ci\ci4\system\Database\MySQLi\Connection.php(201): mysqli->real_connect('localhost', '', Object(SensitiveParameterValue), '', 3306, '', 0)
#1 C:\xampp\htdocs\lab11_ci\ci4\system\Database\BaseConnection.php(419): CodeIgniter\Database\MySQLi\Connection->connect(false)
#2 C:\xampp\htdocs\lab11_ci\ci4\system\Database\BaseConnection.php(654): CodeIgniter\Database\BaseConnection->initialize()
#3 C:\xampp\htdocs\lab11_ci\ci4\system\Database\BaseBuilder.php(1649): CodeIgniter\Database\BaseConnection->query('SELECT *\nFROM `...', Array, false)
#4 C:\xampp\htdocs\lab11_ci\ci4\system\Model.php(254): CodeIgniter\Database\BaseBuilder->get()
#5 C:\xampp\htdocs\lab11_ci\ci4\system\BaseModel.php(675): CodeIgniter\Model->doFindAll(0, 0)
#6 C:\xampp\htdocs\lab11_ci\ci4\app\Controllers\Artikel.php(13): CodeIgniter\BaseModel->findAll()
#7 C:\xampp\htdocs\lab11_ci\ci4\system\CodeIgniter.php(951): App\Controllers\Artikel->index()
#8 C:\xampp\htdocs\lab11_ci\ci4\system\CodeIgniter.php(497): CodeIgniter\CodeIgniter->runController(Object(App\Controllers\Artikel))
#9 C:\xampp\htdocs\lab11_ci\ci4\system\CodeIgniter.php(340): CodeIgniter\CodeIgniter->handleRequest(NULL, Object(Config\Cache), false)
#10 C:\xampp\htdocs\lab11_ci\ci4\system\Boot.php(417): CodeIgniter\CodeIgniter->run()
#11 C:\xampp\htdocs\lab11_ci\ci4\system\Boot.php(68): CodeIgniter\Boot::runCodeIgniter(Object(CodeIgniter\CodeIgniter))
#12 C:\xampp\htdocs\lab11_ci\ci4\public\index.php(59): CodeIgniter\Boot::bootWeb(Object(Config\Paths))
#13 C:\xampp\htdocs\lab11_ci\ci4\system\rewrite.php(44): require_once('C:\\xampp\\htdocs...')
#14 {main}

Next CodeIgniter\Database\Exceptions\DatabaseException: Access denied for user ''@'localhost' (using password: NO) in C:\xampp\htdocs\lab11_ci\ci4\system\Database\MySQLi\Connection.php:231
Stack trace:
#0 C:\xampp\htdocs\lab11_ci\ci4\system\Database\BaseConnection.php(419): CodeIgniter\Database\MySQLi\Connection->connect(false)
#1 C:\xampp\htdocs\lab11_ci\ci4\system\Database\BaseConnection.php(654): CodeIgniter\Database\BaseConnection->initialize()
#2 C:\xampp\htdocs\lab11_ci\ci4\system\Database\BaseBuilder.php(1649): CodeIgniter\Database\BaseConnection->query('SELECT *\nFROM `...', Array, false)
#3 C:\xampp\htdocs\lab11_ci\ci4\system\Model.php(254): CodeIgniter\Database\BaseBuilder->get()
#4 C:\xampp\htdocs\lab11_ci\ci4\system\BaseModel.php(675): CodeIgniter\Model->doFindAll(0, 0)
#5 C:\xampp\htdocs\lab11_ci\ci4\app\Controllers\Artikel.php(13): CodeIgniter\BaseModel->findAll()
#6 C:\xampp\htdocs\lab11_ci\ci4\system\CodeIgniter.php(951): App\Controllers\Artikel->index()
#7 C:\xampp\htdocs\lab11_ci\ci4\system\CodeIgniter.php(497): CodeIgniter\CodeIgniter->runController(Object(App\Controllers\Artikel))
#8 C:\xampp\htdocs\lab11_ci\ci4\system\CodeIgniter.php(340): CodeIgniter\CodeIgniter->handleRequest(NULL, Object(Config\Cache), false)
#9 C:\xampp\htdocs\lab11_ci\ci4\system\Boot.php(417): CodeIgniter\CodeIgniter->run()
#10 C:\xampp\htdocs\lab11_ci\ci4\system\Boot.php(68): CodeIgniter\Boot::runCodeIgniter(Object(CodeIgniter\CodeIgniter))
#11 C:\xampp\htdocs\lab11_ci\ci4\public\index.php(59): CodeIgniter\Boot::bootWeb(Object(Config\Paths))
#12 C:\xampp\htdocs\lab11_ci\ci4\system\rewrite.php(44): require_once('C:\\xampp\\htdocs...')
#13 {main}
CRITICAL - 2026-03-08 02:59:01 --> CodeIgniter\Database\Exceptions\DatabaseException: Unable to connect to the database.
Main connection [MySQLi]: Access denied for user ''@'localhost' (using password: NO)
[Method: GET, Route: artikel]
in SYSTEMPATH\Database\BaseConnection.php on line 465.
 1 SYSTEMPATH\Database\BaseConnection.php(654): CodeIgniter\Database\BaseConnection->initialize()
 2 SYSTEMPATH\Database\BaseBuilder.php(1649): CodeIgniter\Database\BaseConnection->query('SELECT *
FROM `artikel`', [], false)
 3 SYSTEMPATH\Model.php(254): CodeIgniter\Database\BaseBuilder->get()
 4 SYSTEMPATH\BaseModel.php(675): CodeIgniter\Model->doFindAll(0, 0)
 5 APPPATH\Controllers\Artikel.php(13): CodeIgniter\BaseModel->findAll()
 6 SYSTEMPATH\CodeIgniter.php(951): App\Controllers\Artikel->index()
 7 SYSTEMPATH\CodeIgniter.php(497): CodeIgniter\CodeIgniter->runController(Object(App\Controllers\Artikel))
 8 SYSTEMPATH\CodeIgniter.php(340): CodeIgniter\CodeIgniter->handleRequest(null, Object(Config\Cache), false)
 9 SYSTEMPATH\Boot.php(417): CodeIgniter\CodeIgniter->run()
10 SYSTEMPATH\Boot.php(68): CodeIgniter\Boot::runCodeIgniter(Object(CodeIgniter\CodeIgniter))
11 FCPATH\index.php(59): CodeIgniter\Boot::bootWeb(Object(Config\Paths))
12 SYSTEMPATH\rewrite.php(44): require_once('C:\\xampp\\htdocs\\lab11_ci\\ci4\\public\\index.php')
ERROR - 2026-03-08 02:59:11 --> Error connecting to the database: mysqli_sql_exception: Access denied for user ''@'localhost' (using password: NO) in C:\xampp\htdocs\lab11_ci\ci4\system\Database\MySQLi\Connection.php:201
Stack trace:
#0 C:\xampp\htdocs\lab11_ci\ci4\system\Database\MySQLi\Connection.php(201): mysqli->real_connect('localhost', '', Object(SensitiveParameterValue), '', 3306, '', 0)
#1 C:\xampp\htdocs\lab11_ci\ci4\system\Database\BaseConnection.php(419): CodeIgniter\Database\MySQLi\Connection->connect(false)
#2 C:\xampp\htdocs\lab11_ci\ci4\system\Database\BaseConnection.php(654): CodeIgniter\Database\BaseConnection->initialize()
#3 C:\xampp\htdocs\lab11_ci\ci4\system\Database\BaseBuilder.php(1649): CodeIgniter\Database\BaseConnection->query('SELECT *\nFROM `...', Array, false)
#4 C:\xampp\htdocs\lab11_ci\ci4\system\Model.php(254): CodeIgniter\Database\BaseBuilder->get()
#5 C:\xampp\htdocs\lab11_ci\ci4\system\BaseModel.php(675): CodeIgniter\Model->doFindAll(0, 0)
#6 C:\xampp\htdocs\lab11_ci\ci4\app\Controllers\Artikel.php(13): CodeIgniter\BaseModel->findAll()
#7 C:\xampp\htdocs\lab11_ci\ci4\system\CodeIgniter.php(951): App\Controllers\Artikel->index()
#8 C:\xampp\htdocs\lab11_ci\ci4\system\CodeIgniter.php(497): CodeIgniter\CodeIgniter->runController(Object(App\Controllers\Artikel))
#9 C:\xampp\htdocs\lab11_ci\ci4\system\CodeIgniter.php(340): CodeIgniter\CodeIgniter->handleRequest(NULL, Object(Config\Cache), false)
#10 C:\xampp\htdocs\lab11_ci\ci4\system\Boot.php(417): CodeIgniter\CodeIgniter->run()
#11 C:\xampp\htdocs\lab11_ci\ci4\system\Boot.php(68): CodeIgniter\Boot::runCodeIgniter(Object(CodeIgniter\CodeIgniter))
#12 C:\xampp\htdocs\lab11_ci\ci4\public\index.php(59): CodeIgniter\Boot::bootWeb(Object(Config\Paths))
#13 C:\xampp\htdocs\lab11_ci\ci4\system\rewrite.php(44): require_once('C:\\xampp\\htdocs...')
#14 {main}

Next CodeIgniter\Database\Exceptions\DatabaseException: Access denied for user ''@'localhost' (using password: NO) in C:\xampp\htdocs\lab11_ci\ci4\system\Database\MySQLi\Connection.php:231
Stack trace:
#0 C:\xampp\htdocs\lab11_ci\ci4\system\Database\BaseConnection.php(419): CodeIgniter\Database\MySQLi\Connection->connect(false)
#1 C:\xampp\htdocs\lab11_ci\ci4\system\Database\BaseConnection.php(654): CodeIgniter\Database\BaseConnection->initialize()
#2 C:\xampp\htdocs\lab11_ci\ci4\system\Database\BaseBuilder.php(1649): CodeIgniter\Database\BaseConnection->query('SELECT *\nFROM `...', Array, false)
#3 C:\xampp\htdocs\lab11_ci\ci4\system\Model.php(254): CodeIgniter\Database\BaseBuilder->get()
#4 C:\xampp\htdocs\lab11_ci\ci4\system\BaseModel.php(675): CodeIgniter\Model->doFindAll(0, 0)
#5 C:\xampp\htdocs\lab11_ci\ci4\app\Controllers\Artikel.php(13): CodeIgniter\BaseModel->findAll()
#6 C:\xampp\htdocs\lab11_ci\ci4\system\CodeIgniter.php(951): App\Controllers\Artikel->index()
#7 C:\xampp\htdocs\lab11_ci\ci4\system\CodeIgniter.php(497): CodeIgniter\CodeIgniter->runController(Object(App\Controllers\Artikel))
#8 C:\xampp\htdocs\lab11_ci\ci4\system\CodeIgniter.php(340): CodeIgniter\CodeIgniter->handleRequest(NULL, Object(Config\Cache), false)
#9 C:\xampp\htdocs\lab11_ci\ci4\system\Boot.php(417): CodeIgniter\CodeIgniter->run()
#10 C:\xampp\htdocs\lab11_ci\ci4\system\Boot.php(68): CodeIgniter\Boot::runCodeIgniter(Object(CodeIgniter\CodeIgniter))
#11 C:\xampp\htdocs\lab11_ci\ci4\public\index.php(59): CodeIgniter\Boot::bootWeb(Object(Config\Paths))
#12 C:\xampp\htdocs\lab11_ci\ci4\system\rewrite.php(44): require_once('C:\\xampp\\htdocs...')
#13 {main}
CRITICAL - 2026-03-08 02:59:11 --> CodeIgniter\Database\Exceptions\DatabaseException: Unable to connect to the database.
Main connection [MySQLi]: Access denied for user ''@'localhost' (using password: NO)
[Method: GET, Route: artikel]
in SYSTEMPATH\Database\BaseConnection.php on line 465.
 1 SYSTEMPATH\Database\BaseConnection.php(654): CodeIgniter\Database\BaseConnection->initialize()
 2 SYSTEMPATH\Database\BaseBuilder.php(1649): CodeIgniter\Database\BaseConnection->query('SELECT *
FROM `artikel`', [], false)
 3 SYSTEMPATH\Model.php(254): CodeIgniter\Database\BaseBuilder->get()
 4 SYSTEMPATH\BaseModel.php(675): CodeIgniter\Model->doFindAll(0, 0)
 5 APPPATH\Controllers\Artikel.php(13): CodeIgniter\BaseModel->findAll()
 6 SYSTEMPATH\CodeIgniter.php(951): App\Controllers\Artikel->index()
 7 SYSTEMPATH\CodeIgniter.php(497): CodeIgniter\CodeIgniter->runController(Object(App\Controllers\Artikel))
 8 SYSTEMPATH\CodeIgniter.php(340): CodeIgniter\CodeIgniter->handleRequest(null, Object(Config\Cache), false)
 9 SYSTEMPATH\Boot.php(417): CodeIgniter\CodeIgniter->run()
10 SYSTEMPATH\Boot.php(68): CodeIgniter\Boot::runCodeIgniter(Object(CodeIgniter\CodeIgniter))
11 FCPATH\index.php(59): CodeIgniter\Boot::bootWeb(Object(Config\Paths))
12 SYSTEMPATH\rewrite.php(44): require_once('C:\\xampp\\htdocs\\lab11_ci\\ci4\\public\\index.php')
ERROR - 2026-03-08 02:59:11 --> Error connecting to the database: mysqli_sql_exception: Access denied for user ''@'localhost' (using password: NO) in C:\xampp\htdocs\lab11_ci\ci4\system\Database\MySQLi\Connection.php:201
Stack trace:
#0 C:\xampp\htdocs\lab11_ci\ci4\system\Database\MySQLi\Connection.php(201): mysqli->real_connect('localhost', '', Object(SensitiveParameterValue), '', 3306, '', 0)
#1 C:\xampp\htdocs\lab11_ci\ci4\system\Database\BaseConnection.php(419): CodeIgniter\Database\MySQLi\Connection->connect(false)
#2 C:\xampp\htdocs\lab11_ci\ci4\system\Database\BaseConnection.php(654): CodeIgniter\Database\BaseConnection->initialize()
#3 C:\xampp\htdocs\lab11_ci\ci4\system\Database\BaseBuilder.php(1649): CodeIgniter\Database\BaseConnection->query('SELECT *\nFROM `...', Array, false)
#4 C:\xampp\htdocs\lab11_ci\ci4\system\Model.php(254): CodeIgniter\Database\BaseBuilder->get()
#5 C:\xampp\htdocs\lab11_ci\ci4\system\BaseModel.php(675): CodeIgniter\Model->doFindAll(0, 0)
#6 C:\xampp\htdocs\lab11_ci\ci4\app\Controllers\Artikel.php(13): CodeIgniter\BaseModel->findAll()
#7 C:\xampp\htdocs\lab11_ci\ci4\system\CodeIgniter.php(951): App\Controllers\Artikel->index()
#8 C:\xampp\htdocs\lab11_ci\ci4\system\CodeIgniter.php(497): CodeIgniter\CodeIgniter->runController(Object(App\Controllers\Artikel))
#9 C:\xampp\htdocs\lab11_ci\ci4\system\CodeIgniter.php(340): CodeIgniter\CodeIgniter->handleRequest(NULL, Object(Config\Cache), false)
#10 C:\xampp\htdocs\lab11_ci\ci4\system\Boot.php(417): CodeIgniter\CodeIgniter->run()
#11 C:\xampp\htdocs\lab11_ci\ci4\system\Boot.php(68): CodeIgniter\Boot::runCodeIgniter(Object(CodeIgniter\CodeIgniter))
#12 C:\xampp\htdocs\lab11_ci\ci4\public\index.php(59): CodeIgniter\Boot::bootWeb(Object(Config\Paths))
#13 C:\xampp\htdocs\lab11_ci\ci4\system\rewrite.php(44): require_once('C:\\xampp\\htdocs...')
#14 {main}

Next CodeIgniter\Database\Exceptions\DatabaseException: Access denied for user ''@'localhost' (using password: NO) in C:\xampp\htdocs\lab11_ci\ci4\system\Database\MySQLi\Connection.php:231
Stack trace:
#0 C:\xampp\htdocs\lab11_ci\ci4\system\Database\BaseConnection.php(419): CodeIgniter\Database\MySQLi\Connection->connect(false)
#1 C:\xampp\htdocs\lab11_ci\ci4\system\Database\BaseConnection.php(654): CodeIgniter\Database\BaseConnection->initialize()
#2 C:\xampp\htdocs\lab11_ci\ci4\system\Database\BaseBuilder.php(1649): CodeIgniter\Database\BaseConnection->query('SELECT *\nFROM `...', Array, false)
#3 C:\xampp\htdocs\lab11_ci\ci4\system\Model.php(254): CodeIgniter\Database\BaseBuilder->get()
#4 C:\xampp\htdocs\lab11_ci\ci4\system\BaseModel.php(675): CodeIgniter\Model->doFindAll(0, 0)
#5 C:\xampp\htdocs\lab11_ci\ci4\app\Controllers\Artikel.php(13): CodeIgniter\BaseModel->findAll()
#6 C:\xampp\htdocs\lab11_ci\ci4\system\CodeIgniter.php(951): App\Controllers\Artikel->index()
#7 C:\xampp\htdocs\lab11_ci\ci4\system\CodeIgniter.php(497): CodeIgniter\CodeIgniter->runController(Object(App\Controllers\Artikel))
#8 C:\xampp\htdocs\lab11_ci\ci4\system\CodeIgniter.php(340): CodeIgniter\CodeIgniter->handleRequest(NULL, Object(Config\Cache), false)
#9 C:\xampp\htdocs\lab11_ci\ci4\system\Boot.php(417): CodeIgniter\CodeIgniter->run()
#10 C:\xampp\htdocs\lab11_ci\ci4\system\Boot.php(68): CodeIgniter\Boot::runCodeIgniter(Object(CodeIgniter\CodeIgniter))
#11 C:\xampp\htdocs\lab11_ci\ci4\public\index.php(59): CodeIgniter\Boot::bootWeb(Object(Config\Paths))
#12 C:\xampp\htdocs\lab11_ci\ci4\system\rewrite.php(44): require_once('C:\\xampp\\htdocs...')
#13 {main}
CRITICAL - 2026-03-08 02:59:11 --> CodeIgniter\Database\Exceptions\DatabaseException: Unable to connect to the database.
Main connection [MySQLi]: Access denied for user ''@'localhost' (using password: NO)
[Method: GET, Route: artikel]
in SYSTEMPATH\Database\BaseConnection.php on line 465.
 1 SYSTEMPATH\Database\BaseConnection.php(654): CodeIgniter\Database\BaseConnection->initialize()
 2 SYSTEMPATH\Database\BaseBuilder.php(1649): CodeIgniter\Database\BaseConnection->query('SELECT *
FROM `artikel`', [], false)
 3 SYSTEMPATH\Model.php(254): CodeIgniter\Database\BaseBuilder->get()
 4 SYSTEMPATH\BaseModel.php(675): CodeIgniter\Model->doFindAll(0, 0)
 5 APPPATH\Controllers\Artikel.php(13): CodeIgniter\BaseModel->findAll()
 6 SYSTEMPATH\CodeIgniter.php(951): App\Controllers\Artikel->index()
 7 SYSTEMPATH\CodeIgniter.php(497): CodeIgniter\CodeIgniter->runController(Object(App\Controllers\Artikel))
 8 SYSTEMPATH\CodeIgniter.php(340): CodeIgniter\CodeIgniter->handleRequest(null, Object(Config\Cache), false)
 9 SYSTEMPATH\Boot.php(417): CodeIgniter\CodeIgniter->run()
10 SYSTEMPATH\Boot.php(68): CodeIgniter\Boot::runCodeIgniter(Object(CodeIgniter\CodeIgniter))
11 FCPATH\index.php(59): CodeIgniter\Boot::bootWeb(Object(Config\Paths))
12 SYSTEMPATH\rewrite.php(44): require_once('C:\\xampp\\htdocs\\lab11_ci\\ci4\\public\\index.php')
ERROR - 2026-03-08 02:59:12 --> Error connecting to the database: mysqli_sql_exception: Access denied for user ''@'localhost' (using password: NO) in C:\xampp\htdocs\lab11_ci\ci4\system\Database\MySQLi\Connection.php:201
Stack trace:
#0 C:\xampp\htdocs\lab11_ci\ci4\system\Database\MySQLi\Connection.php(201): mysqli->real_connect('localhost', '', Object(SensitiveParameterValue), '', 3306, '', 0)
#1 C:\xampp\htdocs\lab11_ci\ci4\system\Database\BaseConnection.php(419): CodeIgniter\Database\MySQLi\Connection->connect(false)
#2 C:\xampp\htdocs\lab11_ci\ci4\system\Database\BaseConnection.php(654): CodeIgniter\Database\BaseConnection->initialize()
#3 C:\xampp\htdocs\lab11_ci\ci4\system\Database\BaseBuilder.php(1649): CodeIgniter\Database\BaseConnection->query('SELECT *\nFROM `...', Array, false)
#4 C:\xampp\htdocs\lab11_ci\ci4\system\Model.php(254): CodeIgniter\Database\BaseBuilder->get()
#5 C:\xampp\htdocs\lab11_ci\ci4\system\BaseModel.php(675): CodeIgniter\Model->doFindAll(0, 0)
#6 C:\xampp\htdocs\lab11_ci\ci4\app\Controllers\Artikel.php(13): CodeIgniter\BaseModel->findAll()
#7 C:\xampp\htdocs\lab11_ci\ci4\system\CodeIgniter.php(951): App\Controllers\Artikel->index()
#8 C:\xampp\htdocs\lab11_ci\ci4\system\CodeIgniter.php(497): CodeIgniter\CodeIgniter->runController(Object(App\Controllers\Artikel))
#9 C:\xampp\htdocs\lab11_ci\ci4\system\CodeIgniter.php(340): CodeIgniter\CodeIgniter->handleRequest(NULL, Object(Config\Cache), false)
#10 C:\xampp\htdocs\lab11_ci\ci4\system\Boot.php(417): CodeIgniter\CodeIgniter->run()
#11 C:\xampp\htdocs\lab11_ci\ci4\system\Boot.php(68): CodeIgniter\Boot::runCodeIgniter(Object(CodeIgniter\CodeIgniter))
#12 C:\xampp\htdocs\lab11_ci\ci4\public\index.php(59): CodeIgniter\Boot::bootWeb(Object(Config\Paths))
#13 C:\xampp\htdocs\lab11_ci\ci4\system\rewrite.php(44): require_once('C:\\xampp\\htdocs...')
#14 {main}

Next CodeIgniter\Database\Exceptions\DatabaseException: Access denied for user ''@'localhost' (using password: NO) in C:\xampp\htdocs\lab11_ci\ci4\system\Database\MySQLi\Connection.php:231
Stack trace:
#0 C:\xampp\htdocs\lab11_ci\ci4\system\Database\BaseConnection.php(419): CodeIgniter\Database\MySQLi\Connection->connect(false)
#1 C:\xampp\htdocs\lab11_ci\ci4\system\Database\BaseConnection.php(654): CodeIgniter\Database\BaseConnection->initialize()
#2 C:\xampp\htdocs\lab11_ci\ci4\system\Database\BaseBuilder.php(1649): CodeIgniter\Database\BaseConnection->query('SELECT *\nFROM `...', Array, false)
#3 C:\xampp\htdocs\lab11_ci\ci4\system\Model.php(254): CodeIgniter\Database\BaseBuilder->get()
#4 C:\xampp\htdocs\lab11_ci\ci4\system\BaseModel.php(675): CodeIgniter\Model->doFindAll(0, 0)
#5 C:\xampp\htdocs\lab11_ci\ci4\app\Controllers\Artikel.php(13): CodeIgniter\BaseModel->findAll()
#6 C:\xampp\htdocs\lab11_ci\ci4\system\CodeIgniter.php(951): App\Controllers\Artikel->index()
#7 C:\xampp\htdocs\lab11_ci\ci4\system\CodeIgniter.php(497): CodeIgniter\CodeIgniter->runController(Object(App\Controllers\Artikel))
#8 C:\xampp\htdocs\lab11_ci\ci4\system\CodeIgniter.php(340): CodeIgniter\CodeIgniter->handleRequest(NULL, Object(Config\Cache), false)
#9 C:\xampp\htdocs\lab11_ci\ci4\system\Boot.php(417): CodeIgniter\CodeIgniter->run()
#10 C:\xampp\htdocs\lab11_ci\ci4\system\Boot.php(68): CodeIgniter\Boot::runCodeIgniter(Object(CodeIgniter\CodeIgniter))
#11 C:\xampp\htdocs\lab11_ci\ci4\public\index.php(59): CodeIgniter\Boot::bootWeb(Object(Config\Paths))
#12 C:\xampp\htdocs\lab11_ci\ci4\system\rewrite.php(44): require_once('C:\\xampp\\htdocs...')
#13 {main}
CRITICAL - 2026-03-08 02:59:12 --> CodeIgniter\Database\Exceptions\DatabaseException: Unable to connect to the database.
Main connection [MySQLi]: Access denied for user ''@'localhost' (using password: NO)
[Method: GET, Route: artikel]
in SYSTEMPATH\Database\BaseConnection.php on line 465.
 1 SYSTEMPATH\Database\BaseConnection.php(654): CodeIgniter\Database\BaseConnection->initialize()
 2 SYSTEMPATH\Database\BaseBuilder.php(1649): CodeIgniter\Database\BaseConnection->query('SELECT *
FROM `artikel`', [], false)
 3 SYSTEMPATH\Model.php(254): CodeIgniter\Database\BaseBuilder->get()
 4 SYSTEMPATH\BaseModel.php(675): CodeIgniter\Model->doFindAll(0, 0)
 5 APPPATH\Controllers\Artikel.php(13): CodeIgniter\BaseModel->findAll()
 6 SYSTEMPATH\CodeIgniter.php(951): App\Controllers\Artikel->index()
 7 SYSTEMPATH\CodeIgniter.php(497): CodeIgniter\CodeIgniter->runController(Object(App\Controllers\Artikel))
 8 SYSTEMPATH\CodeIgniter.php(340): CodeIgniter\CodeIgniter->handleRequest(null, Object(Config\Cache), false)
 9 SYSTEMPATH\Boot.php(417): CodeIgniter\CodeIgniter->run()
10 SYSTEMPATH\Boot.php(68): CodeIgniter\Boot::runCodeIgniter(Object(CodeIgniter\CodeIgniter))
11 FCPATH\index.php(59): CodeIgniter\Boot::bootWeb(Object(Config\Paths))
12 SYSTEMPATH\rewrite.php(44): require_once('C:\\xampp\\htdocs\\lab11_ci\\ci4\\public\\index.php')
ERROR - 2026-03-08 02:59:12 --> Error connecting to the database: mysqli_sql_exception: Access denied for user ''@'localhost' (using password: NO) in C:\xampp\htdocs\lab11_ci\ci4\system\Database\MySQLi\Connection.php:201
Stack trace:
#0 C:\xampp\htdocs\lab11_ci\ci4\system\Database\MySQLi\Connection.php(201): mysqli->real_connect('localhost', '', Object(SensitiveParameterValue), '', 3306, '', 0)
#1 C:\xampp\htdocs\lab11_ci\ci4\system\Database\BaseConnection.php(419): CodeIgniter\Database\MySQLi\Connection->connect(false)
#2 C:\xampp\htdocs\lab11_ci\ci4\system\Database\BaseConnection.php(654): CodeIgniter\Database\BaseConnection->initialize()
#3 C:\xampp\htdocs\lab11_ci\ci4\system\Database\BaseBuilder.php(1649): CodeIgniter\Database\BaseConnection->query('SELECT *\nFROM `...', Array, false)
#4 C:\xampp\htdocs\lab11_ci\ci4\system\Model.php(254): CodeIgniter\Database\BaseBuilder->get()
#5 C:\xampp\htdocs\lab11_ci\ci4\system\BaseModel.php(675): CodeIgniter\Model->doFindAll(0, 0)
#6 C:\xampp\htdocs\lab11_ci\ci4\app\Controllers\Artikel.php(13): CodeIgniter\BaseModel->findAll()
#7 C:\xampp\htdocs\lab11_ci\ci4\system\CodeIgniter.php(951): App\Controllers\Artikel->index()
#8 C:\xampp\htdocs\lab11_ci\ci4\system\CodeIgniter.php(497): CodeIgniter\CodeIgniter->runController(Object(App\Controllers\Artikel))
#9 C:\xampp\htdocs\lab11_ci\ci4\system\CodeIgniter.php(340): CodeIgniter\CodeIgniter->handleRequest(NULL, Object(Config\Cache), false)
#10 C:\xampp\htdocs\lab11_ci\ci4\system\Boot.php(417): CodeIgniter\CodeIgniter->run()
#11 C:\xampp\htdocs\lab11_ci\ci4\system\Boot.php(68): CodeIgniter\Boot::runCodeIgniter(Object(CodeIgniter\CodeIgniter))
#12 C:\xampp\htdocs\lab11_ci\ci4\public\index.php(59): CodeIgniter\Boot::bootWeb(Object(Config\Paths))
#13 C:\xampp\htdocs\lab11_ci\ci4\system\rewrite.php(44): require_once('C:\\xampp\\htdocs...')
#14 {main}

Next CodeIgniter\Database\Exceptions\DatabaseException: Access denied for user ''@'localhost' (using password: NO) in C:\xampp\htdocs\lab11_ci\ci4\system\Database\MySQLi\Connection.php:231
Stack trace:
#0 C:\xampp\htdocs\lab11_ci\ci4\system\Database\BaseConnection.php(419): CodeIgniter\Database\MySQLi\Connection->connect(false)
#1 C:\xampp\htdocs\lab11_ci\ci4\system\Database\BaseConnection.php(654): CodeIgniter\Database\BaseConnection->initialize()
#2 C:\xampp\htdocs\lab11_ci\ci4\system\Database\BaseBuilder.php(1649): CodeIgniter\Database\BaseConnection->query('SELECT *\nFROM `...', Array, false)
#3 C:\xampp\htdocs\lab11_ci\ci4\system\Model.php(254): CodeIgniter\Database\BaseBuilder->get()
#4 C:\xampp\htdocs\lab11_ci\ci4\system\BaseModel.php(675): CodeIgniter\Model->doFindAll(0, 0)
#5 C:\xampp\htdocs\lab11_ci\ci4\app\Controllers\Artikel.php(13): CodeIgniter\BaseModel->findAll()
#6 C:\xampp\htdocs\lab11_ci\ci4\system\CodeIgniter.php(951): App\Controllers\Artikel->index()
#7 C:\xampp\htdocs\lab11_ci\ci4\system\CodeIgniter.php(497): CodeIgniter\CodeIgniter->runController(Object(App\Controllers\Artikel))
#8 C:\xampp\htdocs\lab11_ci\ci4\system\CodeIgniter.php(340): CodeIgniter\CodeIgniter->handleRequest(NULL, Object(Config\Cache), false)
#9 C:\xampp\htdocs\lab11_ci\ci4\system\Boot.php(417): CodeIgniter\CodeIgniter->run()
#10 C:\xampp\htdocs\lab11_ci\ci4\system\Boot.php(68): CodeIgniter\Boot::runCodeIgniter(Object(CodeIgniter\CodeIgniter))
#11 C:\xampp\htdocs\lab11_ci\ci4\public\index.php(59): CodeIgniter\Boot::bootWeb(Object(Config\Paths))
#12 C:\xampp\htdocs\lab11_ci\ci4\system\rewrite.php(44): require_once('C:\\xampp\\htdocs...')
#13 {main}
CRITICAL - 2026-03-08 02:59:12 --> CodeIgniter\Database\Exceptions\DatabaseException: Unable to connect to the database.
Main connection [MySQLi]: Access denied for user ''@'localhost' (using password: NO)
[Method: GET, Route: artikel]
in SYSTEMPATH\Database\BaseConnection.php on line 465.
 1 SYSTEMPATH\Database\BaseConnection.php(654): CodeIgniter\Database\BaseConnection->initialize()
 2 SYSTEMPATH\Database\BaseBuilder.php(1649): CodeIgniter\Database\BaseConnection->query('SELECT *
FROM `artikel`', [], false)
 3 SYSTEMPATH\Model.php(254): CodeIgniter\Database\BaseBuilder->get()
 4 SYSTEMPATH\BaseModel.php(675): CodeIgniter\Model->doFindAll(0, 0)
 5 APPPATH\Controllers\Artikel.php(13): CodeIgniter\BaseModel->findAll()
 6 SYSTEMPATH\CodeIgniter.php(951): App\Controllers\Artikel->index()
 7 SYSTEMPATH\CodeIgniter.php(497): CodeIgniter\CodeIgniter->runController(Object(App\Controllers\Artikel))
 8 SYSTEMPATH\CodeIgniter.php(340): CodeIgniter\CodeIgniter->handleRequest(null, Object(Config\Cache), false)
 9 SYSTEMPATH\Boot.php(417): CodeIgniter\CodeIgniter->run()
10 SYSTEMPATH\Boot.php(68): CodeIgniter\Boot::runCodeIgniter(Object(CodeIgniter\CodeIgniter))
11 FCPATH\index.php(59): CodeIgniter\Boot::bootWeb(Object(Config\Paths))
12 SYSTEMPATH\rewrite.php(44): require_once('C:\\xampp\\htdocs\\lab11_ci\\ci4\\public\\index.php')
ERROR - 2026-03-08 02:59:12 --> Error connecting to the database: mysqli_sql_exception: Access denied for user ''@'localhost' (using password: NO) in C:\xampp\htdocs\lab11_ci\ci4\system\Database\MySQLi\Connection.php:201
Stack trace:
#0 C:\xampp\htdocs\lab11_ci\ci4\system\Database\MySQLi\Connection.php(201): mysqli->real_connect('localhost', '', Object(SensitiveParameterValue), '', 3306, '', 0)
#1 C:\xampp\htdocs\lab11_ci\ci4\system\Database\BaseConnection.php(419): CodeIgniter\Database\MySQLi\Connection->connect(false)
#2 C:\xampp\htdocs\lab11_ci\ci4\system\Database\BaseConnection.php(654): CodeIgniter\Database\BaseConnection->initialize()
#3 C:\xampp\htdocs\lab11_ci\ci4\system\Database\BaseBuilder.php(1649): CodeIgniter\Database\BaseConnection->query('SELECT *\nFROM `...', Array, false)
#4 C:\xampp\htdocs\lab11_ci\ci4\system\Model.php(254): CodeIgniter\Database\BaseBuilder->get()
#5 C:\xampp\htdocs\lab11_ci\ci4\system\BaseModel.php(675): CodeIgniter\Model->doFindAll(0, 0)
#6 C:\xampp\htdocs\lab11_ci\ci4\app\Controllers\Artikel.php(13): CodeIgniter\BaseModel->findAll()
#7 C:\xampp\htdocs\lab11_ci\ci4\system\CodeIgniter.php(951): App\Controllers\Artikel->index()
#8 C:\xampp\htdocs\lab11_ci\ci4\system\CodeIgniter.php(497): CodeIgniter\CodeIgniter->runController(Object(App\Controllers\Artikel))
#9 C:\xampp\htdocs\lab11_ci\ci4\system\CodeIgniter.php(340): CodeIgniter\CodeIgniter->handleRequest(NULL, Object(Config\Cache), false)
#10 C:\xampp\htdocs\lab11_ci\ci4\system\Boot.php(417): CodeIgniter\CodeIgniter->run()
#11 C:\xampp\htdocs\lab11_ci\ci4\system\Boot.php(68): CodeIgniter\Boot::runCodeIgniter(Object(CodeIgniter\CodeIgniter))
#12 C:\xampp\htdocs\lab11_ci\ci4\public\index.php(59): CodeIgniter\Boot::bootWeb(Object(Config\Paths))
#13 C:\xampp\htdocs\lab11_ci\ci4\system\rewrite.php(44): require_once('C:\\xampp\\htdocs...')
#14 {main}

Next CodeIgniter\Database\Exceptions\DatabaseException: Access denied for user ''@'localhost' (using password: NO) in C:\xampp\htdocs\lab11_ci\ci4\system\Database\MySQLi\Connection.php:231
Stack trace:
#0 C:\xampp\htdocs\lab11_ci\ci4\system\Database\BaseConnection.php(419): CodeIgniter\Database\MySQLi\Connection->connect(false)
#1 C:\xampp\htdocs\lab11_ci\ci4\system\Database\BaseConnection.php(654): CodeIgniter\Database\BaseConnection->initialize()
#2 C:\xampp\htdocs\lab11_ci\ci4\system\Database\BaseBuilder.php(1649): CodeIgniter\Database\BaseConnection->query('SELECT *\nFROM `...', Array, false)
#3 C:\xampp\htdocs\lab11_ci\ci4\system\Model.php(254): CodeIgniter\Database\BaseBuilder->get()
#4 C:\xampp\htdocs\lab11_ci\ci4\system\BaseModel.php(675): CodeIgniter\Model->doFindAll(0, 0)
#5 C:\xampp\htdocs\lab11_ci\ci4\app\Controllers\Artikel.php(13): CodeIgniter\BaseModel->findAll()
#6 C:\xampp\htdocs\lab11_ci\ci4\system\CodeIgniter.php(951): App\Controllers\Artikel->index()
#7 C:\xampp\htdocs\lab11_ci\ci4\system\CodeIgniter.php(497): CodeIgniter\CodeIgniter->runController(Object(App\Controllers\Artikel))
#8 C:\xampp\htdocs\lab11_ci\ci4\system\CodeIgniter.php(340): CodeIgniter\CodeIgniter->handleRequest(NULL, Object(Config\Cache), false)
#9 C:\xampp\htdocs\lab11_ci\ci4\system\Boot.php(417): CodeIgniter\CodeIgniter->run()
#10 C:\xampp\htdocs\lab11_ci\ci4\system\Boot.php(68): CodeIgniter\Boot::runCodeIgniter(Object(CodeIgniter\CodeIgniter))
#11 C:\xampp\htdocs\lab11_ci\ci4\public\index.php(59): CodeIgniter\Boot::bootWeb(Object(Config\Paths))
#12 C:\xampp\htdocs\lab11_ci\ci4\system\rewrite.php(44): require_once('C:\\xampp\\htdocs...')
#13 {main}
CRITICAL - 2026-03-08 02:59:12 --> CodeIgniter\Database\Exceptions\DatabaseException: Unable to connect to the database.
Main connection [MySQLi]: Access denied for user ''@'localhost' (using password: NO)
[Method: GET, Route: artikel]
in SYSTEMPATH\Database\BaseConnection.php on line 465.
 1 SYSTEMPATH\Database\BaseConnection.php(654): CodeIgniter\Database\BaseConnection->initialize()
 2 SYSTEMPATH\Database\BaseBuilder.php(1649): CodeIgniter\Database\BaseConnection->query('SELECT *
FROM `artikel`', [], false)
 3 SYSTEMPATH\Model.php(254): CodeIgniter\Database\BaseBuilder->get()
 4 SYSTEMPATH\BaseModel.php(675): CodeIgniter\Model->doFindAll(0, 0)
 5 APPPATH\Controllers\Artikel.php(13): CodeIgniter\BaseModel->findAll()
 6 SYSTEMPATH\CodeIgniter.php(951): App\Controllers\Artikel->index()
 7 SYSTEMPATH\CodeIgniter.php(497): CodeIgniter\CodeIgniter->runController(Object(App\Controllers\Artikel))
 8 SYSTEMPATH\CodeIgniter.php(340): CodeIgniter\CodeIgniter->handleRequest(null, Object(Config\Cache), false)
 9 SYSTEMPATH\Boot.php(417): CodeIgniter\CodeIgniter->run()
10 SYSTEMPATH\Boot.php(68): CodeIgniter\Boot::runCodeIgniter(Object(CodeIgniter\CodeIgniter))
11 FCPATH\index.php(59): CodeIgniter\Boot::bootWeb(Object(Config\Paths))
12 SYSTEMPATH\rewrite.php(44): require_once('C:\\xampp\\htdocs\\lab11_ci\\ci4\\public\\index.php')
ERROR - 2026-03-08 02:59:12 --> Error connecting to the database: mysqli_sql_exception: Access denied for user ''@'localhost' (using password: NO) in C:\xampp\htdocs\lab11_ci\ci4\system\Database\MySQLi\Connection.php:201
Stack trace:
#0 C:\xampp\htdocs\lab11_ci\ci4\system\Database\MySQLi\Connection.php(201): mysqli->real_connect('localhost', '', Object(SensitiveParameterValue), '', 3306, '', 0)
#1 C:\xampp\htdocs\lab11_ci\ci4\system\Database\BaseConnection.php(419): CodeIgniter\Database\MySQLi\Connection->connect(false)
#2 C:\xampp\htdocs\lab11_ci\ci4\system\Database\BaseConnection.php(654): CodeIgniter\Database\BaseConnection->initialize()
#3 C:\xampp\htdocs\lab11_ci\ci4\system\Database\BaseBuilder.php(1649): CodeIgniter\Database\BaseConnection->query('SELECT *\nFROM `...', Array, false)
#4 C:\xampp\htdocs\lab11_ci\ci4\system\Model.php(254): CodeIgniter\Database\BaseBuilder->get()
#5 C:\xampp\htdocs\lab11_ci\ci4\system\BaseModel.php(675): CodeIgniter\Model->doFindAll(0, 0)
#6 C:\xampp\htdocs\lab11_ci\ci4\app\Controllers\Artikel.php(13): CodeIgniter\BaseModel->findAll()
#7 C:\xampp\htdocs\lab11_ci\ci4\system\CodeIgniter.php(951): App\Controllers\Artikel->index()
#8 C:\xampp\htdocs\lab11_ci\ci4\system\CodeIgniter.php(497): CodeIgniter\CodeIgniter->runController(Object(App\Controllers\Artikel))
#9 C:\xampp\htdocs\lab11_ci\ci4\system\CodeIgniter.php(340): CodeIgniter\CodeIgniter->handleRequest(NULL, Object(Config\Cache), false)
#10 C:\xampp\htdocs\lab11_ci\ci4\system\Boot.php(417): CodeIgniter\CodeIgniter->run()
#11 C:\xampp\htdocs\lab11_ci\ci4\system\Boot.php(68): CodeIgniter\Boot::runCodeIgniter(Object(CodeIgniter\CodeIgniter))
#12 C:\xampp\htdocs\lab11_ci\ci4\public\index.php(59): CodeIgniter\Boot::bootWeb(Object(Config\Paths))
#13 C:\xampp\htdocs\lab11_ci\ci4\system\rewrite.php(44): require_once('C:\\xampp\\htdocs...')
#14 {main}

Next CodeIgniter\Database\Exceptions\DatabaseException: Access denied for user ''@'localhost' (using password: NO) in C:\xampp\htdocs\lab11_ci\ci4\system\Database\MySQLi\Connection.php:231
Stack trace:
#0 C:\xampp\htdocs\lab11_ci\ci4\system\Database\BaseConnection.php(419): CodeIgniter\Database\MySQLi\Connection->connect(false)
#1 C:\xampp\htdocs\lab11_ci\ci4\system\Database\BaseConnection.php(654): CodeIgniter\Database\BaseConnection->initialize()
#2 C:\xampp\htdocs\lab11_ci\ci4\system\Database\BaseBuilder.php(1649): CodeIgniter\Database\BaseConnection->query('SELECT *\nFROM `...', Array, false)
#3 C:\xampp\htdocs\lab11_ci\ci4\system\Model.php(254): CodeIgniter\Database\BaseBuilder->get()
#4 C:\xampp\htdocs\lab11_ci\ci4\system\BaseModel.php(675): CodeIgniter\Model->doFindAll(0, 0)
#5 C:\xampp\htdocs\lab11_ci\ci4\app\Controllers\Artikel.php(13): CodeIgniter\BaseModel->findAll()
#6 C:\xampp\htdocs\lab11_ci\ci4\system\CodeIgniter.php(951): App\Controllers\Artikel->index()
#7 C:\xampp\htdocs\lab11_ci\ci4\system\CodeIgniter.php(497): CodeIgniter\CodeIgniter->runController(Object(App\Controllers\Artikel))
#8 C:\xampp\htdocs\lab11_ci\ci4\system\CodeIgniter.php(340): CodeIgniter\CodeIgniter->handleRequest(NULL, Object(Config\Cache), false)
#9 C:\xampp\htdocs\lab11_ci\ci4\system\Boot.php(417): CodeIgniter\CodeIgniter->run()
#10 C:\xampp\htdocs\lab11_ci\ci4\system\Boot.php(68): CodeIgniter\Boot::runCodeIgniter(Object(CodeIgniter\CodeIgniter))
#11 C:\xampp\htdocs\lab11_ci\ci4\public\index.php(59): CodeIgniter\Boot::bootWeb(Object(Config\Paths))
#12 C:\xampp\htdocs\lab11_ci\ci4\system\rewrite.php(44): require_once('C:\\xampp\\htdocs...')
#13 {main}
CRITICAL - 2026-03-08 02:59:12 --> CodeIgniter\Database\Exceptions\DatabaseException: Unable to connect to the database.
Main connection [MySQLi]: Access denied for user ''@'localhost' (using password: NO)
[Method: GET, Route: artikel]
in SYSTEMPATH\Database\BaseConnection.php on line 465.
 1 SYSTEMPATH\Database\BaseConnection.php(654): CodeIgniter\Database\BaseConnection->initialize()
 2 SYSTEMPATH\Database\BaseBuilder.php(1649): CodeIgniter\Database\BaseConnection->query('SELECT *
FROM `artikel`', [], false)
 3 SYSTEMPATH\Model.php(254): CodeIgniter\Database\BaseBuilder->get()
 4 SYSTEMPATH\BaseModel.php(675): CodeIgniter\Model->doFindAll(0, 0)
 5 APPPATH\Controllers\Artikel.php(13): CodeIgniter\BaseModel->findAll()
 6 SYSTEMPATH\CodeIgniter.php(951): App\Controllers\Artikel->index()
 7 SYSTEMPATH\CodeIgniter.php(497): CodeIgniter\CodeIgniter->runController(Object(App\Controllers\Artikel))
 8 SYSTEMPATH\CodeIgniter.php(340): CodeIgniter\CodeIgniter->handleRequest(null, Object(Config\Cache), false)
 9 SYSTEMPATH\Boot.php(417): CodeIgniter\CodeIgniter->run()
10 SYSTEMPATH\Boot.php(68): CodeIgniter\Boot::runCodeIgniter(Object(CodeIgniter\CodeIgniter))
11 FCPATH\index.php(59): CodeIgniter\Boot::bootWeb(Object(Config\Paths))
12 SYSTEMPATH\rewrite.php(44): require_once('C:\\xampp\\htdocs\\lab11_ci\\ci4\\public\\index.php')
ERROR - 2026-03-08 02:59:12 --> Error connecting to the database: mysqli_sql_exception: Access denied for user ''@'localhost' (using password: NO) in C:\xampp\htdocs\lab11_ci\ci4\system\Database\MySQLi\Connection.php:201
Stack trace:
#0 C:\xampp\htdocs\lab11_ci\ci4\system\Database\MySQLi\Connection.php(201): mysqli->real_connect('localhost', '', Object(SensitiveParameterValue), '', 3306, '', 0)
#1 C:\xampp\htdocs\lab11_ci\ci4\system\Database\BaseConnection.php(419): CodeIgniter\Database\MySQLi\Connection->connect(false)
#2 C:\xampp\htdocs\lab11_ci\ci4\system\Database\BaseConnection.php(654): CodeIgniter\Database\BaseConnection->initialize()
#3 C:\xampp\htdocs\lab11_ci\ci4\system\Database\BaseBuilder.php(1649): CodeIgniter\Database\BaseConnection->query('SELECT *\nFROM `...', Array, false)
#4 C:\xampp\htdocs\lab11_ci\ci4\system\Model.php(254): CodeIgniter\Database\BaseBuilder->get()
#5 C:\xampp\htdocs\lab11_ci\ci4\system\BaseModel.php(675): CodeIgniter\Model->doFindAll(0, 0)
#6 C:\xampp\htdocs\lab11_ci\ci4\app\Controllers\Artikel.php(13): CodeIgniter\BaseModel->findAll()
#7 C:\xampp\htdocs\lab11_ci\ci4\system\CodeIgniter.php(951): App\Controllers\Artikel->index()
#8 C:\xampp\htdocs\lab11_ci\ci4\system\CodeIgniter.php(497): CodeIgniter\CodeIgniter->runController(Object(App\Controllers\Artikel))
#9 C:\xampp\htdocs\lab11_ci\ci4\system\CodeIgniter.php(340): CodeIgniter\CodeIgniter->handleRequest(NULL, Object(Config\Cache), false)
#10 C:\xampp\htdocs\lab11_ci\ci4\system\Boot.php(417): CodeIgniter\CodeIgniter->run()
#11 C:\xampp\htdocs\lab11_ci\ci4\system\Boot.php(68): CodeIgniter\Boot::runCodeIgniter(Object(CodeIgniter\CodeIgniter))
#12 C:\xampp\htdocs\lab11_ci\ci4\public\index.php(59): CodeIgniter\Boot::bootWeb(Object(Config\Paths))
#13 C:\xampp\htdocs\lab11_ci\ci4\system\rewrite.php(44): require_once('C:\\xampp\\htdocs...')
#14 {main}

Next CodeIgniter\Database\Exceptions\DatabaseException: Access denied for user ''@'localhost' (using password: NO) in C:\xampp\htdocs\lab11_ci\ci4\system\Database\MySQLi\Connection.php:231
Stack trace:
#0 C:\xampp\htdocs\lab11_ci\ci4\system\Database\BaseConnection.php(419): CodeIgniter\Database\MySQLi\Connection->connect(false)
#1 C:\xampp\htdocs\lab11_ci\ci4\system\Database\BaseConnection.php(654): CodeIgniter\Database\BaseConnection->initialize()
#2 C:\xampp\htdocs\lab11_ci\ci4\system\Database\BaseBuilder.php(1649): CodeIgniter\Database\BaseConnection->query('SELECT *\nFROM `...', Array, false)
#3 C:\xampp\htdocs\lab11_ci\ci4\system\Model.php(254): CodeIgniter\Database\BaseBuilder->get()
#4 C:\xampp\htdocs\lab11_ci\ci4\system\BaseModel.php(675): CodeIgniter\Model->doFindAll(0, 0)
#5 C:\xampp\htdocs\lab11_ci\ci4\app\Controllers\Artikel.php(13): CodeIgniter\BaseModel->findAll()
#6 C:\xampp\htdocs\lab11_ci\ci4\system\CodeIgniter.php(951): App\Controllers\Artikel->index()
#7 C:\xampp\htdocs\lab11_ci\ci4\system\CodeIgniter.php(497): CodeIgniter\CodeIgniter->runController(Object(App\Controllers\Artikel))
#8 C:\xampp\htdocs\lab11_ci\ci4\system\CodeIgniter.php(340): CodeIgniter\CodeIgniter->handleRequest(NULL, Object(Config\Cache), false)
#9 C:\xampp\htdocs\lab11_ci\ci4\system\Boot.php(417): CodeIgniter\CodeIgniter->run()
#10 C:\xampp\htdocs\lab11_ci\ci4\system\Boot.php(68): CodeIgniter\Boot::runCodeIgniter(Object(CodeIgniter\CodeIgniter))
#11 C:\xampp\htdocs\lab11_ci\ci4\public\index.php(59): CodeIgniter\Boot::bootWeb(Object(Config\Paths))
#12 C:\xampp\htdocs\lab11_ci\ci4\system\rewrite.php(44): require_once('C:\\xampp\\htdocs...')
#13 {main}
CRITICAL - 2026-03-08 02:59:12 --> CodeIgniter\Database\Exceptions\DatabaseException: Unable to connect to the database.
Main connection [MySQLi]: Access denied for user ''@'localhost' (using password: NO)
[Method: GET, Route: artikel]
in SYSTEMPATH\Database\BaseConnection.php on line 465.
 1 SYSTEMPATH\Database\BaseConnection.php(654): CodeIgniter\Database\BaseConnection->initialize()
 2 SYSTEMPATH\Database\BaseBuilder.php(1649): CodeIgniter\Database\BaseConnection->query('SELECT *
FROM `artikel`', [], false)
 3 SYSTEMPATH\Model.php(254): CodeIgniter\Database\BaseBuilder->get()
 4 SYSTEMPATH\BaseModel.php(675): CodeIgniter\Model->doFindAll(0, 0)
 5 APPPATH\Controllers\Artikel.php(13): CodeIgniter\BaseModel->findAll()
 6 SYSTEMPATH\CodeIgniter.php(951): App\Controllers\Artikel->index()
 7 SYSTEMPATH\CodeIgniter.php(497): CodeIgniter\CodeIgniter->runController(Object(App\Controllers\Artikel))
 8 SYSTEMPATH\CodeIgniter.php(340): CodeIgniter\CodeIgniter->handleRequest(null, Object(Config\Cache), false)
 9 SYSTEMPATH\Boot.php(417): CodeIgniter\CodeIgniter->run()
10 SYSTEMPATH\Boot.php(68): CodeIgniter\Boot::runCodeIgniter(Object(CodeIgniter\CodeIgniter))
11 FCPATH\index.php(59): CodeIgniter\Boot::bootWeb(Object(Config\Paths))
12 SYSTEMPATH\rewrite.php(44): require_once('C:\\xampp\\htdocs\\lab11_ci\\ci4\\public\\index.php')
ERROR - 2026-03-08 02:59:30 --> Error connecting to the database: mysqli_sql_exception: Access denied for user ''@'localhost' (using password: NO) in C:\xampp\htdocs\lab11_ci\ci4\system\Database\MySQLi\Connection.php:201
Stack trace:
#0 C:\xampp\htdocs\lab11_ci\ci4\system\Database\MySQLi\Connection.php(201): mysqli->real_connect('localhost', '', Object(SensitiveParameterValue), '', 3306, '', 0)
#1 C:\xampp\htdocs\lab11_ci\ci4\system\Database\BaseConnection.php(419): CodeIgniter\Database\MySQLi\Connection->connect(false)
#2 C:\xampp\htdocs\lab11_ci\ci4\system\Database\BaseConnection.php(654): CodeIgniter\Database\BaseConnection->initialize()
#3 C:\xampp\htdocs\lab11_ci\ci4\system\Database\BaseBuilder.php(1649): CodeIgniter\Database\BaseConnection->query('SELECT *\nFROM `...', Array, false)
#4 C:\xampp\htdocs\lab11_ci\ci4\system\Model.php(254): CodeIgniter\Database\BaseBuilder->get()
#5 C:\xampp\htdocs\lab11_ci\ci4\system\BaseModel.php(675): CodeIgniter\Model->doFindAll(0, 0)
#6 C:\xampp\htdocs\lab11_ci\ci4\app\Controllers\Artikel.php(13): CodeIgniter\BaseModel->findAll()
#7 C:\xampp\htdocs\lab11_ci\ci4\system\CodeIgniter.php(951): App\Controllers\Artikel->index()
#8 C:\xampp\htdocs\lab11_ci\ci4\system\CodeIgniter.php(497): CodeIgniter\CodeIgniter->runController(Object(App\Controllers\Artikel))
#9 C:\xampp\htdocs\lab11_ci\ci4\system\CodeIgniter.php(340): CodeIgniter\CodeIgniter->handleRequest(NULL, Object(Config\Cache), false)
#10 C:\xampp\htdocs\lab11_ci\ci4\system\Boot.php(417): CodeIgniter\CodeIgniter->run()
#11 C:\xampp\htdocs\lab11_ci\ci4\system\Boot.php(68): CodeIgniter\Boot::runCodeIgniter(Object(CodeIgniter\CodeIgniter))
#12 C:\xampp\htdocs\lab11_ci\ci4\public\index.php(59): CodeIgniter\Boot::bootWeb(Object(Config\Paths))
#13 C:\xampp\htdocs\lab11_ci\ci4\system\rewrite.php(44): require_once('C:\\xampp\\htdocs...')
#14 {main}

Next CodeIgniter\Database\Exceptions\DatabaseException: Access denied for user ''@'localhost' (using password: NO) in C:\xampp\htdocs\lab11_ci\ci4\system\Database\MySQLi\Connection.php:231
Stack trace:
#0 C:\xampp\htdocs\lab11_ci\ci4\system\Database\BaseConnection.php(419): CodeIgniter\Database\MySQLi\Connection->connect(false)
#1 C:\xampp\htdocs\lab11_ci\ci4\system\Database\BaseConnection.php(654): CodeIgniter\Database\BaseConnection->initialize()
#2 C:\xampp\htdocs\lab11_ci\ci4\system\Database\BaseBuilder.php(1649): CodeIgniter\Database\BaseConnection->query('SELECT *\nFROM `...', Array, false)
#3 C:\xampp\htdocs\lab11_ci\ci4\system\Model.php(254): CodeIgniter\Database\BaseBuilder->get()
#4 C:\xampp\htdocs\lab11_ci\ci4\system\BaseModel.php(675): CodeIgniter\Model->doFindAll(0, 0)
#5 C:\xampp\htdocs\lab11_ci\ci4\app\Controllers\Artikel.php(13): CodeIgniter\BaseModel->findAll()
#6 C:\xampp\htdocs\lab11_ci\ci4\system\CodeIgniter.php(951): App\Controllers\Artikel->index()
#7 C:\xampp\htdocs\lab11_ci\ci4\system\CodeIgniter.php(497): CodeIgniter\CodeIgniter->runController(Object(App\Controllers\Artikel))
#8 C:\xampp\htdocs\lab11_ci\ci4\system\CodeIgniter.php(340): CodeIgniter\CodeIgniter->handleRequest(NULL, Object(Config\Cache), false)
#9 C:\xampp\htdocs\lab11_ci\ci4\system\Boot.php(417): CodeIgniter\CodeIgniter->run()
#10 C:\xampp\htdocs\lab11_ci\ci4\system\Boot.php(68): CodeIgniter\Boot::runCodeIgniter(Object(CodeIgniter\CodeIgniter))
#11 C:\xampp\htdocs\lab11_ci\ci4\public\index.php(59): CodeIgniter\Boot::bootWeb(Object(Config\Paths))
#12 C:\xampp\htdocs\lab11_ci\ci4\system\rewrite.php(44): require_once('C:\\xampp\\htdocs...')
#13 {main}
CRITICAL - 2026-03-08 02:59:30 --> CodeIgniter\Database\Exceptions\DatabaseException: Unable to connect to the database.
Main connection [MySQLi]: Access denied for user ''@'localhost' (using password: NO)
[Method: GET, Route: artikel]
in SYSTEMPATH\Database\BaseConnection.php on line 465.
 1 SYSTEMPATH\Database\BaseConnection.php(654): CodeIgniter\Database\BaseConnection->initialize()
 2 SYSTEMPATH\Database\BaseBuilder.php(1649): CodeIgniter\Database\BaseConnection->query('SELECT *
FROM `artikel`', [], false)
 3 SYSTEMPATH\Model.php(254): CodeIgniter\Database\BaseBuilder->get()
 4 SYSTEMPATH\BaseModel.php(675): CodeIgniter\Model->doFindAll(0, 0)
 5 APPPATH\Controllers\Artikel.php(13): CodeIgniter\BaseModel->findAll()
 6 SYSTEMPATH\CodeIgniter.php(951): App\Controllers\Artikel->index()
 7 SYSTEMPATH\CodeIgniter.php(497): CodeIgniter\CodeIgniter->runController(Object(App\Controllers\Artikel))
 8 SYSTEMPATH\CodeIgniter.php(340): CodeIgniter\CodeIgniter->handleRequest(null, Object(Config\Cache), false)
 9 SYSTEMPATH\Boot.php(417): CodeIgniter\CodeIgniter->run()
10 SYSTEMPATH\Boot.php(68): CodeIgniter\Boot::runCodeIgniter(Object(CodeIgniter\CodeIgniter))
11 FCPATH\index.php(59): CodeIgniter\Boot::bootWeb(Object(Config\Paths))
12 SYSTEMPATH\rewrite.php(44): require_once('C:\\xampp\\htdocs\\lab11_ci\\ci4\\public\\index.php')
ERROR - 2026-03-08 02:59:31 --> Error connecting to the database: mysqli_sql_exception: Access denied for user ''@'localhost' (using password: NO) in C:\xampp\htdocs\lab11_ci\ci4\system\Database\MySQLi\Connection.php:201
Stack trace:
#0 C:\xampp\htdocs\lab11_ci\ci4\system\Database\MySQLi\Connection.php(201): mysqli->real_connect('localhost', '', Object(SensitiveParameterValue), '', 3306, '', 0)
#1 C:\xampp\htdocs\lab11_ci\ci4\system\Database\BaseConnection.php(419): CodeIgniter\Database\MySQLi\Connection->connect(false)
#2 C:\xampp\htdocs\lab11_ci\ci4\system\Database\BaseConnection.php(654): CodeIgniter\Database\BaseConnection->initialize()
#3 C:\xampp\htdocs\lab11_ci\ci4\system\Database\BaseBuilder.php(1649): CodeIgniter\Database\BaseConnection->query('SELECT *\nFROM `...', Array, false)
#4 C:\xampp\htdocs\lab11_ci\ci4\system\Model.php(254): CodeIgniter\Database\BaseBuilder->get()
#5 C:\xampp\htdocs\lab11_ci\ci4\system\BaseModel.php(675): CodeIgniter\Model->doFindAll(0, 0)
#6 C:\xampp\htdocs\lab11_ci\ci4\app\Controllers\Artikel.php(13): CodeIgniter\BaseModel->findAll()
#7 C:\xampp\htdocs\lab11_ci\ci4\system\CodeIgniter.php(951): App\Controllers\Artikel->index()
#8 C:\xampp\htdocs\lab11_ci\ci4\system\CodeIgniter.php(497): CodeIgniter\CodeIgniter->runController(Object(App\Controllers\Artikel))
#9 C:\xampp\htdocs\lab11_ci\ci4\system\CodeIgniter.php(340): CodeIgniter\CodeIgniter->handleRequest(NULL, Object(Config\Cache), false)
#10 C:\xampp\htdocs\lab11_ci\ci4\system\Boot.php(417): CodeIgniter\CodeIgniter->run()
#11 C:\xampp\htdocs\lab11_ci\ci4\system\Boot.php(68): CodeIgniter\Boot::runCodeIgniter(Object(CodeIgniter\CodeIgniter))
#12 C:\xampp\htdocs\lab11_ci\ci4\public\index.php(59): CodeIgniter\Boot::bootWeb(Object(Config\Paths))
#13 C:\xampp\htdocs\lab11_ci\ci4\system\rewrite.php(44): require_once('C:\\xampp\\htdocs...')
#14 {main}

Next CodeIgniter\Database\Exceptions\DatabaseException: Access denied for user ''@'localhost' (using password: NO) in C:\xampp\htdocs\lab11_ci\ci4\system\Database\MySQLi\Connection.php:231
Stack trace:
#0 C:\xampp\htdocs\lab11_ci\ci4\system\Database\BaseConnection.php(419): CodeIgniter\Database\MySQLi\Connection->connect(false)
#1 C:\xampp\htdocs\lab11_ci\ci4\system\Database\BaseConnection.php(654): CodeIgniter\Database\BaseConnection->initialize()
#2 C:\xampp\htdocs\lab11_ci\ci4\system\Database\BaseBuilder.php(1649): CodeIgniter\Database\BaseConnection->query('SELECT *\nFROM `...', Array, false)
#3 C:\xampp\htdocs\lab11_ci\ci4\system\Model.php(254): CodeIgniter\Database\BaseBuilder->get()
#4 C:\xampp\htdocs\lab11_ci\ci4\system\BaseModel.php(675): CodeIgniter\Model->doFindAll(0, 0)
#5 C:\xampp\htdocs\lab11_ci\ci4\app\Controllers\Artikel.php(13): CodeIgniter\BaseModel->findAll()
#6 C:\xampp\htdocs\lab11_ci\ci4\system\CodeIgniter.php(951): App\Controllers\Artikel->index()
#7 C:\xampp\htdocs\lab11_ci\ci4\system\CodeIgniter.php(497): CodeIgniter\CodeIgniter->runController(Object(App\Controllers\Artikel))
#8 C:\xampp\htdocs\lab11_ci\ci4\system\CodeIgniter.php(340): CodeIgniter\CodeIgniter->handleRequest(NULL, Object(Config\Cache), false)
#9 C:\xampp\htdocs\lab11_ci\ci4\system\Boot.php(417): CodeIgniter\CodeIgniter->run()
#10 C:\xampp\htdocs\lab11_ci\ci4\system\Boot.php(68): CodeIgniter\Boot::runCodeIgniter(Object(CodeIgniter\CodeIgniter))
#11 C:\xampp\htdocs\lab11_ci\ci4\public\index.php(59): CodeIgniter\Boot::bootWeb(Object(Config\Paths))
#12 C:\xampp\htdocs\lab11_ci\ci4\system\rewrite.php(44): require_once('C:\\xampp\\htdocs...')
#13 {main}
CRITICAL - 2026-03-08 02:59:31 --> CodeIgniter\Database\Exceptions\DatabaseException: Unable to connect to the database.
Main connection [MySQLi]: Access denied for user ''@'localhost' (using password: NO)
[Method: GET, Route: artikel]
in SYSTEMPATH\Database\BaseConnection.php on line 465.
 1 SYSTEMPATH\Database\BaseConnection.php(654): CodeIgniter\Database\BaseConnection->initialize()
 2 SYSTEMPATH\Database\BaseBuilder.php(1649): CodeIgniter\Database\BaseConnection->query('SELECT *
FROM `artikel`', [], false)
 3 SYSTEMPATH\Model.php(254): CodeIgniter\Database\BaseBuilder->get()
 4 SYSTEMPATH\BaseModel.php(675): CodeIgniter\Model->doFindAll(0, 0)
 5 APPPATH\Controllers\Artikel.php(13): CodeIgniter\BaseModel->findAll()
 6 SYSTEMPATH\CodeIgniter.php(951): App\Controllers\Artikel->index()
 7 SYSTEMPATH\CodeIgniter.php(497): CodeIgniter\CodeIgniter->runController(Object(App\Controllers\Artikel))
 8 SYSTEMPATH\CodeIgniter.php(340): CodeIgniter\CodeIgniter->handleRequest(null, Object(Config\Cache), false)
 9 SYSTEMPATH\Boot.php(417): CodeIgniter\CodeIgniter->run()
10 SYSTEMPATH\Boot.php(68): CodeIgniter\Boot::runCodeIgniter(Object(CodeIgniter\CodeIgniter))
11 FCPATH\index.php(59): CodeIgniter\Boot::bootWeb(Object(Config\Paths))
12 SYSTEMPATH\rewrite.php(44): require_once('C:\\xampp\\htdocs\\lab11_ci\\ci4\\public\\index.php')
ERROR - 2026-03-08 02:59:31 --> Error connecting to the database: mysqli_sql_exception: Access denied for user ''@'localhost' (using password: NO) in C:\xampp\htdocs\lab11_ci\ci4\system\Database\MySQLi\Connection.php:201
Stack trace:
#0 C:\xampp\htdocs\lab11_ci\ci4\system\Database\MySQLi\Connection.php(201): mysqli->real_connect('localhost', '', Object(SensitiveParameterValue), '', 3306, '', 0)
#1 C:\xampp\htdocs\lab11_ci\ci4\system\Database\BaseConnection.php(419): CodeIgniter\Database\MySQLi\Connection->connect(false)
#2 C:\xampp\htdocs\lab11_ci\ci4\system\Database\BaseConnection.php(654): CodeIgniter\Database\BaseConnection->initialize()
#3 C:\xampp\htdocs\lab11_ci\ci4\system\Database\BaseBuilder.php(1649): CodeIgniter\Database\BaseConnection->query('SELECT *\nFROM `...', Array, false)
#4 C:\xampp\htdocs\lab11_ci\ci4\system\Model.php(254): CodeIgniter\Database\BaseBuilder->get()
#5 C:\xampp\htdocs\lab11_ci\ci4\system\BaseModel.php(675): CodeIgniter\Model->doFindAll(0, 0)
#6 C:\xampp\htdocs\lab11_ci\ci4\app\Controllers\Artikel.php(13): CodeIgniter\BaseModel->findAll()
#7 C:\xampp\htdocs\lab11_ci\ci4\system\CodeIgniter.php(951): App\Controllers\Artikel->index()
#8 C:\xampp\htdocs\lab11_ci\ci4\system\CodeIgniter.php(497): CodeIgniter\CodeIgniter->runController(Object(App\Controllers\Artikel))
#9 C:\xampp\htdocs\lab11_ci\ci4\system\CodeIgniter.php(340): CodeIgniter\CodeIgniter->handleRequest(NULL, Object(Config\Cache), false)
#10 C:\xampp\htdocs\lab11_ci\ci4\system\Boot.php(417): CodeIgniter\CodeIgniter->run()
#11 C:\xampp\htdocs\lab11_ci\ci4\system\Boot.php(68): CodeIgniter\Boot::runCodeIgniter(Object(CodeIgniter\CodeIgniter))
#12 C:\xampp\htdocs\lab11_ci\ci4\public\index.php(59): CodeIgniter\Boot::bootWeb(Object(Config\Paths))
#13 C:\xampp\htdocs\lab11_ci\ci4\system\rewrite.php(44): require_once('C:\\xampp\\htdocs...')
#14 {main}

Next CodeIgniter\Database\Exceptions\DatabaseException: Access denied for user ''@'localhost' (using password: NO) in C:\xampp\htdocs\lab11_ci\ci4\system\Database\MySQLi\Connection.php:231
Stack trace:
#0 C:\xampp\htdocs\lab11_ci\ci4\system\Database\BaseConnection.php(419): CodeIgniter\Database\MySQLi\Connection->connect(false)
#1 C:\xampp\htdocs\lab11_ci\ci4\system\Database\BaseConnection.php(654): CodeIgniter\Database\BaseConnection->initialize()
#2 C:\xampp\htdocs\lab11_ci\ci4\system\Database\BaseBuilder.php(1649): CodeIgniter\Database\BaseConnection->query('SELECT *\nFROM `...', Array, false)
#3 C:\xampp\htdocs\lab11_ci\ci4\system\Model.php(254): CodeIgniter\Database\BaseBuilder->get()
#4 C:\xampp\htdocs\lab11_ci\ci4\system\BaseModel.php(675): CodeIgniter\Model->doFindAll(0, 0)
#5 C:\xampp\htdocs\lab11_ci\ci4\app\Controllers\Artikel.php(13): CodeIgniter\BaseModel->findAll()
#6 C:\xampp\htdocs\lab11_ci\ci4\system\CodeIgniter.php(951): App\Controllers\Artikel->index()
#7 C:\xampp\htdocs\lab11_ci\ci4\system\CodeIgniter.php(497): CodeIgniter\CodeIgniter->runController(Object(App\Controllers\Artikel))
#8 C:\xampp\htdocs\lab11_ci\ci4\system\CodeIgniter.php(340): CodeIgniter\CodeIgniter->handleRequest(NULL, Object(Config\Cache), false)
#9 C:\xampp\htdocs\lab11_ci\ci4\system\Boot.php(417): CodeIgniter\CodeIgniter->run()
#10 C:\xampp\htdocs\lab11_ci\ci4\system\Boot.php(68): CodeIgniter\Boot::runCodeIgniter(Object(CodeIgniter\CodeIgniter))
#11 C:\xampp\htdocs\lab11_ci\ci4\public\index.php(59): CodeIgniter\Boot::bootWeb(Object(Config\Paths))
#12 C:\xampp\htdocs\lab11_ci\ci4\system\rewrite.php(44): require_once('C:\\xampp\\htdocs...')
#13 {main}
CRITICAL - 2026-03-08 02:59:31 --> CodeIgniter\Database\Exceptions\DatabaseException: Unable to connect to the database.
Main connection [MySQLi]: Access denied for user ''@'localhost' (using password: NO)
[Method: GET, Route: artikel]
in SYSTEMPATH\Database\BaseConnection.php on line 465.
 1 SYSTEMPATH\Database\BaseConnection.php(654): CodeIgniter\Database\BaseConnection->initialize()
 2 SYSTEMPATH\Database\BaseBuilder.php(1649): CodeIgniter\Database\BaseConnection->query('SELECT *
FROM `artikel`', [], false)
 3 SYSTEMPATH\Model.php(254): CodeIgniter\Database\BaseBuilder->get()
 4 SYSTEMPATH\BaseModel.php(675): CodeIgniter\Model->doFindAll(0, 0)
 5 APPPATH\Controllers\Artikel.php(13): CodeIgniter\BaseModel->findAll()
 6 SYSTEMPATH\CodeIgniter.php(951): App\Controllers\Artikel->index()
 7 SYSTEMPATH\CodeIgniter.php(497): CodeIgniter\CodeIgniter->runController(Object(App\Controllers\Artikel))
 8 SYSTEMPATH\CodeIgniter.php(340): CodeIgniter\CodeIgniter->handleRequest(null, Object(Config\Cache), false)
 9 SYSTEMPATH\Boot.php(417): CodeIgniter\CodeIgniter->run()
10 SYSTEMPATH\Boot.php(68): CodeIgniter\Boot::runCodeIgniter(Object(CodeIgniter\CodeIgniter))
11 FCPATH\index.php(59): CodeIgniter\Boot::bootWeb(Object(Config\Paths))
12 SYSTEMPATH\rewrite.php(44): require_once('C:\\xampp\\htdocs\\lab11_ci\\ci4\\public\\index.php')
ERROR - 2026-03-08 02:59:31 --> Error connecting to the database: mysqli_sql_exception: Access denied for user ''@'localhost' (using password: NO) in C:\xampp\htdocs\lab11_ci\ci4\system\Database\MySQLi\Connection.php:201
Stack trace:
#0 C:\xampp\htdocs\lab11_ci\ci4\system\Database\MySQLi\Connection.php(201): mysqli->real_connect('localhost', '', Object(SensitiveParameterValue), '', 3306, '', 0)
#1 C:\xampp\htdocs\lab11_ci\ci4\system\Database\BaseConnection.php(419): CodeIgniter\Database\MySQLi\Connection->connect(false)
#2 C:\xampp\htdocs\lab11_ci\ci4\system\Database\BaseConnection.php(654): CodeIgniter\Database\BaseConnection->initialize()
#3 C:\xampp\htdocs\lab11_ci\ci4\system\Database\BaseBuilder.php(1649): CodeIgniter\Database\BaseConnection->query('SELECT *\nFROM `...', Array, false)
#4 C:\xampp\htdocs\lab11_ci\ci4\system\Model.php(254): CodeIgniter\Database\BaseBuilder->get()
#5 C:\xampp\htdocs\lab11_ci\ci4\system\BaseModel.php(675): CodeIgniter\Model->doFindAll(0, 0)
#6 C:\xampp\htdocs\lab11_ci\ci4\app\Controllers\Artikel.php(13): CodeIgniter\BaseModel->findAll()
#7 C:\xampp\htdocs\lab11_ci\ci4\system\CodeIgniter.php(951): App\Controllers\Artikel->index()
#8 C:\xampp\htdocs\lab11_ci\ci4\system\CodeIgniter.php(497): CodeIgniter\CodeIgniter->runController(Object(App\Controllers\Artikel))
#9 C:\xampp\htdocs\lab11_ci\ci4\system\CodeIgniter.php(340): CodeIgniter\CodeIgniter->handleRequest(NULL, Object(Config\Cache), false)
#10 C:\xampp\htdocs\lab11_ci\ci4\system\Boot.php(417): CodeIgniter\CodeIgniter->run()
#11 C:\xampp\htdocs\lab11_ci\ci4\system\Boot.php(68): CodeIgniter\Boot::runCodeIgniter(Object(CodeIgniter\CodeIgniter))
#12 C:\xampp\htdocs\lab11_ci\ci4\public\index.php(59): CodeIgniter\Boot::bootWeb(Object(Config\Paths))
#13 C:\xampp\htdocs\lab11_ci\ci4\system\rewrite.php(44): require_once('C:\\xampp\\htdocs...')
#14 {main}

Next CodeIgniter\Database\Exceptions\DatabaseException: Access denied for user ''@'localhost' (using password: NO) in C:\xampp\htdocs\lab11_ci\ci4\system\Database\MySQLi\Connection.php:231
Stack trace:
#0 C:\xampp\htdocs\lab11_ci\ci4\system\Database\BaseConnection.php(419): CodeIgniter\Database\MySQLi\Connection->connect(false)
#1 C:\xampp\htdocs\lab11_ci\ci4\system\Database\BaseConnection.php(654): CodeIgniter\Database\BaseConnection->initialize()
#2 C:\xampp\htdocs\lab11_ci\ci4\system\Database\BaseBuilder.php(1649): CodeIgniter\Database\BaseConnection->query('SELECT *\nFROM `...', Array, false)
#3 C:\xampp\htdocs\lab11_ci\ci4\system\Model.php(254): CodeIgniter\Database\BaseBuilder->get()
#4 C:\xampp\htdocs\lab11_ci\ci4\system\BaseModel.php(675): CodeIgniter\Model->doFindAll(0, 0)
#5 C:\xampp\htdocs\lab11_ci\ci4\app\Controllers\Artikel.php(13): CodeIgniter\BaseModel->findAll()
#6 C:\xampp\htdocs\lab11_ci\ci4\system\CodeIgniter.php(951): App\Controllers\Artikel->index()
#7 C:\xampp\htdocs\lab11_ci\ci4\system\CodeIgniter.php(497): CodeIgniter\CodeIgniter->runController(Object(App\Controllers\Artikel))
#8 C:\xampp\htdocs\lab11_ci\ci4\system\CodeIgniter.php(340): CodeIgniter\CodeIgniter->handleRequest(NULL, Object(Config\Cache), false)
#9 C:\xampp\htdocs\lab11_ci\ci4\system\Boot.php(417): CodeIgniter\CodeIgniter->run()
#10 C:\xampp\htdocs\lab11_ci\ci4\system\Boot.php(68): CodeIgniter\Boot::runCodeIgniter(Object(CodeIgniter\CodeIgniter))
#11 C:\xampp\htdocs\lab11_ci\ci4\public\index.php(59): CodeIgniter\Boot::bootWeb(Object(Config\Paths))
#12 C:\xampp\htdocs\lab11_ci\ci4\system\rewrite.php(44): require_once('C:\\xampp\\htdocs...')
#13 {main}
CRITICAL - 2026-03-08 02:59:31 --> CodeIgniter\Database\Exceptions\DatabaseException: Unable to connect to the database.
Main connection [MySQLi]: Access denied for user ''@'localhost' (using password: NO)
[Method: GET, Route: artikel]
in SYSTEMPATH\Database\BaseConnection.php on line 465.
 1 SYSTEMPATH\Database\BaseConnection.php(654): CodeIgniter\Database\BaseConnection->initialize()
 2 SYSTEMPATH\Database\BaseBuilder.php(1649): CodeIgniter\Database\BaseConnection->query('SELECT *
FROM `artikel`', [], false)
 3 SYSTEMPATH\Model.php(254): CodeIgniter\Database\BaseBuilder->get()
 4 SYSTEMPATH\BaseModel.php(675): CodeIgniter\Model->doFindAll(0, 0)
 5 APPPATH\Controllers\Artikel.php(13): CodeIgniter\BaseModel->findAll()
 6 SYSTEMPATH\CodeIgniter.php(951): App\Controllers\Artikel->index()
 7 SYSTEMPATH\CodeIgniter.php(497): CodeIgniter\CodeIgniter->runController(Object(App\Controllers\Artikel))
 8 SYSTEMPATH\CodeIgniter.php(340): CodeIgniter\CodeIgniter->handleRequest(null, Object(Config\Cache), false)
 9 SYSTEMPATH\Boot.php(417): CodeIgniter\CodeIgniter->run()
10 SYSTEMPATH\Boot.php(68): CodeIgniter\Boot::runCodeIgniter(Object(CodeIgniter\CodeIgniter))
11 FCPATH\index.php(59): CodeIgniter\Boot::bootWeb(Object(Config\Paths))
12 SYSTEMPATH\rewrite.php(44): require_once('C:\\xampp\\htdocs\\lab11_ci\\ci4\\public\\index.php')
ERROR - 2026-03-08 03:00:18 --> Error connecting to the database: mysqli_sql_exception: Access denied for user ''@'localhost' (using password: NO) in C:\xampp\htdocs\lab11_ci\ci4\system\Database\MySQLi\Connection.php:201
Stack trace:
#0 C:\xampp\htdocs\lab11_ci\ci4\system\Database\MySQLi\Connection.php(201): mysqli->real_connect('localhost', '', Object(SensitiveParameterValue), '', 3306, '', 0)
#1 C:\xampp\htdocs\lab11_ci\ci4\system\Database\BaseConnection.php(419): CodeIgniter\Database\MySQLi\Connection->connect(false)
#2 C:\xampp\htdocs\lab11_ci\ci4\system\Database\BaseConnection.php(654): CodeIgniter\Database\BaseConnection->initialize()
#3 C:\xampp\htdocs\lab11_ci\ci4\system\Database\BaseBuilder.php(1649): CodeIgniter\Database\BaseConnection->query('SELECT *\nFROM `...', Array, false)
#4 C:\xampp\htdocs\lab11_ci\ci4\system\Model.php(254): CodeIgniter\Database\BaseBuilder->get()
#5 C:\xampp\htdocs\lab11_ci\ci4\system\BaseModel.php(675): CodeIgniter\Model->doFindAll(0, 0)
#6 C:\xampp\htdocs\lab11_ci\ci4\app\Controllers\Artikel.php(13): CodeIgniter\BaseModel->findAll()
#7 C:\xampp\htdocs\lab11_ci\ci4\system\CodeIgniter.php(951): App\Controllers\Artikel->index()
#8 C:\xampp\htdocs\lab11_ci\ci4\system\CodeIgniter.php(497): CodeIgniter\CodeIgniter->runController(Object(App\Controllers\Artikel))
#9 C:\xampp\htdocs\lab11_ci\ci4\system\CodeIgniter.php(340): CodeIgniter\CodeIgniter->handleRequest(NULL, Object(Config\Cache), false)
#10 C:\xampp\htdocs\lab11_ci\ci4\system\Boot.php(417): CodeIgniter\CodeIgniter->run()
#11 C:\xampp\htdocs\lab11_ci\ci4\system\Boot.php(68): CodeIgniter\Boot::runCodeIgniter(Object(CodeIgniter\CodeIgniter))
#12 C:\xampp\htdocs\lab11_ci\ci4\public\index.php(59): CodeIgniter\Boot::bootWeb(Object(Config\Paths))
#13 C:\xampp\htdocs\lab11_ci\ci4\system\rewrite.php(44): require_once('C:\\xampp\\htdocs...')
#14 {main}

Next CodeIgniter\Database\Exceptions\DatabaseException: Access denied for user ''@'localhost' (using password: NO) in C:\xampp\htdocs\lab11_ci\ci4\system\Database\MySQLi\Connection.php:231
Stack trace:
#0 C:\xampp\htdocs\lab11_ci\ci4\system\Database\BaseConnection.php(419): CodeIgniter\Database\MySQLi\Connection->connect(false)
#1 C:\xampp\htdocs\lab11_ci\ci4\system\Database\BaseConnection.php(654): CodeIgniter\Database\BaseConnection->initialize()
#2 C:\xampp\htdocs\lab11_ci\ci4\system\Database\BaseBuilder.php(1649): CodeIgniter\Database\BaseConnection->query('SELECT *\nFROM `...', Array, false)
#3 C:\xampp\htdocs\lab11_ci\ci4\system\Model.php(254): CodeIgniter\Database\BaseBuilder->get()
#4 C:\xampp\htdocs\lab11_ci\ci4\system\BaseModel.php(675): CodeIgniter\Model->doFindAll(0, 0)
#5 C:\xampp\htdocs\lab11_ci\ci4\app\Controllers\Artikel.php(13): CodeIgniter\BaseModel->findAll()
#6 C:\xampp\htdocs\lab11_ci\ci4\system\CodeIgniter.php(951): App\Controllers\Artikel->index()
#7 C:\xampp\htdocs\lab11_ci\ci4\system\CodeIgniter.php(497): CodeIgniter\CodeIgniter->runController(Object(App\Controllers\Artikel))
#8 C:\xampp\htdocs\lab11_ci\ci4\system\CodeIgniter.php(340): CodeIgniter\CodeIgniter->handleRequest(NULL, Object(Config\Cache), false)
#9 C:\xampp\htdocs\lab11_ci\ci4\system\Boot.php(417): CodeIgniter\CodeIgniter->run()
#10 C:\xampp\htdocs\lab11_ci\ci4\system\Boot.php(68): CodeIgniter\Boot::runCodeIgniter(Object(CodeIgniter\CodeIgniter))
#11 C:\xampp\htdocs\lab11_ci\ci4\public\index.php(59): CodeIgniter\Boot::bootWeb(Object(Config\Paths))
#12 C:\xampp\htdocs\lab11_ci\ci4\system\rewrite.php(44): require_once('C:\\xampp\\htdocs...')
#13 {main}
CRITICAL - 2026-03-08 03:00:18 --> CodeIgniter\Database\Exceptions\DatabaseException: Unable to connect to the database.
Main connection [MySQLi]: Access denied for user ''@'localhost' (using password: NO)
[Method: GET, Route: artikel]
in SYSTEMPATH\Database\BaseConnection.php on line 465.
 1 SYSTEMPATH\Database\BaseConnection.php(654): CodeIgniter\Database\BaseConnection->initialize()
 2 SYSTEMPATH\Database\BaseBuilder.php(1649): CodeIgniter\Database\BaseConnection->query('SELECT *
FROM `artikel`', [], false)
 3 SYSTEMPATH\Model.php(254): CodeIgniter\Database\BaseBuilder->get()
 4 SYSTEMPATH\BaseModel.php(675): CodeIgniter\Model->doFindAll(0, 0)
 5 APPPATH\Controllers\Artikel.php(13): CodeIgniter\BaseModel->findAll()
 6 SYSTEMPATH\CodeIgniter.php(951): App\Controllers\Artikel->index()
 7 SYSTEMPATH\CodeIgniter.php(497): CodeIgniter\CodeIgniter->runController(Object(App\Controllers\Artikel))
 8 SYSTEMPATH\CodeIgniter.php(340): CodeIgniter\CodeIgniter->handleRequest(null, Object(Config\Cache), false)
 9 SYSTEMPATH\Boot.php(417): CodeIgniter\CodeIgniter->run()
10 SYSTEMPATH\Boot.php(68): CodeIgniter\Boot::runCodeIgniter(Object(CodeIgniter\CodeIgniter))
11 FCPATH\index.php(59): CodeIgniter\Boot::bootWeb(Object(Config\Paths))
12 SYSTEMPATH\rewrite.php(44): require_once('C:\\xampp\\htdocs\\lab11_ci\\ci4\\public\\index.php')
ERROR - 2026-03-08 03:00:18 --> Error connecting to the database: mysqli_sql_exception: Access denied for user ''@'localhost' (using password: NO) in C:\xampp\htdocs\lab11_ci\ci4\system\Database\MySQLi\Connection.php:201
Stack trace:
#0 C:\xampp\htdocs\lab11_ci\ci4\system\Database\MySQLi\Connection.php(201): mysqli->real_connect('localhost', '', Object(SensitiveParameterValue), '', 3306, '', 0)
#1 C:\xampp\htdocs\lab11_ci\ci4\system\Database\BaseConnection.php(419): CodeIgniter\Database\MySQLi\Connection->connect(false)
#2 C:\xampp\htdocs\lab11_ci\ci4\system\Database\BaseConnection.php(654): CodeIgniter\Database\BaseConnection->initialize()
#3 C:\xampp\htdocs\lab11_ci\ci4\system\Database\BaseBuilder.php(1649): CodeIgniter\Database\BaseConnection->query('SELECT *\nFROM `...', Array, false)
#4 C:\xampp\htdocs\lab11_ci\ci4\system\Model.php(254): CodeIgniter\Database\BaseBuilder->get()
#5 C:\xampp\htdocs\lab11_ci\ci4\system\BaseModel.php(675): CodeIgniter\Model->doFindAll(0, 0)
#6 C:\xampp\htdocs\lab11_ci\ci4\app\Controllers\Artikel.php(13): CodeIgniter\BaseModel->findAll()
#7 C:\xampp\htdocs\lab11_ci\ci4\system\CodeIgniter.php(951): App\Controllers\Artikel->index()
#8 C:\xampp\htdocs\lab11_ci\ci4\system\CodeIgniter.php(497): CodeIgniter\CodeIgniter->runController(Object(App\Controllers\Artikel))
#9 C:\xampp\htdocs\lab11_ci\ci4\system\CodeIgniter.php(340): CodeIgniter\CodeIgniter->handleRequest(NULL, Object(Config\Cache), false)
#10 C:\xampp\htdocs\lab11_ci\ci4\system\Boot.php(417): CodeIgniter\CodeIgniter->run()
#11 C:\xampp\htdocs\lab11_ci\ci4\system\Boot.php(68): CodeIgniter\Boot::runCodeIgniter(Object(CodeIgniter\CodeIgniter))
#12 C:\xampp\htdocs\lab11_ci\ci4\public\index.php(59): CodeIgniter\Boot::bootWeb(Object(Config\Paths))
#13 C:\xampp\htdocs\lab11_ci\ci4\system\rewrite.php(44): require_once('C:\\xampp\\htdocs...')
#14 {main}

Next CodeIgniter\Database\Exceptions\DatabaseException: Access denied for user ''@'localhost' (using password: NO) in C:\xampp\htdocs\lab11_ci\ci4\system\Database\MySQLi\Connection.php:231
Stack trace:
#0 C:\xampp\htdocs\lab11_ci\ci4\system\Database\BaseConnection.php(419): CodeIgniter\Database\MySQLi\Connection->connect(false)
#1 C:\xampp\htdocs\lab11_ci\ci4\system\Database\BaseConnection.php(654): CodeIgniter\Database\BaseConnection->initialize()
#2 C:\xampp\htdocs\lab11_ci\ci4\system\Database\BaseBuilder.php(1649): CodeIgniter\Database\BaseConnection->query('SELECT *\nFROM `...', Array, false)
#3 C:\xampp\htdocs\lab11_ci\ci4\system\Model.php(254): CodeIgniter\Database\BaseBuilder->get()
#4 C:\xampp\htdocs\lab11_ci\ci4\system\BaseModel.php(675): CodeIgniter\Model->doFindAll(0, 0)
#5 C:\xampp\htdocs\lab11_ci\ci4\app\Controllers\Artikel.php(13): CodeIgniter\BaseModel->findAll()
#6 C:\xampp\htdocs\lab11_ci\ci4\system\CodeIgniter.php(951): App\Controllers\Artikel->index()
#7 C:\xampp\htdocs\lab11_ci\ci4\system\CodeIgniter.php(497): CodeIgniter\CodeIgniter->runController(Object(App\Controllers\Artikel))
#8 C:\xampp\htdocs\lab11_ci\ci4\system\CodeIgniter.php(340): CodeIgniter\CodeIgniter->handleRequest(NULL, Object(Config\Cache), false)
#9 C:\xampp\htdocs\lab11_ci\ci4\system\Boot.php(417): CodeIgniter\CodeIgniter->run()
#10 C:\xampp\htdocs\lab11_ci\ci4\system\Boot.php(68): CodeIgniter\Boot::runCodeIgniter(Object(CodeIgniter\CodeIgniter))
#11 C:\xampp\htdocs\lab11_ci\ci4\public\index.php(59): CodeIgniter\Boot::bootWeb(Object(Config\Paths))
#12 C:\xampp\htdocs\lab11_ci\ci4\system\rewrite.php(44): require_once('C:\\xampp\\htdocs...')
#13 {main}
CRITICAL - 2026-03-08 03:00:18 --> CodeIgniter\Database\Exceptions\DatabaseException: Unable to connect to the database.
Main connection [MySQLi]: Access denied for user ''@'localhost' (using password: NO)
[Method: GET, Route: artikel]
in SYSTEMPATH\Database\BaseConnection.php on line 465.
 1 SYSTEMPATH\Database\BaseConnection.php(654): CodeIgniter\Database\BaseConnection->initialize()
 2 SYSTEMPATH\Database\BaseBuilder.php(1649): CodeIgniter\Database\BaseConnection->query('SELECT *
FROM `artikel`', [], false)
 3 SYSTEMPATH\Model.php(254): CodeIgniter\Database\BaseBuilder->get()
 4 SYSTEMPATH\BaseModel.php(675): CodeIgniter\Model->doFindAll(0, 0)
 5 APPPATH\Controllers\Artikel.php(13): CodeIgniter\BaseModel->findAll()
 6 SYSTEMPATH\CodeIgniter.php(951): App\Controllers\Artikel->index()
 7 SYSTEMPATH\CodeIgniter.php(497): CodeIgniter\CodeIgniter->runController(Object(App\Controllers\Artikel))
 8 SYSTEMPATH\CodeIgniter.php(340): CodeIgniter\CodeIgniter->handleRequest(null, Object(Config\Cache), false)
 9 SYSTEMPATH\Boot.php(417): CodeIgniter\CodeIgniter->run()
10 SYSTEMPATH\Boot.php(68): CodeIgniter\Boot::runCodeIgniter(Object(CodeIgniter\CodeIgniter))
11 FCPATH\index.php(59): CodeIgniter\Boot::bootWeb(Object(Config\Paths))
12 SYSTEMPATH\rewrite.php(44): require_once('C:\\xampp\\htdocs\\lab11_ci\\ci4\\public\\index.php')
ERROR - 2026-03-08 03:00:18 --> Error connecting to the database: mysqli_sql_exception: Access denied for user ''@'localhost' (using password: NO) in C:\xampp\htdocs\lab11_ci\ci4\system\Database\MySQLi\Connection.php:201
Stack trace:
#0 C:\xampp\htdocs\lab11_ci\ci4\system\Database\MySQLi\Connection.php(201): mysqli->real_connect('localhost', '', Object(SensitiveParameterValue), '', 3306, '', 0)
#1 C:\xampp\htdocs\lab11_ci\ci4\system\Database\BaseConnection.php(419): CodeIgniter\Database\MySQLi\Connection->connect(false)
#2 C:\xampp\htdocs\lab11_ci\ci4\system\Database\BaseConnection.php(654): CodeIgniter\Database\BaseConnection->initialize()
#3 C:\xampp\htdocs\lab11_ci\ci4\system\Database\BaseBuilder.php(1649): CodeIgniter\Database\BaseConnection->query('SELECT *\nFROM `...', Array, false)
#4 C:\xampp\htdocs\lab11_ci\ci4\system\Model.php(254): CodeIgniter\Database\BaseBuilder->get()
#5 C:\xampp\htdocs\lab11_ci\ci4\system\BaseModel.php(675): CodeIgniter\Model->doFindAll(0, 0)
#6 C:\xampp\htdocs\lab11_ci\ci4\app\Controllers\Artikel.php(13): CodeIgniter\BaseModel->findAll()
#7 C:\xampp\htdocs\lab11_ci\ci4\system\CodeIgniter.php(951): App\Controllers\Artikel->index()
#8 C:\xampp\htdocs\lab11_ci\ci4\system\CodeIgniter.php(497): CodeIgniter\CodeIgniter->runController(Object(App\Controllers\Artikel))
#9 C:\xampp\htdocs\lab11_ci\ci4\system\CodeIgniter.php(340): CodeIgniter\CodeIgniter->handleRequest(NULL, Object(Config\Cache), false)
#10 C:\xampp\htdocs\lab11_ci\ci4\system\Boot.php(417): CodeIgniter\CodeIgniter->run()
#11 C:\xampp\htdocs\lab11_ci\ci4\system\Boot.php(68): CodeIgniter\Boot::runCodeIgniter(Object(CodeIgniter\CodeIgniter))
#12 C:\xampp\htdocs\lab11_ci\ci4\public\index.php(59): CodeIgniter\Boot::bootWeb(Object(Config\Paths))
#13 C:\xampp\htdocs\lab11_ci\ci4\system\rewrite.php(44): require_once('C:\\xampp\\htdocs...')
#14 {main}

Next CodeIgniter\Database\Exceptions\DatabaseException: Access denied for user ''@'localhost' (using password: NO) in C:\xampp\htdocs\lab11_ci\ci4\system\Database\MySQLi\Connection.php:231
Stack trace:
#0 C:\xampp\htdocs\lab11_ci\ci4\system\Database\BaseConnection.php(419): CodeIgniter\Database\MySQLi\Connection->connect(false)
#1 C:\xampp\htdocs\lab11_ci\ci4\system\Database\BaseConnection.php(654): CodeIgniter\Database\BaseConnection->initialize()
#2 C:\xampp\htdocs\lab11_ci\ci4\system\Database\BaseBuilder.php(1649): CodeIgniter\Database\BaseConnection->query('SELECT *\nFROM `...', Array, false)
#3 C:\xampp\htdocs\lab11_ci\ci4\system\Model.php(254): CodeIgniter\Database\BaseBuilder->get()
#4 C:\xampp\htdocs\lab11_ci\ci4\system\BaseModel.php(675): CodeIgniter\Model->doFindAll(0, 0)
#5 C:\xampp\htdocs\lab11_ci\ci4\app\Controllers\Artikel.php(13): CodeIgniter\BaseModel->findAll()
#6 C:\xampp\htdocs\lab11_ci\ci4\system\CodeIgniter.php(951): App\Controllers\Artikel->index()
#7 C:\xampp\htdocs\lab11_ci\ci4\system\CodeIgniter.php(497): CodeIgniter\CodeIgniter->runController(Object(App\Controllers\Artikel))
#8 C:\xampp\htdocs\lab11_ci\ci4\system\CodeIgniter.php(340): CodeIgniter\CodeIgniter->handleRequest(NULL, Object(Config\Cache), false)
#9 C:\xampp\htdocs\lab11_ci\ci4\system\Boot.php(417): CodeIgniter\CodeIgniter->run()
#10 C:\xampp\htdocs\lab11_ci\ci4\system\Boot.php(68): CodeIgniter\Boot::runCodeIgniter(Object(CodeIgniter\CodeIgniter))
#11 C:\xampp\htdocs\lab11_ci\ci4\public\index.php(59): CodeIgniter\Boot::bootWeb(Object(Config\Paths))
#12 C:\xampp\htdocs\lab11_ci\ci4\system\rewrite.php(44): require_once('C:\\xampp\\htdocs...')
#13 {main}
CRITICAL - 2026-03-08 03:00:18 --> CodeIgniter\Database\Exceptions\DatabaseException: Unable to connect to the database.
Main connection [MySQLi]: Access denied for user ''@'localhost' (using password: NO)
[Method: GET, Route: artikel]
in SYSTEMPATH\Database\BaseConnection.php on line 465.
 1 SYSTEMPATH\Database\BaseConnection.php(654): CodeIgniter\Database\BaseConnection->initialize()
 2 SYSTEMPATH\Database\BaseBuilder.php(1649): CodeIgniter\Database\BaseConnection->query('SELECT *
FROM `artikel`', [], false)
 3 SYSTEMPATH\Model.php(254): CodeIgniter\Database\BaseBuilder->get()
 4 SYSTEMPATH\BaseModel.php(675): CodeIgniter\Model->doFindAll(0, 0)
 5 APPPATH\Controllers\Artikel.php(13): CodeIgniter\BaseModel->findAll()
 6 SYSTEMPATH\CodeIgniter.php(951): App\Controllers\Artikel->index()
 7 SYSTEMPATH\CodeIgniter.php(497): CodeIgniter\CodeIgniter->runController(Object(App\Controllers\Artikel))
 8 SYSTEMPATH\CodeIgniter.php(340): CodeIgniter\CodeIgniter->handleRequest(null, Object(Config\Cache), false)
 9 SYSTEMPATH\Boot.php(417): CodeIgniter\CodeIgniter->run()
10 SYSTEMPATH\Boot.php(68): CodeIgniter\Boot::runCodeIgniter(Object(CodeIgniter\CodeIgniter))
11 FCPATH\index.php(59): CodeIgniter\Boot::bootWeb(Object(Config\Paths))
12 SYSTEMPATH\rewrite.php(44): require_once('C:\\xampp\\htdocs\\lab11_ci\\ci4\\public\\index.php')
ERROR - 2026-03-08 03:00:19 --> Error connecting to the database: mysqli_sql_exception: Access denied for user ''@'localhost' (using password: NO) in C:\xampp\htdocs\lab11_ci\ci4\system\Database\MySQLi\Connection.php:201
Stack trace:
#0 C:\xampp\htdocs\lab11_ci\ci4\system\Database\MySQLi\Connection.php(201): mysqli->real_connect('localhost', '', Object(SensitiveParameterValue), '', 3306, '', 0)
#1 C:\xampp\htdocs\lab11_ci\ci4\system\Database\BaseConnection.php(419): CodeIgniter\Database\MySQLi\Connection->connect(false)
#2 C:\xampp\htdocs\lab11_ci\ci4\system\Database\BaseConnection.php(654): CodeIgniter\Database\BaseConnection->initialize()
#3 C:\xampp\htdocs\lab11_ci\ci4\system\Database\BaseBuilder.php(1649): CodeIgniter\Database\BaseConnection->query('SELECT *\nFROM `...', Array, false)
#4 C:\xampp\htdocs\lab11_ci\ci4\system\Model.php(254): CodeIgniter\Database\BaseBuilder->get()
#5 C:\xampp\htdocs\lab11_ci\ci4\system\BaseModel.php(675): CodeIgniter\Model->doFindAll(0, 0)
#6 C:\xampp\htdocs\lab11_ci\ci4\app\Controllers\Artikel.php(13): CodeIgniter\BaseModel->findAll()
#7 C:\xampp\htdocs\lab11_ci\ci4\system\CodeIgniter.php(951): App\Controllers\Artikel->index()
#8 C:\xampp\htdocs\lab11_ci\ci4\system\CodeIgniter.php(497): CodeIgniter\CodeIgniter->runController(Object(App\Controllers\Artikel))
#9 C:\xampp\htdocs\lab11_ci\ci4\system\CodeIgniter.php(340): CodeIgniter\CodeIgniter->handleRequest(NULL, Object(Config\Cache), false)
#10 C:\xampp\htdocs\lab11_ci\ci4\system\Boot.php(417): CodeIgniter\CodeIgniter->run()
#11 C:\xampp\htdocs\lab11_ci\ci4\system\Boot.php(68): CodeIgniter\Boot::runCodeIgniter(Object(CodeIgniter\CodeIgniter))
#12 C:\xampp\htdocs\lab11_ci\ci4\public\index.php(59): CodeIgniter\Boot::bootWeb(Object(Config\Paths))
#13 C:\xampp\htdocs\lab11_ci\ci4\system\rewrite.php(44): require_once('C:\\xampp\\htdocs...')
#14 {main}

Next CodeIgniter\Database\Exceptions\DatabaseException: Access denied for user ''@'localhost' (using password: NO) in C:\xampp\htdocs\lab11_ci\ci4\system\Database\MySQLi\Connection.php:231
Stack trace:
#0 C:\xampp\htdocs\lab11_ci\ci4\system\Database\BaseConnection.php(419): CodeIgniter\Database\MySQLi\Connection->connect(false)
#1 C:\xampp\htdocs\lab11_ci\ci4\system\Database\BaseConnection.php(654): CodeIgniter\Database\BaseConnection->initialize()
#2 C:\xampp\htdocs\lab11_ci\ci4\system\Database\BaseBuilder.php(1649): CodeIgniter\Database\BaseConnection->query('SELECT *\nFROM `...', Array, false)
#3 C:\xampp\htdocs\lab11_ci\ci4\system\Model.php(254): CodeIgniter\Database\BaseBuilder->get()
#4 C:\xampp\htdocs\lab11_ci\ci4\system\BaseModel.php(675): CodeIgniter\Model->doFindAll(0, 0)
#5 C:\xampp\htdocs\lab11_ci\ci4\app\Controllers\Artikel.php(13): CodeIgniter\BaseModel->findAll()
#6 C:\xampp\htdocs\lab11_ci\ci4\system\CodeIgniter.php(951): App\Controllers\Artikel->index()
#7 C:\xampp\htdocs\lab11_ci\ci4\system\CodeIgniter.php(497): CodeIgniter\CodeIgniter->runController(Object(App\Controllers\Artikel))
#8 C:\xampp\htdocs\lab11_ci\ci4\system\CodeIgniter.php(340): CodeIgniter\CodeIgniter->handleRequest(NULL, Object(Config\Cache), false)
#9 C:\xampp\htdocs\lab11_ci\ci4\system\Boot.php(417): CodeIgniter\CodeIgniter->run()
#10 C:\xampp\htdocs\lab11_ci\ci4\system\Boot.php(68): CodeIgniter\Boot::runCodeIgniter(Object(CodeIgniter\CodeIgniter))
#11 C:\xampp\htdocs\lab11_ci\ci4\public\index.php(59): CodeIgniter\Boot::bootWeb(Object(Config\Paths))
#12 C:\xampp\htdocs\lab11_ci\ci4\system\rewrite.php(44): require_once('C:\\xampp\\htdocs...')
#13 {main}
CRITICAL - 2026-03-08 03:00:19 --> CodeIgniter\Database\Exceptions\DatabaseException: Unable to connect to the database.
Main connection [MySQLi]: Access denied for user ''@'localhost' (using password: NO)
[Method: GET, Route: artikel]
in SYSTEMPATH\Database\BaseConnection.php on line 465.
 1 SYSTEMPATH\Database\BaseConnection.php(654): CodeIgniter\Database\BaseConnection->initialize()
 2 SYSTEMPATH\Database\BaseBuilder.php(1649): CodeIgniter\Database\BaseConnection->query('SELECT *
FROM `artikel`', [], false)
 3 SYSTEMPATH\Model.php(254): CodeIgniter\Database\BaseBuilder->get()
 4 SYSTEMPATH\BaseModel.php(675): CodeIgniter\Model->doFindAll(0, 0)
 5 APPPATH\Controllers\Artikel.php(13): CodeIgniter\BaseModel->findAll()
 6 SYSTEMPATH\CodeIgniter.php(951): App\Controllers\Artikel->index()
 7 SYSTEMPATH\CodeIgniter.php(497): CodeIgniter\CodeIgniter->runController(Object(App\Controllers\Artikel))
 8 SYSTEMPATH\CodeIgniter.php(340): CodeIgniter\CodeIgniter->handleRequest(null, Object(Config\Cache), false)
 9 SYSTEMPATH\Boot.php(417): CodeIgniter\CodeIgniter->run()
10 SYSTEMPATH\Boot.php(68): CodeIgniter\Boot::runCodeIgniter(Object(CodeIgniter\CodeIgniter))
11 FCPATH\index.php(59): CodeIgniter\Boot::bootWeb(Object(Config\Paths))
12 SYSTEMPATH\rewrite.php(44): require_once('C:\\xampp\\htdocs\\lab11_ci\\ci4\\public\\index.php')
ERROR - 2026-03-08 03:00:19 --> Error connecting to the database: mysqli_sql_exception: Access denied for user ''@'localhost' (using password: NO) in C:\xampp\htdocs\lab11_ci\ci4\system\Database\MySQLi\Connection.php:201
Stack trace:
#0 C:\xampp\htdocs\lab11_ci\ci4\system\Database\MySQLi\Connection.php(201): mysqli->real_connect('localhost', '', Object(SensitiveParameterValue), '', 3306, '', 0)
#1 C:\xampp\htdocs\lab11_ci\ci4\system\Database\BaseConnection.php(419): CodeIgniter\Database\MySQLi\Connection->connect(false)
#2 C:\xampp\htdocs\lab11_ci\ci4\system\Database\BaseConnection.php(654): CodeIgniter\Database\BaseConnection->initialize()
#3 C:\xampp\htdocs\lab11_ci\ci4\system\Database\BaseBuilder.php(1649): CodeIgniter\Database\BaseConnection->query('SELECT *\nFROM `...', Array, false)
#4 C:\xampp\htdocs\lab11_ci\ci4\system\Model.php(254): CodeIgniter\Database\BaseBuilder->get()
#5 C:\xampp\htdocs\lab11_ci\ci4\system\BaseModel.php(675): CodeIgniter\Model->doFindAll(0, 0)
#6 C:\xampp\htdocs\lab11_ci\ci4\app\Controllers\Artikel.php(13): CodeIgniter\BaseModel->findAll()
#7 C:\xampp\htdocs\lab11_ci\ci4\system\CodeIgniter.php(951): App\Controllers\Artikel->index()
#8 C:\xampp\htdocs\lab11_ci\ci4\system\CodeIgniter.php(497): CodeIgniter\CodeIgniter->runController(Object(App\Controllers\Artikel))
#9 C:\xampp\htdocs\lab11_ci\ci4\system\CodeIgniter.php(340): CodeIgniter\CodeIgniter->handleRequest(NULL, Object(Config\Cache), false)
#10 C:\xampp\htdocs\lab11_ci\ci4\system\Boot.php(417): CodeIgniter\CodeIgniter->run()
#11 C:\xampp\htdocs\lab11_ci\ci4\system\Boot.php(68): CodeIgniter\Boot::runCodeIgniter(Object(CodeIgniter\CodeIgniter))
#12 C:\xampp\htdocs\lab11_ci\ci4\public\index.php(59): CodeIgniter\Boot::bootWeb(Object(Config\Paths))
#13 C:\xampp\htdocs\lab11_ci\ci4\system\rewrite.php(44): require_once('C:\\xampp\\htdocs...')
#14 {main}

Next CodeIgniter\Database\Exceptions\DatabaseException: Access denied for user ''@'localhost' (using password: NO) in C:\xampp\htdocs\lab11_ci\ci4\system\Database\MySQLi\Connection.php:231
Stack trace:
#0 C:\xampp\htdocs\lab11_ci\ci4\system\Database\BaseConnection.php(419): CodeIgniter\Database\MySQLi\Connection->connect(false)
#1 C:\xampp\htdocs\lab11_ci\ci4\system\Database\BaseConnection.php(654): CodeIgniter\Database\BaseConnection->initialize()
#2 C:\xampp\htdocs\lab11_ci\ci4\system\Database\BaseBuilder.php(1649): CodeIgniter\Database\BaseConnection->query('SELECT *\nFROM `...', Array, false)
#3 C:\xampp\htdocs\lab11_ci\ci4\system\Model.php(254): CodeIgniter\Database\BaseBuilder->get()
#4 C:\xampp\htdocs\lab11_ci\ci4\system\BaseModel.php(675): CodeIgniter\Model->doFindAll(0, 0)
#5 C:\xampp\htdocs\lab11_ci\ci4\app\Controllers\Artikel.php(13): CodeIgniter\BaseModel->findAll()
#6 C:\xampp\htdocs\lab11_ci\ci4\system\CodeIgniter.php(951): App\Controllers\Artikel->index()
#7 C:\xampp\htdocs\lab11_ci\ci4\system\CodeIgniter.php(497): CodeIgniter\CodeIgniter->runController(Object(App\Controllers\Artikel))
#8 C:\xampp\htdocs\lab11_ci\ci4\system\CodeIgniter.php(340): CodeIgniter\CodeIgniter->handleRequest(NULL, Object(Config\Cache), false)
#9 C:\xampp\htdocs\lab11_ci\ci4\system\Boot.php(417): CodeIgniter\CodeIgniter->run()
#10 C:\xampp\htdocs\lab11_ci\ci4\system\Boot.php(68): CodeIgniter\Boot::runCodeIgniter(Object(CodeIgniter\CodeIgniter))
#11 C:\xampp\htdocs\lab11_ci\ci4\public\index.php(59): CodeIgniter\Boot::bootWeb(Object(Config\Paths))
#12 C:\xampp\htdocs\lab11_ci\ci4\system\rewrite.php(44): require_once('C:\\xampp\\htdocs...')
#13 {main}
CRITICAL - 2026-03-08 03:00:19 --> CodeIgniter\Database\Exceptions\DatabaseException: Unable to connect to the database.
Main connection [MySQLi]: Access denied for user ''@'localhost' (using password: NO)
[Method: GET, Route: artikel]
in SYSTEMPATH\Database\BaseConnection.php on line 465.
 1 SYSTEMPATH\Database\BaseConnection.php(654): CodeIgniter\Database\BaseConnection->initialize()
 2 SYSTEMPATH\Database\BaseBuilder.php(1649): CodeIgniter\Database\BaseConnection->query('SELECT *
FROM `artikel`', [], false)
 3 SYSTEMPATH\Model.php(254): CodeIgniter\Database\BaseBuilder->get()
 4 SYSTEMPATH\BaseModel.php(675): CodeIgniter\Model->doFindAll(0, 0)
 5 APPPATH\Controllers\Artikel.php(13): CodeIgniter\BaseModel->findAll()
 6 SYSTEMPATH\CodeIgniter.php(951): App\Controllers\Artikel->index()
 7 SYSTEMPATH\CodeIgniter.php(497): CodeIgniter\CodeIgniter->runController(Object(App\Controllers\Artikel))
 8 SYSTEMPATH\CodeIgniter.php(340): CodeIgniter\CodeIgniter->handleRequest(null, Object(Config\Cache), false)
 9 SYSTEMPATH\Boot.php(417): CodeIgniter\CodeIgniter->run()
10 SYSTEMPATH\Boot.php(68): CodeIgniter\Boot::runCodeIgniter(Object(CodeIgniter\CodeIgniter))
11 FCPATH\index.php(59): CodeIgniter\Boot::bootWeb(Object(Config\Paths))
12 SYSTEMPATH\rewrite.php(44): require_once('C:\\xampp\\htdocs\\lab11_ci\\ci4\\public\\index.php')
ERROR - 2026-03-08 03:00:35 --> Error connecting to the database: mysqli_sql_exception: Access denied for user ''@'localhost' (using password: NO) in C:\xampp\htdocs\lab11_ci\ci4\system\Database\MySQLi\Connection.php:201
Stack trace:
#0 C:\xampp\htdocs\lab11_ci\ci4\system\Database\MySQLi\Connection.php(201): mysqli->real_connect('localhost', '', Object(SensitiveParameterValue), '', 3306, '', 0)
#1 C:\xampp\htdocs\lab11_ci\ci4\system\Database\BaseConnection.php(419): CodeIgniter\Database\MySQLi\Connection->connect(false)
#2 C:\xampp\htdocs\lab11_ci\ci4\system\Database\BaseConnection.php(654): CodeIgniter\Database\BaseConnection->initialize()
#3 C:\xampp\htdocs\lab11_ci\ci4\system\Database\BaseBuilder.php(1649): CodeIgniter\Database\BaseConnection->query('SELECT *\nFROM `...', Array, false)
#4 C:\xampp\htdocs\lab11_ci\ci4\system\Model.php(254): CodeIgniter\Database\BaseBuilder->get()
#5 C:\xampp\htdocs\lab11_ci\ci4\system\BaseModel.php(675): CodeIgniter\Model->doFindAll(0, 0)
#6 C:\xampp\htdocs\lab11_ci\ci4\app\Controllers\Artikel.php(13): CodeIgniter\BaseModel->findAll()
#7 C:\xampp\htdocs\lab11_ci\ci4\system\CodeIgniter.php(951): App\Controllers\Artikel->index()
#8 C:\xampp\htdocs\lab11_ci\ci4\system\CodeIgniter.php(497): CodeIgniter\CodeIgniter->runController(Object(App\Controllers\Artikel))
#9 C:\xampp\htdocs\lab11_ci\ci4\system\CodeIgniter.php(340): CodeIgniter\CodeIgniter->handleRequest(NULL, Object(Config\Cache), false)
#10 C:\xampp\htdocs\lab11_ci\ci4\system\Boot.php(417): CodeIgniter\CodeIgniter->run()
#11 C:\xampp\htdocs\lab11_ci\ci4\system\Boot.php(68): CodeIgniter\Boot::runCodeIgniter(Object(CodeIgniter\CodeIgniter))
#12 C:\xampp\htdocs\lab11_ci\ci4\public\index.php(59): CodeIgniter\Boot::bootWeb(Object(Config\Paths))
#13 C:\xampp\htdocs\lab11_ci\ci4\system\rewrite.php(44): require_once('C:\\xampp\\htdocs...')
#14 {main}

Next CodeIgniter\Database\Exceptions\DatabaseException: Access denied for user ''@'localhost' (using password: NO) in C:\xampp\htdocs\lab11_ci\ci4\system\Database\MySQLi\Connection.php:231
Stack trace:
#0 C:\xampp\htdocs\lab11_ci\ci4\system\Database\BaseConnection.php(419): CodeIgniter\Database\MySQLi\Connection->connect(false)
#1 C:\xampp\htdocs\lab11_ci\ci4\system\Database\BaseConnection.php(654): CodeIgniter\Database\BaseConnection->initialize()
#2 C:\xampp\htdocs\lab11_ci\ci4\system\Database\BaseBuilder.php(1649): CodeIgniter\Database\BaseConnection->query('SELECT *\nFROM `...', Array, false)
#3 C:\xampp\htdocs\lab11_ci\ci4\system\Model.php(254): CodeIgniter\Database\BaseBuilder->get()
#4 C:\xampp\htdocs\lab11_ci\ci4\system\BaseModel.php(675): CodeIgniter\Model->doFindAll(0, 0)
#5 C:\xampp\htdocs\lab11_ci\ci4\app\Controllers\Artikel.php(13): CodeIgniter\BaseModel->findAll()
#6 C:\xampp\htdocs\lab11_ci\ci4\system\CodeIgniter.php(951): App\Controllers\Artikel->index()
#7 C:\xampp\htdocs\lab11_ci\ci4\system\CodeIgniter.php(497): CodeIgniter\CodeIgniter->runController(Object(App\Controllers\Artikel))
#8 C:\xampp\htdocs\lab11_ci\ci4\system\CodeIgniter.php(340): CodeIgniter\CodeIgniter->handleRequest(NULL, Object(Config\Cache), false)
#9 C:\xampp\htdocs\lab11_ci\ci4\system\Boot.php(417): CodeIgniter\CodeIgniter->run()
#10 C:\xampp\htdocs\lab11_ci\ci4\system\Boot.php(68): CodeIgniter\Boot::runCodeIgniter(Object(CodeIgniter\CodeIgniter))
#11 C:\xampp\htdocs\lab11_ci\ci4\public\index.php(59): CodeIgniter\Boot::bootWeb(Object(Config\Paths))
#12 C:\xampp\htdocs\lab11_ci\ci4\system\rewrite.php(44): require_once('C:\\xampp\\htdocs...')
#13 {main}
CRITICAL - 2026-03-08 03:00:35 --> CodeIgniter\Database\Exceptions\DatabaseException: Unable to connect to the database.
Main connection [MySQLi]: Access denied for user ''@'localhost' (using password: NO)
[Method: GET, Route: artikel]
in SYSTEMPATH\Database\BaseConnection.php on line 465.
 1 SYSTEMPATH\Database\BaseConnection.php(654): CodeIgniter\Database\BaseConnection->initialize()
 2 SYSTEMPATH\Database\BaseBuilder.php(1649): CodeIgniter\Database\BaseConnection->query('SELECT *
FROM `artikel`', [], false)
 3 SYSTEMPATH\Model.php(254): CodeIgniter\Database\BaseBuilder->get()
 4 SYSTEMPATH\BaseModel.php(675): CodeIgniter\Model->doFindAll(0, 0)
 5 APPPATH\Controllers\Artikel.php(13): CodeIgniter\BaseModel->findAll()
 6 SYSTEMPATH\CodeIgniter.php(951): App\Controllers\Artikel->index()
 7 SYSTEMPATH\CodeIgniter.php(497): CodeIgniter\CodeIgniter->runController(Object(App\Controllers\Artikel))
 8 SYSTEMPATH\CodeIgniter.php(340): CodeIgniter\CodeIgniter->handleRequest(null, Object(Config\Cache), false)
 9 SYSTEMPATH\Boot.php(417): CodeIgniter\CodeIgniter->run()
10 SYSTEMPATH\Boot.php(68): CodeIgniter\Boot::runCodeIgniter(Object(CodeIgniter\CodeIgniter))
11 FCPATH\index.php(59): CodeIgniter\Boot::bootWeb(Object(Config\Paths))
12 SYSTEMPATH\rewrite.php(44): require_once('C:\\xampp\\htdocs\\lab11_ci\\ci4\\public\\index.php')
ERROR - 2026-03-08 03:00:44 --> Error connecting to the database: mysqli_sql_exception: Access denied for user ''@'localhost' (using password: NO) in C:\xampp\htdocs\lab11_ci\ci4\system\Database\MySQLi\Connection.php:201
Stack trace:
#0 C:\xampp\htdocs\lab11_ci\ci4\system\Database\MySQLi\Connection.php(201): mysqli->real_connect('localhost', '', Object(SensitiveParameterValue), '', 3306, '', 0)
#1 C:\xampp\htdocs\lab11_ci\ci4\system\Database\BaseConnection.php(419): CodeIgniter\Database\MySQLi\Connection->connect(false)
#2 C:\xampp\htdocs\lab11_ci\ci4\system\Database\BaseConnection.php(654): CodeIgniter\Database\BaseConnection->initialize()
#3 C:\xampp\htdocs\lab11_ci\ci4\system\Database\BaseBuilder.php(1649): CodeIgniter\Database\BaseConnection->query('SELECT *\nFROM `...', Array, false)
#4 C:\xampp\htdocs\lab11_ci\ci4\system\Model.php(254): CodeIgniter\Database\BaseBuilder->get()
#5 C:\xampp\htdocs\lab11_ci\ci4\system\BaseModel.php(675): CodeIgniter\Model->doFindAll(0, 0)
#6 C:\xampp\htdocs\lab11_ci\ci4\app\Controllers\Artikel.php(13): CodeIgniter\BaseModel->findAll()
#7 C:\xampp\htdocs\lab11_ci\ci4\system\CodeIgniter.php(951): App\Controllers\Artikel->index()
#8 C:\xampp\htdocs\lab11_ci\ci4\system\CodeIgniter.php(497): CodeIgniter\CodeIgniter->runController(Object(App\Controllers\Artikel))
#9 C:\xampp\htdocs\lab11_ci\ci4\system\CodeIgniter.php(340): CodeIgniter\CodeIgniter->handleRequest(NULL, Object(Config\Cache), false)
#10 C:\xampp\htdocs\lab11_ci\ci4\system\Boot.php(417): CodeIgniter\CodeIgniter->run()
#11 C:\xampp\htdocs\lab11_ci\ci4\system\Boot.php(68): CodeIgniter\Boot::runCodeIgniter(Object(CodeIgniter\CodeIgniter))
#12 C:\xampp\htdocs\lab11_ci\ci4\public\index.php(59): CodeIgniter\Boot::bootWeb(Object(Config\Paths))
#13 C:\xampp\htdocs\lab11_ci\ci4\system\rewrite.php(44): require_once('C:\\xampp\\htdocs...')
#14 {main}

Next CodeIgniter\Database\Exceptions\DatabaseException: Access denied for user ''@'localhost' (using password: NO) in C:\xampp\htdocs\lab11_ci\ci4\system\Database\MySQLi\Connection.php:231
Stack trace:
#0 C:\xampp\htdocs\lab11_ci\ci4\system\Database\BaseConnection.php(419): CodeIgniter\Database\MySQLi\Connection->connect(false)
#1 C:\xampp\htdocs\lab11_ci\ci4\system\Database\BaseConnection.php(654): CodeIgniter\Database\BaseConnection->initialize()
#2 C:\xampp\htdocs\lab11_ci\ci4\system\Database\BaseBuilder.php(1649): CodeIgniter\Database\BaseConnection->query('SELECT *\nFROM `...', Array, false)
#3 C:\xampp\htdocs\lab11_ci\ci4\system\Model.php(254): CodeIgniter\Database\BaseBuilder->get()
#4 C:\xampp\htdocs\lab11_ci\ci4\system\BaseModel.php(675): CodeIgniter\Model->doFindAll(0, 0)
#5 C:\xampp\htdocs\lab11_ci\ci4\app\Controllers\Artikel.php(13): CodeIgniter\BaseModel->findAll()
#6 C:\xampp\htdocs\lab11_ci\ci4\system\CodeIgniter.php(951): App\Controllers\Artikel->index()
#7 C:\xampp\htdocs\lab11_ci\ci4\system\CodeIgniter.php(497): CodeIgniter\CodeIgniter->runController(Object(App\Controllers\Artikel))
#8 C:\xampp\htdocs\lab11_ci\ci4\system\CodeIgniter.php(340): CodeIgniter\CodeIgniter->handleRequest(NULL, Object(Config\Cache), false)
#9 C:\xampp\htdocs\lab11_ci\ci4\system\Boot.php(417): CodeIgniter\CodeIgniter->run()
#10 C:\xampp\htdocs\lab11_ci\ci4\system\Boot.php(68): CodeIgniter\Boot::runCodeIgniter(Object(CodeIgniter\CodeIgniter))
#11 C:\xampp\htdocs\lab11_ci\ci4\public\index.php(59): CodeIgniter\Boot::bootWeb(Object(Config\Paths))
#12 C:\xampp\htdocs\lab11_ci\ci4\system\rewrite.php(44): require_once('C:\\xampp\\htdocs...')
#13 {main}
CRITICAL - 2026-03-08 03:00:44 --> CodeIgniter\Database\Exceptions\DatabaseException: Unable to connect to the database.
Main connection [MySQLi]: Access denied for user ''@'localhost' (using password: NO)
[Method: GET, Route: artikel]
in SYSTEMPATH\Database\BaseConnection.php on line 465.
 1 SYSTEMPATH\Database\BaseConnection.php(654): CodeIgniter\Database\BaseConnection->initialize()
 2 SYSTEMPATH\Database\BaseBuilder.php(1649): CodeIgniter\Database\BaseConnection->query('SELECT *
FROM `artikel`', [], false)
 3 SYSTEMPATH\Model.php(254): CodeIgniter\Database\BaseBuilder->get()
 4 SYSTEMPATH\BaseModel.php(675): CodeIgniter\Model->doFindAll(0, 0)
 5 APPPATH\Controllers\Artikel.php(13): CodeIgniter\BaseModel->findAll()
 6 SYSTEMPATH\CodeIgniter.php(951): App\Controllers\Artikel->index()
 7 SYSTEMPATH\CodeIgniter.php(497): CodeIgniter\CodeIgniter->runController(Object(App\Controllers\Artikel))
 8 SYSTEMPATH\CodeIgniter.php(340): CodeIgniter\CodeIgniter->handleRequest(null, Object(Config\Cache), false)
 9 SYSTEMPATH\Boot.php(417): CodeIgniter\CodeIgniter->run()
10 SYSTEMPATH\Boot.php(68): CodeIgniter\Boot::runCodeIgniter(Object(CodeIgniter\CodeIgniter))
11 FCPATH\index.php(59): CodeIgniter\Boot::bootWeb(Object(Config\Paths))
12 SYSTEMPATH\rewrite.php(44): require_once('C:\\xampp\\htdocs\\lab11_ci\\ci4\\public\\index.php')
ERROR - 2026-03-08 03:00:45 --> Error connecting to the database: mysqli_sql_exception: Access denied for user ''@'localhost' (using password: NO) in C:\xampp\htdocs\lab11_ci\ci4\system\Database\MySQLi\Connection.php:201
Stack trace:
#0 C:\xampp\htdocs\lab11_ci\ci4\system\Database\MySQLi\Connection.php(201): mysqli->real_connect('localhost', '', Object(SensitiveParameterValue), '', 3306, '', 0)
#1 C:\xampp\htdocs\lab11_ci\ci4\system\Database\BaseConnection.php(419): CodeIgniter\Database\MySQLi\Connection->connect(false)
#2 C:\xampp\htdocs\lab11_ci\ci4\system\Database\BaseConnection.php(654): CodeIgniter\Database\BaseConnection->initialize()
#3 C:\xampp\htdocs\lab11_ci\ci4\system\Database\BaseBuilder.php(1649): CodeIgniter\Database\BaseConnection->query('SELECT *\nFROM `...', Array, false)
#4 C:\xampp\htdocs\lab11_ci\ci4\system\Model.php(254): CodeIgniter\Database\BaseBuilder->get()
#5 C:\xampp\htdocs\lab11_ci\ci4\system\BaseModel.php(675): CodeIgniter\Model->doFindAll(0, 0)
#6 C:\xampp\htdocs\lab11_ci\ci4\app\Controllers\Artikel.php(13): CodeIgniter\BaseModel->findAll()
#7 C:\xampp\htdocs\lab11_ci\ci4\system\CodeIgniter.php(951): App\Controllers\Artikel->index()
#8 C:\xampp\htdocs\lab11_ci\ci4\system\CodeIgniter.php(497): CodeIgniter\CodeIgniter->runController(Object(App\Controllers\Artikel))
#9 C:\xampp\htdocs\lab11_ci\ci4\system\CodeIgniter.php(340): CodeIgniter\CodeIgniter->handleRequest(NULL, Object(Config\Cache), false)
#10 C:\xampp\htdocs\lab11_ci\ci4\system\Boot.php(417): CodeIgniter\CodeIgniter->run()
#11 C:\xampp\htdocs\lab11_ci\ci4\system\Boot.php(68): CodeIgniter\Boot::runCodeIgniter(Object(CodeIgniter\CodeIgniter))
#12 C:\xampp\htdocs\lab11_ci\ci4\public\index.php(59): CodeIgniter\Boot::bootWeb(Object(Config\Paths))
#13 C:\xampp\htdocs\lab11_ci\ci4\system\rewrite.php(44): require_once('C:\\xampp\\htdocs...')
#14 {main}

Next CodeIgniter\Database\Exceptions\DatabaseException: Access denied for user ''@'localhost' (using password: NO) in C:\xampp\htdocs\lab11_ci\ci4\system\Database\MySQLi\Connection.php:231
Stack trace:
#0 C:\xampp\htdocs\lab11_ci\ci4\system\Database\BaseConnection.php(419): CodeIgniter\Database\MySQLi\Connection->connect(false)
#1 C:\xampp\htdocs\lab11_ci\ci4\system\Database\BaseConnection.php(654): CodeIgniter\Database\BaseConnection->initialize()
#2 C:\xampp\htdocs\lab11_ci\ci4\system\Database\BaseBuilder.php(1649): CodeIgniter\Database\BaseConnection->query('SELECT *\nFROM `...', Array, false)
#3 C:\xampp\htdocs\lab11_ci\ci4\system\Model.php(254): CodeIgniter\Database\BaseBuilder->get()
#4 C:\xampp\htdocs\lab11_ci\ci4\system\BaseModel.php(675): CodeIgniter\Model->doFindAll(0, 0)
#5 C:\xampp\htdocs\lab11_ci\ci4\app\Controllers\Artikel.php(13): CodeIgniter\BaseModel->findAll()
#6 C:\xampp\htdocs\lab11_ci\ci4\system\CodeIgniter.php(951): App\Controllers\Artikel->index()
#7 C:\xampp\htdocs\lab11_ci\ci4\system\CodeIgniter.php(497): CodeIgniter\CodeIgniter->runController(Object(App\Controllers\Artikel))
#8 C:\xampp\htdocs\lab11_ci\ci4\system\CodeIgniter.php(340): CodeIgniter\CodeIgniter->handleRequest(NULL, Object(Config\Cache), false)
#9 C:\xampp\htdocs\lab11_ci\ci4\system\Boot.php(417): CodeIgniter\CodeIgniter->run()
#10 C:\xampp\htdocs\lab11_ci\ci4\system\Boot.php(68): CodeIgniter\Boot::runCodeIgniter(Object(CodeIgniter\CodeIgniter))
#11 C:\xampp\htdocs\lab11_ci\ci4\public\index.php(59): CodeIgniter\Boot::bootWeb(Object(Config\Paths))
#12 C:\xampp\htdocs\lab11_ci\ci4\system\rewrite.php(44): require_once('C:\\xampp\\htdocs...')
#13 {main}
CRITICAL - 2026-03-08 03:00:45 --> CodeIgniter\Database\Exceptions\DatabaseException: Unable to connect to the database.
Main connection [MySQLi]: Access denied for user ''@'localhost' (using password: NO)
[Method: GET, Route: artikel]
in SYSTEMPATH\Database\BaseConnection.php on line 465.
 1 SYSTEMPATH\Database\BaseConnection.php(654): CodeIgniter\Database\BaseConnection->initialize()
 2 SYSTEMPATH\Database\BaseBuilder.php(1649): CodeIgniter\Database\BaseConnection->query('SELECT *
FROM `artikel`', [], false)
 3 SYSTEMPATH\Model.php(254): CodeIgniter\Database\BaseBuilder->get()
 4 SYSTEMPATH\BaseModel.php(675): CodeIgniter\Model->doFindAll(0, 0)
 5 APPPATH\Controllers\Artikel.php(13): CodeIgniter\BaseModel->findAll()
 6 SYSTEMPATH\CodeIgniter.php(951): App\Controllers\Artikel->index()
 7 SYSTEMPATH\CodeIgniter.php(497): CodeIgniter\CodeIgniter->runController(Object(App\Controllers\Artikel))
 8 SYSTEMPATH\CodeIgniter.php(340): CodeIgniter\CodeIgniter->handleRequest(null, Object(Config\Cache), false)
 9 SYSTEMPATH\Boot.php(417): CodeIgniter\CodeIgniter->run()
10 SYSTEMPATH\Boot.php(68): CodeIgniter\Boot::runCodeIgniter(Object(CodeIgniter\CodeIgniter))
11 FCPATH\index.php(59): CodeIgniter\Boot::bootWeb(Object(Config\Paths))
12 SYSTEMPATH\rewrite.php(44): require_once('C:\\xampp\\htdocs\\lab11_ci\\ci4\\public\\index.php')
ERROR - 2026-03-08 03:00:45 --> Error connecting to the database: mysqli_sql_exception: Access denied for user ''@'localhost' (using password: NO) in C:\xampp\htdocs\lab11_ci\ci4\system\Database\MySQLi\Connection.php:201
Stack trace:
#0 C:\xampp\htdocs\lab11_ci\ci4\system\Database\MySQLi\Connection.php(201): mysqli->real_connect('localhost', '', Object(SensitiveParameterValue), '', 3306, '', 0)
#1 C:\xampp\htdocs\lab11_ci\ci4\system\Database\BaseConnection.php(419): CodeIgniter\Database\MySQLi\Connection->connect(false)
#2 C:\xampp\htdocs\lab11_ci\ci4\system\Database\BaseConnection.php(654): CodeIgniter\Database\BaseConnection->initialize()
#3 C:\xampp\htdocs\lab11_ci\ci4\system\Database\BaseBuilder.php(1649): CodeIgniter\Database\BaseConnection->query('SELECT *\nFROM `...', Array, false)
#4 C:\xampp\htdocs\lab11_ci\ci4\system\Model.php(254): CodeIgniter\Database\BaseBuilder->get()
#5 C:\xampp\htdocs\lab11_ci\ci4\system\BaseModel.php(675): CodeIgniter\Model->doFindAll(0, 0)
#6 C:\xampp\htdocs\lab11_ci\ci4\app\Controllers\Artikel.php(13): CodeIgniter\BaseModel->findAll()
#7 C:\xampp\htdocs\lab11_ci\ci4\system\CodeIgniter.php(951): App\Controllers\Artikel->index()
#8 C:\xampp\htdocs\lab11_ci\ci4\system\CodeIgniter.php(497): CodeIgniter\CodeIgniter->runController(Object(App\Controllers\Artikel))
#9 C:\xampp\htdocs\lab11_ci\ci4\system\CodeIgniter.php(340): CodeIgniter\CodeIgniter->handleRequest(NULL, Object(Config\Cache), false)
#10 C:\xampp\htdocs\lab11_ci\ci4\system\Boot.php(417): CodeIgniter\CodeIgniter->run()
#11 C:\xampp\htdocs\lab11_ci\ci4\system\Boot.php(68): CodeIgniter\Boot::runCodeIgniter(Object(CodeIgniter\CodeIgniter))
#12 C:\xampp\htdocs\lab11_ci\ci4\public\index.php(59): CodeIgniter\Boot::bootWeb(Object(Config\Paths))
#13 C:\xampp\htdocs\lab11_ci\ci4\system\rewrite.php(44): require_once('C:\\xampp\\htdocs...')
#14 {main}

Next CodeIgniter\Database\Exceptions\DatabaseException: Access denied for user ''@'localhost' (using password: NO) in C:\xampp\htdocs\lab11_ci\ci4\system\Database\MySQLi\Connection.php:231
Stack trace:
#0 C:\xampp\htdocs\lab11_ci\ci4\system\Database\BaseConnection.php(419): CodeIgniter\Database\MySQLi\Connection->connect(false)
#1 C:\xampp\htdocs\lab11_ci\ci4\system\Database\BaseConnection.php(654): CodeIgniter\Database\BaseConnection->initialize()
#2 C:\xampp\htdocs\lab11_ci\ci4\system\Database\BaseBuilder.php(1649): CodeIgniter\Database\BaseConnection->query('SELECT *\nFROM `...', Array, false)
#3 C:\xampp\htdocs\lab11_ci\ci4\system\Model.php(254): CodeIgniter\Database\BaseBuilder->get()
#4 C:\xampp\htdocs\lab11_ci\ci4\system\BaseModel.php(675): CodeIgniter\Model->doFindAll(0, 0)
#5 C:\xampp\htdocs\lab11_ci\ci4\app\Controllers\Artikel.php(13): CodeIgniter\BaseModel->findAll()
#6 C:\xampp\htdocs\lab11_ci\ci4\system\CodeIgniter.php(951): App\Controllers\Artikel->index()
#7 C:\xampp\htdocs\lab11_ci\ci4\system\CodeIgniter.php(497): CodeIgniter\CodeIgniter->runController(Object(App\Controllers\Artikel))
#8 C:\xampp\htdocs\lab11_ci\ci4\system\CodeIgniter.php(340): CodeIgniter\CodeIgniter->handleRequest(NULL, Object(Config\Cache), false)
#9 C:\xampp\htdocs\lab11_ci\ci4\system\Boot.php(417): CodeIgniter\CodeIgniter->run()
#10 C:\xampp\htdocs\lab11_ci\ci4\system\Boot.php(68): CodeIgniter\Boot::runCodeIgniter(Object(CodeIgniter\CodeIgniter))
#11 C:\xampp\htdocs\lab11_ci\ci4\public\index.php(59): CodeIgniter\Boot::bootWeb(Object(Config\Paths))
#12 C:\xampp\htdocs\lab11_ci\ci4\system\rewrite.php(44): require_once('C:\\xampp\\htdocs...')
#13 {main}
CRITICAL - 2026-03-08 03:00:45 --> CodeIgniter\Database\Exceptions\DatabaseException: Unable to connect to the database.
Main connection [MySQLi]: Access denied for user ''@'localhost' (using password: NO)
[Method: GET, Route: artikel]
in SYSTEMPATH\Database\BaseConnection.php on line 465.
 1 SYSTEMPATH\Database\BaseConnection.php(654): CodeIgniter\Database\BaseConnection->initialize()
 2 SYSTEMPATH\Database\BaseBuilder.php(1649): CodeIgniter\Database\BaseConnection->query('SELECT *
FROM `artikel`', [], false)
 3 SYSTEMPATH\Model.php(254): CodeIgniter\Database\BaseBuilder->get()
 4 SYSTEMPATH\BaseModel.php(675): CodeIgniter\Model->doFindAll(0, 0)
 5 APPPATH\Controllers\Artikel.php(13): CodeIgniter\BaseModel->findAll()
 6 SYSTEMPATH\CodeIgniter.php(951): App\Controllers\Artikel->index()
 7 SYSTEMPATH\CodeIgniter.php(497): CodeIgniter\CodeIgniter->runController(Object(App\Controllers\Artikel))
 8 SYSTEMPATH\CodeIgniter.php(340): CodeIgniter\CodeIgniter->handleRequest(null, Object(Config\Cache), false)
 9 SYSTEMPATH\Boot.php(417): CodeIgniter\CodeIgniter->run()
10 SYSTEMPATH\Boot.php(68): CodeIgniter\Boot::runCodeIgniter(Object(CodeIgniter\CodeIgniter))
11 FCPATH\index.php(59): CodeIgniter\Boot::bootWeb(Object(Config\Paths))
12 SYSTEMPATH\rewrite.php(44): require_once('C:\\xampp\\htdocs\\lab11_ci\\ci4\\public\\index.php')
ERROR - 2026-03-08 03:00:45 --> Error connecting to the database: mysqli_sql_exception: Access denied for user ''@'localhost' (using password: NO) in C:\xampp\htdocs\lab11_ci\ci4\system\Database\MySQLi\Connection.php:201
Stack trace:
#0 C:\xampp\htdocs\lab11_ci\ci4\system\Database\MySQLi\Connection.php(201): mysqli->real_connect('localhost', '', Object(SensitiveParameterValue), '', 3306, '', 0)
#1 C:\xampp\htdocs\lab11_ci\ci4\system\Database\BaseConnection.php(419): CodeIgniter\Database\MySQLi\Connection->connect(false)
#2 C:\xampp\htdocs\lab11_ci\ci4\system\Database\BaseConnection.php(654): CodeIgniter\Database\BaseConnection->initialize()
#3 C:\xampp\htdocs\lab11_ci\ci4\system\Database\BaseBuilder.php(1649): CodeIgniter\Database\BaseConnection->query('SELECT *\nFROM `...', Array, false)
#4 C:\xampp\htdocs\lab11_ci\ci4\system\Model.php(254): CodeIgniter\Database\BaseBuilder->get()
#5 C:\xampp\htdocs\lab11_ci\ci4\system\BaseModel.php(675): CodeIgniter\Model->doFindAll(0, 0)
#6 C:\xampp\htdocs\lab11_ci\ci4\app\Controllers\Artikel.php(13): CodeIgniter\BaseModel->findAll()
#7 C:\xampp\htdocs\lab11_ci\ci4\system\CodeIgniter.php(951): App\Controllers\Artikel->index()
#8 C:\xampp\htdocs\lab11_ci\ci4\system\CodeIgniter.php(497): CodeIgniter\CodeIgniter->runController(Object(App\Controllers\Artikel))
#9 C:\xampp\htdocs\lab11_ci\ci4\system\CodeIgniter.php(340): CodeIgniter\CodeIgniter->handleRequest(NULL, Object(Config\Cache), false)
#10 C:\xampp\htdocs\lab11_ci\ci4\system\Boot.php(417): CodeIgniter\CodeIgniter->run()
#11 C:\xampp\htdocs\lab11_ci\ci4\system\Boot.php(68): CodeIgniter\Boot::runCodeIgniter(Object(CodeIgniter\CodeIgniter))
#12 C:\xampp\htdocs\lab11_ci\ci4\public\index.php(59): CodeIgniter\Boot::bootWeb(Object(Config\Paths))
#13 C:\xampp\htdocs\lab11_ci\ci4\system\rewrite.php(44): require_once('C:\\xampp\\htdocs...')
#14 {main}

Next CodeIgniter\Database\Exceptions\DatabaseException: Access denied for user ''@'localhost' (using password: NO) in C:\xampp\htdocs\lab11_ci\ci4\system\Database\MySQLi\Connection.php:231
Stack trace:
#0 C:\xampp\htdocs\lab11_ci\ci4\system\Database\BaseConnection.php(419): CodeIgniter\Database\MySQLi\Connection->connect(false)
#1 C:\xampp\htdocs\lab11_ci\ci4\system\Database\BaseConnection.php(654): CodeIgniter\Database\BaseConnection->initialize()
#2 C:\xampp\htdocs\lab11_ci\ci4\system\Database\BaseBuilder.php(1649): CodeIgniter\Database\BaseConnection->query('SELECT *\nFROM `...', Array, false)
#3 C:\xampp\htdocs\lab11_ci\ci4\system\Model.php(254): CodeIgniter\Database\BaseBuilder->get()
#4 C:\xampp\htdocs\lab11_ci\ci4\system\BaseModel.php(675): CodeIgniter\Model->doFindAll(0, 0)
#5 C:\xampp\htdocs\lab11_ci\ci4\app\Controllers\Artikel.php(13): CodeIgniter\BaseModel->findAll()
#6 C:\xampp\htdocs\lab11_ci\ci4\system\CodeIgniter.php(951): App\Controllers\Artikel->index()
#7 C:\xampp\htdocs\lab11_ci\ci4\system\CodeIgniter.php(497): CodeIgniter\CodeIgniter->runController(Object(App\Controllers\Artikel))
#8 C:\xampp\htdocs\lab11_ci\ci4\system\CodeIgniter.php(340): CodeIgniter\CodeIgniter->handleRequest(NULL, Object(Config\Cache), false)
#9 C:\xampp\htdocs\lab11_ci\ci4\system\Boot.php(417): CodeIgniter\CodeIgniter->run()
#10 C:\xampp\htdocs\lab11_ci\ci4\system\Boot.php(68): CodeIgniter\Boot::runCodeIgniter(Object(CodeIgniter\CodeIgniter))
#11 C:\xampp\htdocs\lab11_ci\ci4\public\index.php(59): CodeIgniter\Boot::bootWeb(Object(Config\Paths))
#12 C:\xampp\htdocs\lab11_ci\ci4\system\rewrite.php(44): require_once('C:\\xampp\\htdocs...')
#13 {main}
CRITICAL - 2026-03-08 03:00:45 --> CodeIgniter\Database\Exceptions\DatabaseException: Unable to connect to the database.
Main connection [MySQLi]: Access denied for user ''@'localhost' (using password: NO)
[Method: GET, Route: artikel]
in SYSTEMPATH\Database\BaseConnection.php on line 465.
 1 SYSTEMPATH\Database\BaseConnection.php(654): CodeIgniter\Database\BaseConnection->initialize()
 2 SYSTEMPATH\Database\BaseBuilder.php(1649): CodeIgniter\Database\BaseConnection->query('SELECT *
FROM `artikel`', [], false)
 3 SYSTEMPATH\Model.php(254): CodeIgniter\Database\BaseBuilder->get()
 4 SYSTEMPATH\BaseModel.php(675): CodeIgniter\Model->doFindAll(0, 0)
 5 APPPATH\Controllers\Artikel.php(13): CodeIgniter\BaseModel->findAll()
 6 SYSTEMPATH\CodeIgniter.php(951): App\Controllers\Artikel->index()
 7 SYSTEMPATH\CodeIgniter.php(497): CodeIgniter\CodeIgniter->runController(Object(App\Controllers\Artikel))
 8 SYSTEMPATH\CodeIgniter.php(340): CodeIgniter\CodeIgniter->handleRequest(null, Object(Config\Cache), false)
 9 SYSTEMPATH\Boot.php(417): CodeIgniter\CodeIgniter->run()
10 SYSTEMPATH\Boot.php(68): CodeIgniter\Boot::runCodeIgniter(Object(CodeIgniter\CodeIgniter))
11 FCPATH\index.php(59): CodeIgniter\Boot::bootWeb(Object(Config\Paths))
12 SYSTEMPATH\rewrite.php(44): require_once('C:\\xampp\\htdocs\\lab11_ci\\ci4\\public\\index.php')
ERROR - 2026-03-08 03:00:46 --> Error connecting to the database: mysqli_sql_exception: Access denied for user ''@'localhost' (using password: NO) in C:\xampp\htdocs\lab11_ci\ci4\system\Database\MySQLi\Connection.php:201
Stack trace:
#0 C:\xampp\htdocs\lab11_ci\ci4\system\Database\MySQLi\Connection.php(201): mysqli->real_connect('localhost', '', Object(SensitiveParameterValue), '', 3306, '', 0)
#1 C:\xampp\htdocs\lab11_ci\ci4\system\Database\BaseConnection.php(419): CodeIgniter\Database\MySQLi\Connection->connect(false)
#2 C:\xampp\htdocs\lab11_ci\ci4\system\Database\BaseConnection.php(654): CodeIgniter\Database\BaseConnection->initialize()
#3 C:\xampp\htdocs\lab11_ci\ci4\system\Database\BaseBuilder.php(1649): CodeIgniter\Database\BaseConnection->query('SELECT *\nFROM `...', Array, false)
#4 C:\xampp\htdocs\lab11_ci\ci4\system\Model.php(254): CodeIgniter\Database\BaseBuilder->get()
#5 C:\xampp\htdocs\lab11_ci\ci4\system\BaseModel.php(675): CodeIgniter\Model->doFindAll(0, 0)
#6 C:\xampp\htdocs\lab11_ci\ci4\app\Controllers\Artikel.php(13): CodeIgniter\BaseModel->findAll()
#7 C:\xampp\htdocs\lab11_ci\ci4\system\CodeIgniter.php(951): App\Controllers\Artikel->index()
#8 C:\xampp\htdocs\lab11_ci\ci4\system\CodeIgniter.php(497): CodeIgniter\CodeIgniter->runController(Object(App\Controllers\Artikel))
#9 C:\xampp\htdocs\lab11_ci\ci4\system\CodeIgniter.php(340): CodeIgniter\CodeIgniter->handleRequest(NULL, Object(Config\Cache), false)
#10 C:\xampp\htdocs\lab11_ci\ci4\system\Boot.php(417): CodeIgniter\CodeIgniter->run()
#11 C:\xampp\htdocs\lab11_ci\ci4\system\Boot.php(68): CodeIgniter\Boot::runCodeIgniter(Object(CodeIgniter\CodeIgniter))
#12 C:\xampp\htdocs\lab11_ci\ci4\public\index.php(59): CodeIgniter\Boot::bootWeb(Object(Config\Paths))
#13 C:\xampp\htdocs\lab11_ci\ci4\system\rewrite.php(44): require_once('C:\\xampp\\htdocs...')
#14 {main}

Next CodeIgniter\Database\Exceptions\DatabaseException: Access denied for user ''@'localhost' (using password: NO) in C:\xampp\htdocs\lab11_ci\ci4\system\Database\MySQLi\Connection.php:231
Stack trace:
#0 C:\xampp\htdocs\lab11_ci\ci4\system\Database\BaseConnection.php(419): CodeIgniter\Database\MySQLi\Connection->connect(false)
#1 C:\xampp\htdocs\lab11_ci\ci4\system\Database\BaseConnection.php(654): CodeIgniter\Database\BaseConnection->initialize()
#2 C:\xampp\htdocs\lab11_ci\ci4\system\Database\BaseBuilder.php(1649): CodeIgniter\Database\BaseConnection->query('SELECT *\nFROM `...', Array, false)
#3 C:\xampp\htdocs\lab11_ci\ci4\system\Model.php(254): CodeIgniter\Database\BaseBuilder->get()
#4 C:\xampp\htdocs\lab11_ci\ci4\system\BaseModel.php(675): CodeIgniter\Model->doFindAll(0, 0)
#5 C:\xampp\htdocs\lab11_ci\ci4\app\Controllers\Artikel.php(13): CodeIgniter\BaseModel->findAll()
#6 C:\xampp\htdocs\lab11_ci\ci4\system\CodeIgniter.php(951): App\Controllers\Artikel->index()
#7 C:\xampp\htdocs\lab11_ci\ci4\system\CodeIgniter.php(497): CodeIgniter\CodeIgniter->runController(Object(App\Controllers\Artikel))
#8 C:\xampp\htdocs\lab11_ci\ci4\system\CodeIgniter.php(340): CodeIgniter\CodeIgniter->handleRequest(NULL, Object(Config\Cache), false)
#9 C:\xampp\htdocs\lab11_ci\ci4\system\Boot.php(417): CodeIgniter\CodeIgniter->run()
#10 C:\xampp\htdocs\lab11_ci\ci4\system\Boot.php(68): CodeIgniter\Boot::runCodeIgniter(Object(CodeIgniter\CodeIgniter))
#11 C:\xampp\htdocs\lab11_ci\ci4\public\index.php(59): CodeIgniter\Boot::bootWeb(Object(Config\Paths))
#12 C:\xampp\htdocs\lab11_ci\ci4\system\rewrite.php(44): require_once('C:\\xampp\\htdocs...')
#13 {main}
CRITICAL - 2026-03-08 03:00:46 --> CodeIgniter\Database\Exceptions\DatabaseException: Unable to connect to the database.
Main connection [MySQLi]: Access denied for user ''@'localhost' (using password: NO)
[Method: GET, Route: artikel]
in SYSTEMPATH\Database\BaseConnection.php on line 465.
 1 SYSTEMPATH\Database\BaseConnection.php(654): CodeIgniter\Database\BaseConnection->initialize()
 2 SYSTEMPATH\Database\BaseBuilder.php(1649): CodeIgniter\Database\BaseConnection->query('SELECT *
FROM `artikel`', [], false)
 3 SYSTEMPATH\Model.php(254): CodeIgniter\Database\BaseBuilder->get()
 4 SYSTEMPATH\BaseModel.php(675): CodeIgniter\Model->doFindAll(0, 0)
 5 APPPATH\Controllers\Artikel.php(13): CodeIgniter\BaseModel->findAll()
 6 SYSTEMPATH\CodeIgniter.php(951): App\Controllers\Artikel->index()
 7 SYSTEMPATH\CodeIgniter.php(497): CodeIgniter\CodeIgniter->runController(Object(App\Controllers\Artikel))
 8 SYSTEMPATH\CodeIgniter.php(340): CodeIgniter\CodeIgniter->handleRequest(null, Object(Config\Cache), false)
 9 SYSTEMPATH\Boot.php(417): CodeIgniter\CodeIgniter->run()
10 SYSTEMPATH\Boot.php(68): CodeIgniter\Boot::runCodeIgniter(Object(CodeIgniter\CodeIgniter))
11 FCPATH\index.php(59): CodeIgniter\Boot::bootWeb(Object(Config\Paths))
12 SYSTEMPATH\rewrite.php(44): require_once('C:\\xampp\\htdocs\\lab11_ci\\ci4\\public\\index.php')
ERROR - 2026-03-08 03:00:46 --> Error connecting to the database: mysqli_sql_exception: Access denied for user ''@'localhost' (using password: NO) in C:\xampp\htdocs\lab11_ci\ci4\system\Database\MySQLi\Connection.php:201
Stack trace:
#0 C:\xampp\htdocs\lab11_ci\ci4\system\Database\MySQLi\Connection.php(201): mysqli->real_connect('localhost', '', Object(SensitiveParameterValue), '', 3306, '', 0)
#1 C:\xampp\htdocs\lab11_ci\ci4\system\Database\BaseConnection.php(419): CodeIgniter\Database\MySQLi\Connection->connect(false)
#2 C:\xampp\htdocs\lab11_ci\ci4\system\Database\BaseConnection.php(654): CodeIgniter\Database\BaseConnection->initialize()
#3 C:\xampp\htdocs\lab11_ci\ci4\system\Database\BaseBuilder.php(1649): CodeIgniter\Database\BaseConnection->query('SELECT *\nFROM `...', Array, false)
#4 C:\xampp\htdocs\lab11_ci\ci4\system\Model.php(254): CodeIgniter\Database\BaseBuilder->get()
#5 C:\xampp\htdocs\lab11_ci\ci4\system\BaseModel.php(675): CodeIgniter\Model->doFindAll(0, 0)
#6 C:\xampp\htdocs\lab11_ci\ci4\app\Controllers\Artikel.php(13): CodeIgniter\BaseModel->findAll()
#7 C:\xampp\htdocs\lab11_ci\ci4\system\CodeIgniter.php(951): App\Controllers\Artikel->index()
#8 C:\xampp\htdocs\lab11_ci\ci4\system\CodeIgniter.php(497): CodeIgniter\CodeIgniter->runController(Object(App\Controllers\Artikel))
#9 C:\xampp\htdocs\lab11_ci\ci4\system\CodeIgniter.php(340): CodeIgniter\CodeIgniter->handleRequest(NULL, Object(Config\Cache), false)
#10 C:\xampp\htdocs\lab11_ci\ci4\system\Boot.php(417): CodeIgniter\CodeIgniter->run()
#11 C:\xampp\htdocs\lab11_ci\ci4\system\Boot.php(68): CodeIgniter\Boot::runCodeIgniter(Object(CodeIgniter\CodeIgniter))
#12 C:\xampp\htdocs\lab11_ci\ci4\public\index.php(59): CodeIgniter\Boot::bootWeb(Object(Config\Paths))
#13 C:\xampp\htdocs\lab11_ci\ci4\system\rewrite.php(44): require_once('C:\\xampp\\htdocs...')
#14 {main}

Next CodeIgniter\Database\Exceptions\DatabaseException: Access denied for user ''@'localhost' (using password: NO) in C:\xampp\htdocs\lab11_ci\ci4\system\Database\MySQLi\Connection.php:231
Stack trace:
#0 C:\xampp\htdocs\lab11_ci\ci4\system\Database\BaseConnection.php(419): CodeIgniter\Database\MySQLi\Connection->connect(false)
#1 C:\xampp\htdocs\lab11_ci\ci4\system\Database\BaseConnection.php(654): CodeIgniter\Database\BaseConnection->initialize()
#2 C:\xampp\htdocs\lab11_ci\ci4\system\Database\BaseBuilder.php(1649): CodeIgniter\Database\BaseConnection->query('SELECT *\nFROM `...', Array, false)
#3 C:\xampp\htdocs\lab11_ci\ci4\system\Model.php(254): CodeIgniter\Database\BaseBuilder->get()
#4 C:\xampp\htdocs\lab11_ci\ci4\system\BaseModel.php(675): CodeIgniter\Model->doFindAll(0, 0)
#5 C:\xampp\htdocs\lab11_ci\ci4\app\Controllers\Artikel.php(13): CodeIgniter\BaseModel->findAll()
#6 C:\xampp\htdocs\lab11_ci\ci4\system\CodeIgniter.php(951): App\Controllers\Artikel->index()
#7 C:\xampp\htdocs\lab11_ci\ci4\system\CodeIgniter.php(497): CodeIgniter\CodeIgniter->runController(Object(App\Controllers\Artikel))
#8 C:\xampp\htdocs\lab11_ci\ci4\system\CodeIgniter.php(340): CodeIgniter\CodeIgniter->handleRequest(NULL, Object(Config\Cache), false)
#9 C:\xampp\htdocs\lab11_ci\ci4\system\Boot.php(417): CodeIgniter\CodeIgniter->run()
#10 C:\xampp\htdocs\lab11_ci\ci4\system\Boot.php(68): CodeIgniter\Boot::runCodeIgniter(Object(CodeIgniter\CodeIgniter))
#11 C:\xampp\htdocs\lab11_ci\ci4\public\index.php(59): CodeIgniter\Boot::bootWeb(Object(Config\Paths))
#12 C:\xampp\htdocs\lab11_ci\ci4\system\rewrite.php(44): require_once('C:\\xampp\\htdocs...')
#13 {main}
CRITICAL - 2026-03-08 03:00:46 --> CodeIgniter\Database\Exceptions\DatabaseException: Unable to connect to the database.
Main connection [MySQLi]: Access denied for user ''@'localhost' (using password: NO)
[Method: GET, Route: artikel]
in SYSTEMPATH\Database\BaseConnection.php on line 465.
 1 SYSTEMPATH\Database\BaseConnection.php(654): CodeIgniter\Database\BaseConnection->initialize()
 2 SYSTEMPATH\Database\BaseBuilder.php(1649): CodeIgniter\Database\BaseConnection->query('SELECT *
FROM `artikel`', [], false)
 3 SYSTEMPATH\Model.php(254): CodeIgniter\Database\BaseBuilder->get()
 4 SYSTEMPATH\BaseModel.php(675): CodeIgniter\Model->doFindAll(0, 0)
 5 APPPATH\Controllers\Artikel.php(13): CodeIgniter\BaseModel->findAll()
 6 SYSTEMPATH\CodeIgniter.php(951): App\Controllers\Artikel->index()
 7 SYSTEMPATH\CodeIgniter.php(497): CodeIgniter\CodeIgniter->runController(Object(App\Controllers\Artikel))
 8 SYSTEMPATH\CodeIgniter.php(340): CodeIgniter\CodeIgniter->handleRequest(null, Object(Config\Cache), false)
 9 SYSTEMPATH\Boot.php(417): CodeIgniter\CodeIgniter->run()
10 SYSTEMPATH\Boot.php(68): CodeIgniter\Boot::runCodeIgniter(Object(CodeIgniter\CodeIgniter))
11 FCPATH\index.php(59): CodeIgniter\Boot::bootWeb(Object(Config\Paths))
12 SYSTEMPATH\rewrite.php(44): require_once('C:\\xampp\\htdocs\\lab11_ci\\ci4\\public\\index.php')
ERROR - 2026-03-08 03:02:56 --> Error connecting to the database: mysqli_sql_exception: Access denied for user ''@'localhost' (using password: NO) in C:\xampp\htdocs\lab11_ci\ci4\system\Database\MySQLi\Connection.php:201
Stack trace:
#0 C:\xampp\htdocs\lab11_ci\ci4\system\Database\MySQLi\Connection.php(201): mysqli->real_connect('localhost', '', Object(SensitiveParameterValue), '', 3306, '', 0)
#1 C:\xampp\htdocs\lab11_ci\ci4\system\Database\BaseConnection.php(419): CodeIgniter\Database\MySQLi\Connection->connect(false)
#2 C:\xampp\htdocs\lab11_ci\ci4\system\Database\BaseConnection.php(654): CodeIgniter\Database\BaseConnection->initialize()
#3 C:\xampp\htdocs\lab11_ci\ci4\system\Database\BaseBuilder.php(1649): CodeIgniter\Database\BaseConnection->query('SELECT *\nFROM `...', Array, false)
#4 C:\xampp\htdocs\lab11_ci\ci4\system\Model.php(254): CodeIgniter\Database\BaseBuilder->get()
#5 C:\xampp\htdocs\lab11_ci\ci4\system\BaseModel.php(675): CodeIgniter\Model->doFindAll(0, 0)
#6 C:\xampp\htdocs\lab11_ci\ci4\app\Controllers\Artikel.php(13): CodeIgniter\BaseModel->findAll()
#7 C:\xampp\htdocs\lab11_ci\ci4\system\CodeIgniter.php(951): App\Controllers\Artikel->index()
#8 C:\xampp\htdocs\lab11_ci\ci4\system\CodeIgniter.php(497): CodeIgniter\CodeIgniter->runController(Object(App\Controllers\Artikel))
#9 C:\xampp\htdocs\lab11_ci\ci4\system\CodeIgniter.php(340): CodeIgniter\CodeIgniter->handleRequest(NULL, Object(Config\Cache), false)
#10 C:\xampp\htdocs\lab11_ci\ci4\system\Boot.php(417): CodeIgniter\CodeIgniter->run()
#11 C:\xampp\htdocs\lab11_ci\ci4\system\Boot.php(68): CodeIgniter\Boot::runCodeIgniter(Object(CodeIgniter\CodeIgniter))
#12 C:\xampp\htdocs\lab11_ci\ci4\public\index.php(59): CodeIgniter\Boot::bootWeb(Object(Config\Paths))
#13 C:\xampp\htdocs\lab11_ci\ci4\system\rewrite.php(44): require_once('C:\\xampp\\htdocs...')
#14 {main}

Next CodeIgniter\Database\Exceptions\DatabaseException: Access denied for user ''@'localhost' (using password: NO) in C:\xampp\htdocs\lab11_ci\ci4\system\Database\MySQLi\Connection.php:231
Stack trace:
#0 C:\xampp\htdocs\lab11_ci\ci4\system\Database\BaseConnection.php(419): CodeIgniter\Database\MySQLi\Connection->connect(false)
#1 C:\xampp\htdocs\lab11_ci\ci4\system\Database\BaseConnection.php(654): CodeIgniter\Database\BaseConnection->initialize()
#2 C:\xampp\htdocs\lab11_ci\ci4\system\Database\BaseBuilder.php(1649): CodeIgniter\Database\BaseConnection->query('SELECT *\nFROM `...', Array, false)
#3 C:\xampp\htdocs\lab11_ci\ci4\system\Model.php(254): CodeIgniter\Database\BaseBuilder->get()
#4 C:\xampp\htdocs\lab11_ci\ci4\system\BaseModel.php(675): CodeIgniter\Model->doFindAll(0, 0)
#5 C:\xampp\htdocs\lab11_ci\ci4\app\Controllers\Artikel.php(13): CodeIgniter\BaseModel->findAll()
#6 C:\xampp\htdocs\lab11_ci\ci4\system\CodeIgniter.php(951): App\Controllers\Artikel->index()
#7 C:\xampp\htdocs\lab11_ci\ci4\system\CodeIgniter.php(497): CodeIgniter\CodeIgniter->runController(Object(App\Controllers\Artikel))
#8 C:\xampp\htdocs\lab11_ci\ci4\system\CodeIgniter.php(340): CodeIgniter\CodeIgniter->handleRequest(NULL, Object(Config\Cache), false)
#9 C:\xampp\htdocs\lab11_ci\ci4\system\Boot.php(417): CodeIgniter\CodeIgniter->run()
#10 C:\xampp\htdocs\lab11_ci\ci4\system\Boot.php(68): CodeIgniter\Boot::runCodeIgniter(Object(CodeIgniter\CodeIgniter))
#11 C:\xampp\htdocs\lab11_ci\ci4\public\index.php(59): CodeIgniter\Boot::bootWeb(Object(Config\Paths))
#12 C:\xampp\htdocs\lab11_ci\ci4\system\rewrite.php(44): require_once('C:\\xampp\\htdocs...')
#13 {main}
CRITICAL - 2026-03-08 03:02:56 --> CodeIgniter\Database\Exceptions\DatabaseException: Unable to connect to the database.
Main connection [MySQLi]: Access denied for user ''@'localhost' (using password: NO)
[Method: GET, Route: artikel]
in SYSTEMPATH\Database\BaseConnection.php on line 465.
 1 SYSTEMPATH\Database\BaseConnection.php(654): CodeIgniter\Database\BaseConnection->initialize()
 2 SYSTEMPATH\Database\BaseBuilder.php(1649): CodeIgniter\Database\BaseConnection->query('SELECT *
FROM `artikel`', [], false)
 3 SYSTEMPATH\Model.php(254): CodeIgniter\Database\BaseBuilder->get()
 4 SYSTEMPATH\BaseModel.php(675): CodeIgniter\Model->doFindAll(0, 0)
 5 APPPATH\Controllers\Artikel.php(13): CodeIgniter\BaseModel->findAll()
 6 SYSTEMPATH\CodeIgniter.php(951): App\Controllers\Artikel->index()
 7 SYSTEMPATH\CodeIgniter.php(497): CodeIgniter\CodeIgniter->runController(Object(App\Controllers\Artikel))
 8 SYSTEMPATH\CodeIgniter.php(340): CodeIgniter\CodeIgniter->handleRequest(null, Object(Config\Cache), false)
 9 SYSTEMPATH\Boot.php(417): CodeIgniter\CodeIgniter->run()
10 SYSTEMPATH\Boot.php(68): CodeIgniter\Boot::runCodeIgniter(Object(CodeIgniter\CodeIgniter))
11 FCPATH\index.php(59): CodeIgniter\Boot::bootWeb(Object(Config\Paths))
12 SYSTEMPATH\rewrite.php(44): require_once('C:\\xampp\\htdocs\\lab11_ci\\ci4\\public\\index.php')
ERROR - 2026-03-08 03:02:56 --> Error connecting to the database: mysqli_sql_exception: Access denied for user ''@'localhost' (using password: NO) in C:\xampp\htdocs\lab11_ci\ci4\system\Database\MySQLi\Connection.php:201
Stack trace:
#0 C:\xampp\htdocs\lab11_ci\ci4\system\Database\MySQLi\Connection.php(201): mysqli->real_connect('localhost', '', Object(SensitiveParameterValue), '', 3306, '', 0)
#1 C:\xampp\htdocs\lab11_ci\ci4\system\Database\BaseConnection.php(419): CodeIgniter\Database\MySQLi\Connection->connect(false)
#2 C:\xampp\htdocs\lab11_ci\ci4\system\Database\BaseConnection.php(654): CodeIgniter\Database\BaseConnection->initialize()
#3 C:\xampp\htdocs\lab11_ci\ci4\system\Database\BaseBuilder.php(1649): CodeIgniter\Database\BaseConnection->query('SELECT *\nFROM `...', Array, false)
#4 C:\xampp\htdocs\lab11_ci\ci4\system\Model.php(254): CodeIgniter\Database\BaseBuilder->get()
#5 C:\xampp\htdocs\lab11_ci\ci4\system\BaseModel.php(675): CodeIgniter\Model->doFindAll(0, 0)
#6 C:\xampp\htdocs\lab11_ci\ci4\app\Controllers\Artikel.php(13): CodeIgniter\BaseModel->findAll()
#7 C:\xampp\htdocs\lab11_ci\ci4\system\CodeIgniter.php(951): App\Controllers\Artikel->index()
#8 C:\xampp\htdocs\lab11_ci\ci4\system\CodeIgniter.php(497): CodeIgniter\CodeIgniter->runController(Object(App\Controllers\Artikel))
#9 C:\xampp\htdocs\lab11_ci\ci4\system\CodeIgniter.php(340): CodeIgniter\CodeIgniter->handleRequest(NULL, Object(Config\Cache), false)
#10 C:\xampp\htdocs\lab11_ci\ci4\system\Boot.php(417): CodeIgniter\CodeIgniter->run()
#11 C:\xampp\htdocs\lab11_ci\ci4\system\Boot.php(68): CodeIgniter\Boot::runCodeIgniter(Object(CodeIgniter\CodeIgniter))
#12 C:\xampp\htdocs\lab11_ci\ci4\public\index.php(59): CodeIgniter\Boot::bootWeb(Object(Config\Paths))
#13 C:\xampp\htdocs\lab11_ci\ci4\system\rewrite.php(44): require_once('C:\\xampp\\htdocs...')
#14 {main}

Next CodeIgniter\Database\Exceptions\DatabaseException: Access denied for user ''@'localhost' (using password: NO) in C:\xampp\htdocs\lab11_ci\ci4\system\Database\MySQLi\Connection.php:231
Stack trace:
#0 C:\xampp\htdocs\lab11_ci\ci4\system\Database\BaseConnection.php(419): CodeIgniter\Database\MySQLi\Connection->connect(false)
#1 C:\xampp\htdocs\lab11_ci\ci4\system\Database\BaseConnection.php(654): CodeIgniter\Database\BaseConnection->initialize()
#2 C:\xampp\htdocs\lab11_ci\ci4\system\Database\BaseBuilder.php(1649): CodeIgniter\Database\BaseConnection->query('SELECT *\nFROM `...', Array, false)
#3 C:\xampp\htdocs\lab11_ci\ci4\system\Model.php(254): CodeIgniter\Database\BaseBuilder->get()
#4 C:\xampp\htdocs\lab11_ci\ci4\system\BaseModel.php(675): CodeIgniter\Model->doFindAll(0, 0)
#5 C:\xampp\htdocs\lab11_ci\ci4\app\Controllers\Artikel.php(13): CodeIgniter\BaseModel->findAll()
#6 C:\xampp\htdocs\lab11_ci\ci4\system\CodeIgniter.php(951): App\Controllers\Artikel->index()
#7 C:\xampp\htdocs\lab11_ci\ci4\system\CodeIgniter.php(497): CodeIgniter\CodeIgniter->runController(Object(App\Controllers\Artikel))
#8 C:\xampp\htdocs\lab11_ci\ci4\system\CodeIgniter.php(340): CodeIgniter\CodeIgniter->handleRequest(NULL, Object(Config\Cache), false)
#9 C:\xampp\htdocs\lab11_ci\ci4\system\Boot.php(417): CodeIgniter\CodeIgniter->run()
#10 C:\xampp\htdocs\lab11_ci\ci4\system\Boot.php(68): CodeIgniter\Boot::runCodeIgniter(Object(CodeIgniter\CodeIgniter))
#11 C:\xampp\htdocs\lab11_ci\ci4\public\index.php(59): CodeIgniter\Boot::bootWeb(Object(Config\Paths))
#12 C:\xampp\htdocs\lab11_ci\ci4\system\rewrite.php(44): require_once('C:\\xampp\\htdocs...')
#13 {main}
CRITICAL - 2026-03-08 03:02:56 --> CodeIgniter\Database\Exceptions\DatabaseException: Unable to connect to the database.
Main connection [MySQLi]: Access denied for user ''@'localhost' (using password: NO)
[Method: GET, Route: artikel]
in SYSTEMPATH\Database\BaseConnection.php on line 465.
 1 SYSTEMPATH\Database\BaseConnection.php(654): CodeIgniter\Database\BaseConnection->initialize()
 2 SYSTEMPATH\Database\BaseBuilder.php(1649): CodeIgniter\Database\BaseConnection->query('SELECT *
FROM `artikel`', [], false)
 3 SYSTEMPATH\Model.php(254): CodeIgniter\Database\BaseBuilder->get()
 4 SYSTEMPATH\BaseModel.php(675): CodeIgniter\Model->doFindAll(0, 0)
 5 APPPATH\Controllers\Artikel.php(13): CodeIgniter\BaseModel->findAll()
 6 SYSTEMPATH\CodeIgniter.php(951): App\Controllers\Artikel->index()
 7 SYSTEMPATH\CodeIgniter.php(497): CodeIgniter\CodeIgniter->runController(Object(App\Controllers\Artikel))
 8 SYSTEMPATH\CodeIgniter.php(340): CodeIgniter\CodeIgniter->handleRequest(null, Object(Config\Cache), false)
 9 SYSTEMPATH\Boot.php(417): CodeIgniter\CodeIgniter->run()
10 SYSTEMPATH\Boot.php(68): CodeIgniter\Boot::runCodeIgniter(Object(CodeIgniter\CodeIgniter))
11 FCPATH\index.php(59): CodeIgniter\Boot::bootWeb(Object(Config\Paths))
12 SYSTEMPATH\rewrite.php(44): require_once('C:\\xampp\\htdocs\\lab11_ci\\ci4\\public\\index.php')
ERROR - 2026-03-08 03:02:57 --> Error connecting to the database: mysqli_sql_exception: Access denied for user ''@'localhost' (using password: NO) in C:\xampp\htdocs\lab11_ci\ci4\system\Database\MySQLi\Connection.php:201
Stack trace:
#0 C:\xampp\htdocs\lab11_ci\ci4\system\Database\MySQLi\Connection.php(201): mysqli->real_connect('localhost', '', Object(SensitiveParameterValue), '', 3306, '', 0)
#1 C:\xampp\htdocs\lab11_ci\ci4\system\Database\BaseConnection.php(419): CodeIgniter\Database\MySQLi\Connection->connect(false)
#2 C:\xampp\htdocs\lab11_ci\ci4\system\Database\BaseConnection.php(654): CodeIgniter\Database\BaseConnection->initialize()
#3 C:\xampp\htdocs\lab11_ci\ci4\system\Database\BaseBuilder.php(1649): CodeIgniter\Database\BaseConnection->query('SELECT *\nFROM `...', Array, false)
#4 C:\xampp\htdocs\lab11_ci\ci4\system\Model.php(254): CodeIgniter\Database\BaseBuilder->get()
#5 C:\xampp\htdocs\lab11_ci\ci4\system\BaseModel.php(675): CodeIgniter\Model->doFindAll(0, 0)
#6 C:\xampp\htdocs\lab11_ci\ci4\app\Controllers\Artikel.php(13): CodeIgniter\BaseModel->findAll()
#7 C:\xampp\htdocs\lab11_ci\ci4\system\CodeIgniter.php(951): App\Controllers\Artikel->index()
#8 C:\xampp\htdocs\lab11_ci\ci4\system\CodeIgniter.php(497): CodeIgniter\CodeIgniter->runController(Object(App\Controllers\Artikel))
#9 C:\xampp\htdocs\lab11_ci\ci4\system\CodeIgniter.php(340): CodeIgniter\CodeIgniter->handleRequest(NULL, Object(Config\Cache), false)
#10 C:\xampp\htdocs\lab11_ci\ci4\system\Boot.php(417): CodeIgniter\CodeIgniter->run()
#11 C:\xampp\htdocs\lab11_ci\ci4\system\Boot.php(68): CodeIgniter\Boot::runCodeIgniter(Object(CodeIgniter\CodeIgniter))
#12 C:\xampp\htdocs\lab11_ci\ci4\public\index.php(59): CodeIgniter\Boot::bootWeb(Object(Config\Paths))
#13 C:\xampp\htdocs\lab11_ci\ci4\system\rewrite.php(44): require_once('C:\\xampp\\htdocs...')
#14 {main}

Next CodeIgniter\Database\Exceptions\DatabaseException: Access denied for user ''@'localhost' (using password: NO) in C:\xampp\htdocs\lab11_ci\ci4\system\Database\MySQLi\Connection.php:231
Stack trace:
#0 C:\xampp\htdocs\lab11_ci\ci4\system\Database\BaseConnection.php(419): CodeIgniter\Database\MySQLi\Connection->connect(false)
#1 C:\xampp\htdocs\lab11_ci\ci4\system\Database\BaseConnection.php(654): CodeIgniter\Database\BaseConnection->initialize()
#2 C:\xampp\htdocs\lab11_ci\ci4\system\Database\BaseBuilder.php(1649): CodeIgniter\Database\BaseConnection->query('SELECT *\nFROM `...', Array, false)
#3 C:\xampp\htdocs\lab11_ci\ci4\system\Model.php(254): CodeIgniter\Database\BaseBuilder->get()
#4 C:\xampp\htdocs\lab11_ci\ci4\system\BaseModel.php(675): CodeIgniter\Model->doFindAll(0, 0)
#5 C:\xampp\htdocs\lab11_ci\ci4\app\Controllers\Artikel.php(13): CodeIgniter\BaseModel->findAll()
#6 C:\xampp\htdocs\lab11_ci\ci4\system\CodeIgniter.php(951): App\Controllers\Artikel->index()
#7 C:\xampp\htdocs\lab11_ci\ci4\system\CodeIgniter.php(497): CodeIgniter\CodeIgniter->runController(Object(App\Controllers\Artikel))
#8 C:\xampp\htdocs\lab11_ci\ci4\system\CodeIgniter.php(340): CodeIgniter\CodeIgniter->handleRequest(NULL, Object(Config\Cache), false)
#9 C:\xampp\htdocs\lab11_ci\ci4\system\Boot.php(417): CodeIgniter\CodeIgniter->run()
#10 C:\xampp\htdocs\lab11_ci\ci4\system\Boot.php(68): CodeIgniter\Boot::runCodeIgniter(Object(CodeIgniter\CodeIgniter))
#11 C:\xampp\htdocs\lab11_ci\ci4\public\index.php(59): CodeIgniter\Boot::bootWeb(Object(Config\Paths))
#12 C:\xampp\htdocs\lab11_ci\ci4\system\rewrite.php(44): require_once('C:\\xampp\\htdocs...')
#13 {main}
CRITICAL - 2026-03-08 03:02:57 --> CodeIgniter\Database\Exceptions\DatabaseException: Unable to connect to the database.
Main connection [MySQLi]: Access denied for user ''@'localhost' (using password: NO)
[Method: GET, Route: artikel]
in SYSTEMPATH\Database\BaseConnection.php on line 465.
 1 SYSTEMPATH\Database\BaseConnection.php(654): CodeIgniter\Database\BaseConnection->initialize()
 2 SYSTEMPATH\Database\BaseBuilder.php(1649): CodeIgniter\Database\BaseConnection->query('SELECT *
FROM `artikel`', [], false)
 3 SYSTEMPATH\Model.php(254): CodeIgniter\Database\BaseBuilder->get()
 4 SYSTEMPATH\BaseModel.php(675): CodeIgniter\Model->doFindAll(0, 0)
 5 APPPATH\Controllers\Artikel.php(13): CodeIgniter\BaseModel->findAll()
 6 SYSTEMPATH\CodeIgniter.php(951): App\Controllers\Artikel->index()
 7 SYSTEMPATH\CodeIgniter.php(497): CodeIgniter\CodeIgniter->runController(Object(App\Controllers\Artikel))
 8 SYSTEMPATH\CodeIgniter.php(340): CodeIgniter\CodeIgniter->handleRequest(null, Object(Config\Cache), false)
 9 SYSTEMPATH\Boot.php(417): CodeIgniter\CodeIgniter->run()
10 SYSTEMPATH\Boot.php(68): CodeIgniter\Boot::runCodeIgniter(Object(CodeIgniter\CodeIgniter))
11 FCPATH\index.php(59): CodeIgniter\Boot::bootWeb(Object(Config\Paths))
12 SYSTEMPATH\rewrite.php(44): require_once('C:\\xampp\\htdocs\\lab11_ci\\ci4\\public\\index.php')
ERROR - 2026-03-08 03:02:57 --> Error connecting to the database: mysqli_sql_exception: Access denied for user ''@'localhost' (using password: NO) in C:\xampp\htdocs\lab11_ci\ci4\system\Database\MySQLi\Connection.php:201
Stack trace:
#0 C:\xampp\htdocs\lab11_ci\ci4\system\Database\MySQLi\Connection.php(201): mysqli->real_connect('localhost', '', Object(SensitiveParameterValue), '', 3306, '', 0)
#1 C:\xampp\htdocs\lab11_ci\ci4\system\Database\BaseConnection.php(419): CodeIgniter\Database\MySQLi\Connection->connect(false)
#2 C:\xampp\htdocs\lab11_ci\ci4\system\Database\BaseConnection.php(654): CodeIgniter\Database\BaseConnection->initialize()
#3 C:\xampp\htdocs\lab11_ci\ci4\system\Database\BaseBuilder.php(1649): CodeIgniter\Database\BaseConnection->query('SELECT *\nFROM `...', Array, false)
#4 C:\xampp\htdocs\lab11_ci\ci4\system\Model.php(254): CodeIgniter\Database\BaseBuilder->get()
#5 C:\xampp\htdocs\lab11_ci\ci4\system\BaseModel.php(675): CodeIgniter\Model->doFindAll(0, 0)
#6 C:\xampp\htdocs\lab11_ci\ci4\app\Controllers\Artikel.php(13): CodeIgniter\BaseModel->findAll()
#7 C:\xampp\htdocs\lab11_ci\ci4\system\CodeIgniter.php(951): App\Controllers\Artikel->index()
#8 C:\xampp\htdocs\lab11_ci\ci4\system\CodeIgniter.php(497): CodeIgniter\CodeIgniter->runController(Object(App\Controllers\Artikel))
#9 C:\xampp\htdocs\lab11_ci\ci4\system\CodeIgniter.php(340): CodeIgniter\CodeIgniter->handleRequest(NULL, Object(Config\Cache), false)
#10 C:\xampp\htdocs\lab11_ci\ci4\system\Boot.php(417): CodeIgniter\CodeIgniter->run()
#11 C:\xampp\htdocs\lab11_ci\ci4\system\Boot.php(68): CodeIgniter\Boot::runCodeIgniter(Object(CodeIgniter\CodeIgniter))
#12 C:\xampp\htdocs\lab11_ci\ci4\public\index.php(59): CodeIgniter\Boot::bootWeb(Object(Config\Paths))
#13 C:\xampp\htdocs\lab11_ci\ci4\system\rewrite.php(44): require_once('C:\\xampp\\htdocs...')
#14 {main}

Next CodeIgniter\Database\Exceptions\DatabaseException: Access denied for user ''@'localhost' (using password: NO) in C:\xampp\htdocs\lab11_ci\ci4\system\Database\MySQLi\Connection.php:231
Stack trace:
#0 C:\xampp\htdocs\lab11_ci\ci4\system\Database\BaseConnection.php(419): CodeIgniter\Database\MySQLi\Connection->connect(false)
#1 C:\xampp\htdocs\lab11_ci\ci4\system\Database\BaseConnection.php(654): CodeIgniter\Database\BaseConnection->initialize()
#2 C:\xampp\htdocs\lab11_ci\ci4\system\Database\BaseBuilder.php(1649): CodeIgniter\Database\BaseConnection->query('SELECT *\nFROM `...', Array, false)
#3 C:\xampp\htdocs\lab11_ci\ci4\system\Model.php(254): CodeIgniter\Database\BaseBuilder->get()
#4 C:\xampp\htdocs\lab11_ci\ci4\system\BaseModel.php(675): CodeIgniter\Model->doFindAll(0, 0)
#5 C:\xampp\htdocs\lab11_ci\ci4\app\Controllers\Artikel.php(13): CodeIgniter\BaseModel->findAll()
#6 C:\xampp\htdocs\lab11_ci\ci4\system\CodeIgniter.php(951): App\Controllers\Artikel->index()
#7 C:\xampp\htdocs\lab11_ci\ci4\system\CodeIgniter.php(497): CodeIgniter\CodeIgniter->runController(Object(App\Controllers\Artikel))
#8 C:\xampp\htdocs\lab11_ci\ci4\system\CodeIgniter.php(340): CodeIgniter\CodeIgniter->handleRequest(NULL, Object(Config\Cache), false)
#9 C:\xampp\htdocs\lab11_ci\ci4\system\Boot.php(417): CodeIgniter\CodeIgniter->run()
#10 C:\xampp\htdocs\lab11_ci\ci4\system\Boot.php(68): CodeIgniter\Boot::runCodeIgniter(Object(CodeIgniter\CodeIgniter))
#11 C:\xampp\htdocs\lab11_ci\ci4\public\index.php(59): CodeIgniter\Boot::bootWeb(Object(Config\Paths))
#12 C:\xampp\htdocs\lab11_ci\ci4\system\rewrite.php(44): require_once('C:\\xampp\\htdocs...')
#13 {main}
CRITICAL - 2026-03-08 03:02:57 --> CodeIgniter\Database\Exceptions\DatabaseException: Unable to connect to the database.
Main connection [MySQLi]: Access denied for user ''@'localhost' (using password: NO)
[Method: GET, Route: artikel]
in SYSTEMPATH\Database\BaseConnection.php on line 465.
 1 SYSTEMPATH\Database\BaseConnection.php(654): CodeIgniter\Database\BaseConnection->initialize()
 2 SYSTEMPATH\Database\BaseBuilder.php(1649): CodeIgniter\Database\BaseConnection->query('SELECT *
FROM `artikel`', [], false)
 3 SYSTEMPATH\Model.php(254): CodeIgniter\Database\BaseBuilder->get()
 4 SYSTEMPATH\BaseModel.php(675): CodeIgniter\Model->doFindAll(0, 0)
 5 APPPATH\Controllers\Artikel.php(13): CodeIgniter\BaseModel->findAll()
 6 SYSTEMPATH\CodeIgniter.php(951): App\Controllers\Artikel->index()
 7 SYSTEMPATH\CodeIgniter.php(497): CodeIgniter\CodeIgniter->runController(Object(App\Controllers\Artikel))
 8 SYSTEMPATH\CodeIgniter.php(340): CodeIgniter\CodeIgniter->handleRequest(null, Object(Config\Cache), false)
 9 SYSTEMPATH\Boot.php(417): CodeIgniter\CodeIgniter->run()
10 SYSTEMPATH\Boot.php(68): CodeIgniter\Boot::runCodeIgniter(Object(CodeIgniter\CodeIgniter))
11 FCPATH\index.php(59): CodeIgniter\Boot::bootWeb(Object(Config\Paths))
12 SYSTEMPATH\rewrite.php(44): require_once('C:\\xampp\\htdocs\\lab11_ci\\ci4\\public\\index.php')
ERROR - 2026-03-08 03:02:57 --> Error connecting to the database: mysqli_sql_exception: Access denied for user ''@'localhost' (using password: NO) in C:\xampp\htdocs\lab11_ci\ci4\system\Database\MySQLi\Connection.php:201
Stack trace:
#0 C:\xampp\htdocs\lab11_ci\ci4\system\Database\MySQLi\Connection.php(201): mysqli->real_connect('localhost', '', Object(SensitiveParameterValue), '', 3306, '', 0)
#1 C:\xampp\htdocs\lab11_ci\ci4\system\Database\BaseConnection.php(419): CodeIgniter\Database\MySQLi\Connection->connect(false)
#2 C:\xampp\htdocs\lab11_ci\ci4\system\Database\BaseConnection.php(654): CodeIgniter\Database\BaseConnection->initialize()
#3 C:\xampp\htdocs\lab11_ci\ci4\system\Database\BaseBuilder.php(1649): CodeIgniter\Database\BaseConnection->query('SELECT *\nFROM `...', Array, false)
#4 C:\xampp\htdocs\lab11_ci\ci4\system\Model.php(254): CodeIgniter\Database\BaseBuilder->get()
#5 C:\xampp\htdocs\lab11_ci\ci4\system\BaseModel.php(675): CodeIgniter\Model->doFindAll(0, 0)
#6 C:\xampp\htdocs\lab11_ci\ci4\app\Controllers\Artikel.php(13): CodeIgniter\BaseModel->findAll()
#7 C:\xampp\htdocs\lab11_ci\ci4\system\CodeIgniter.php(951): App\Controllers\Artikel->index()
#8 C:\xampp\htdocs\lab11_ci\ci4\system\CodeIgniter.php(497): CodeIgniter\CodeIgniter->runController(Object(App\Controllers\Artikel))
#9 C:\xampp\htdocs\lab11_ci\ci4\system\CodeIgniter.php(340): CodeIgniter\CodeIgniter->handleRequest(NULL, Object(Config\Cache), false)
#10 C:\xampp\htdocs\lab11_ci\ci4\system\Boot.php(417): CodeIgniter\CodeIgniter->run()
#11 C:\xampp\htdocs\lab11_ci\ci4\system\Boot.php(68): CodeIgniter\Boot::runCodeIgniter(Object(CodeIgniter\CodeIgniter))
#12 C:\xampp\htdocs\lab11_ci\ci4\public\index.php(59): CodeIgniter\Boot::bootWeb(Object(Config\Paths))
#13 C:\xampp\htdocs\lab11_ci\ci4\system\rewrite.php(44): require_once('C:\\xampp\\htdocs...')
#14 {main}

Next CodeIgniter\Database\Exceptions\DatabaseException: Access denied for user ''@'localhost' (using password: NO) in C:\xampp\htdocs\lab11_ci\ci4\system\Database\MySQLi\Connection.php:231
Stack trace:
#0 C:\xampp\htdocs\lab11_ci\ci4\system\Database\BaseConnection.php(419): CodeIgniter\Database\MySQLi\Connection->connect(false)
#1 C:\xampp\htdocs\lab11_ci\ci4\system\Database\BaseConnection.php(654): CodeIgniter\Database\BaseConnection->initialize()
#2 C:\xampp\htdocs\lab11_ci\ci4\system\Database\BaseBuilder.php(1649): CodeIgniter\Database\BaseConnection->query('SELECT *\nFROM `...', Array, false)
#3 C:\xampp\htdocs\lab11_ci\ci4\system\Model.php(254): CodeIgniter\Database\BaseBuilder->get()
#4 C:\xampp\htdocs\lab11_ci\ci4\system\BaseModel.php(675): CodeIgniter\Model->doFindAll(0, 0)
#5 C:\xampp\htdocs\lab11_ci\ci4\app\Controllers\Artikel.php(13): CodeIgniter\BaseModel->findAll()
#6 C:\xampp\htdocs\lab11_ci\ci4\system\CodeIgniter.php(951): App\Controllers\Artikel->index()
#7 C:\xampp\htdocs\lab11_ci\ci4\system\CodeIgniter.php(497): CodeIgniter\CodeIgniter->runController(Object(App\Controllers\Artikel))
#8 C:\xampp\htdocs\lab11_ci\ci4\system\CodeIgniter.php(340): CodeIgniter\CodeIgniter->handleRequest(NULL, Object(Config\Cache), false)
#9 C:\xampp\htdocs\lab11_ci\ci4\system\Boot.php(417): CodeIgniter\CodeIgniter->run()
#10 C:\xampp\htdocs\lab11_ci\ci4\system\Boot.php(68): CodeIgniter\Boot::runCodeIgniter(Object(CodeIgniter\CodeIgniter))
#11 C:\xampp\htdocs\lab11_ci\ci4\public\index.php(59): CodeIgniter\Boot::bootWeb(Object(Config\Paths))
#12 C:\xampp\htdocs\lab11_ci\ci4\system\rewrite.php(44): require_once('C:\\xampp\\htdocs...')
#13 {main}
CRITICAL - 2026-03-08 03:02:57 --> CodeIgniter\Database\Exceptions\DatabaseException: Unable to connect to the database.
Main connection [MySQLi]: Access denied for user ''@'localhost' (using password: NO)
[Method: GET, Route: artikel]
in SYSTEMPATH\Database\BaseConnection.php on line 465.
 1 SYSTEMPATH\Database\BaseConnection.php(654): CodeIgniter\Database\BaseConnection->initialize()
 2 SYSTEMPATH\Database\BaseBuilder.php(1649): CodeIgniter\Database\BaseConnection->query('SELECT *
FROM `artikel`', [], false)
 3 SYSTEMPATH\Model.php(254): CodeIgniter\Database\BaseBuilder->get()
 4 SYSTEMPATH\BaseModel.php(675): CodeIgniter\Model->doFindAll(0, 0)
 5 APPPATH\Controllers\Artikel.php(13): CodeIgniter\BaseModel->findAll()
 6 SYSTEMPATH\CodeIgniter.php(951): App\Controllers\Artikel->index()
 7 SYSTEMPATH\CodeIgniter.php(497): CodeIgniter\CodeIgniter->runController(Object(App\Controllers\Artikel))
 8 SYSTEMPATH\CodeIgniter.php(340): CodeIgniter\CodeIgniter->handleRequest(null, Object(Config\Cache), false)
 9 SYSTEMPATH\Boot.php(417): CodeIgniter\CodeIgniter->run()
10 SYSTEMPATH\Boot.php(68): CodeIgniter\Boot::runCodeIgniter(Object(CodeIgniter\CodeIgniter))
11 FCPATH\index.php(59): CodeIgniter\Boot::bootWeb(Object(Config\Paths))
12 SYSTEMPATH\rewrite.php(44): require_once('C:\\xampp\\htdocs\\lab11_ci\\ci4\\public\\index.php')
ERROR - 2026-03-08 03:02:58 --> Error connecting to the database: mysqli_sql_exception: Access denied for user ''@'localhost' (using password: NO) in C:\xampp\htdocs\lab11_ci\ci4\system\Database\MySQLi\Connection.php:201
Stack trace:
#0 C:\xampp\htdocs\lab11_ci\ci4\system\Database\MySQLi\Connection.php(201): mysqli->real_connect('localhost', '', Object(SensitiveParameterValue), '', 3306, '', 0)
#1 C:\xampp\htdocs\lab11_ci\ci4\system\Database\BaseConnection.php(419): CodeIgniter\Database\MySQLi\Connection->connect(false)
#2 C:\xampp\htdocs\lab11_ci\ci4\system\Database\BaseConnection.php(654): CodeIgniter\Database\BaseConnection->initialize()
#3 C:\xampp\htdocs\lab11_ci\ci4\system\Database\BaseBuilder.php(1649): CodeIgniter\Database\BaseConnection->query('SELECT *\nFROM `...', Array, false)
#4 C:\xampp\htdocs\lab11_ci\ci4\system\Model.php(254): CodeIgniter\Database\BaseBuilder->get()
#5 C:\xampp\htdocs\lab11_ci\ci4\system\BaseModel.php(675): CodeIgniter\Model->doFindAll(0, 0)
#6 C:\xampp\htdocs\lab11_ci\ci4\app\Controllers\Artikel.php(13): CodeIgniter\BaseModel->findAll()
#7 C:\xampp\htdocs\lab11_ci\ci4\system\CodeIgniter.php(951): App\Controllers\Artikel->index()
#8 C:\xampp\htdocs\lab11_ci\ci4\system\CodeIgniter.php(497): CodeIgniter\CodeIgniter->runController(Object(App\Controllers\Artikel))
#9 C:\xampp\htdocs\lab11_ci\ci4\system\CodeIgniter.php(340): CodeIgniter\CodeIgniter->handleRequest(NULL, Object(Config\Cache), false)
#10 C:\xampp\htdocs\lab11_ci\ci4\system\Boot.php(417): CodeIgniter\CodeIgniter->run()
#11 C:\xampp\htdocs\lab11_ci\ci4\system\Boot.php(68): CodeIgniter\Boot::runCodeIgniter(Object(CodeIgniter\CodeIgniter))
#12 C:\xampp\htdocs\lab11_ci\ci4\public\index.php(59): CodeIgniter\Boot::bootWeb(Object(Config\Paths))
#13 C:\xampp\htdocs\lab11_ci\ci4\system\rewrite.php(44): require_once('C:\\xampp\\htdocs...')
#14 {main}

Next CodeIgniter\Database\Exceptions\DatabaseException: Access denied for user ''@'localhost' (using password: NO) in C:\xampp\htdocs\lab11_ci\ci4\system\Database\MySQLi\Connection.php:231
Stack trace:
#0 C:\xampp\htdocs\lab11_ci\ci4\system\Database\BaseConnection.php(419): CodeIgniter\Database\MySQLi\Connection->connect(false)
#1 C:\xampp\htdocs\lab11_ci\ci4\system\Database\BaseConnection.php(654): CodeIgniter\Database\BaseConnection->initialize()
#2 C:\xampp\htdocs\lab11_ci\ci4\system\Database\BaseBuilder.php(1649): CodeIgniter\Database\BaseConnection->query('SELECT *\nFROM `...', Array, false)
#3 C:\xampp\htdocs\lab11_ci\ci4\system\Model.php(254): CodeIgniter\Database\BaseBuilder->get()
#4 C:\xampp\htdocs\lab11_ci\ci4\system\BaseModel.php(675): CodeIgniter\Model->doFindAll(0, 0)
#5 C:\xampp\htdocs\lab11_ci\ci4\app\Controllers\Artikel.php(13): CodeIgniter\BaseModel->findAll()
#6 C:\xampp\htdocs\lab11_ci\ci4\system\CodeIgniter.php(951): App\Controllers\Artikel->index()
#7 C:\xampp\htdocs\lab11_ci\ci4\system\CodeIgniter.php(497): CodeIgniter\CodeIgniter->runController(Object(App\Controllers\Artikel))
#8 C:\xampp\htdocs\lab11_ci\ci4\system\CodeIgniter.php(340): CodeIgniter\CodeIgniter->handleRequest(NULL, Object(Config\Cache), false)
#9 C:\xampp\htdocs\lab11_ci\ci4\system\Boot.php(417): CodeIgniter\CodeIgniter->run()
#10 C:\xampp\htdocs\lab11_ci\ci4\system\Boot.php(68): CodeIgniter\Boot::runCodeIgniter(Object(CodeIgniter\CodeIgniter))
#11 C:\xampp\htdocs\lab11_ci\ci4\public\index.php(59): CodeIgniter\Boot::bootWeb(Object(Config\Paths))
#12 C:\xampp\htdocs\lab11_ci\ci4\system\rewrite.php(44): require_once('C:\\xampp\\htdocs...')
#13 {main}
CRITICAL - 2026-03-08 03:02:58 --> CodeIgniter\Database\Exceptions\DatabaseException: Unable to connect to the database.
Main connection [MySQLi]: Access denied for user ''@'localhost' (using password: NO)
[Method: GET, Route: artikel]
in SYSTEMPATH\Database\BaseConnection.php on line 465.
 1 SYSTEMPATH\Database\BaseConnection.php(654): CodeIgniter\Database\BaseConnection->initialize()
 2 SYSTEMPATH\Database\BaseBuilder.php(1649): CodeIgniter\Database\BaseConnection->query('SELECT *
FROM `artikel`', [], false)
 3 SYSTEMPATH\Model.php(254): CodeIgniter\Database\BaseBuilder->get()
 4 SYSTEMPATH\BaseModel.php(675): CodeIgniter\Model->doFindAll(0, 0)
 5 APPPATH\Controllers\Artikel.php(13): CodeIgniter\BaseModel->findAll()
 6 SYSTEMPATH\CodeIgniter.php(951): App\Controllers\Artikel->index()
 7 SYSTEMPATH\CodeIgniter.php(497): CodeIgniter\CodeIgniter->runController(Object(App\Controllers\Artikel))
 8 SYSTEMPATH\CodeIgniter.php(340): CodeIgniter\CodeIgniter->handleRequest(null, Object(Config\Cache), false)
 9 SYSTEMPATH\Boot.php(417): CodeIgniter\CodeIgniter->run()
10 SYSTEMPATH\Boot.php(68): CodeIgniter\Boot::runCodeIgniter(Object(CodeIgniter\CodeIgniter))
11 FCPATH\index.php(59): CodeIgniter\Boot::bootWeb(Object(Config\Paths))
12 SYSTEMPATH\rewrite.php(44): require_once('C:\\xampp\\htdocs\\lab11_ci\\ci4\\public\\index.php')
ERROR - 2026-03-08 03:02:58 --> Error connecting to the database: mysqli_sql_exception: Access denied for user ''@'localhost' (using password: NO) in C:\xampp\htdocs\lab11_ci\ci4\system\Database\MySQLi\Connection.php:201
Stack trace:
#0 C:\xampp\htdocs\lab11_ci\ci4\system\Database\MySQLi\Connection.php(201): mysqli->real_connect('localhost', '', Object(SensitiveParameterValue), '', 3306, '', 0)
#1 C:\xampp\htdocs\lab11_ci\ci4\system\Database\BaseConnection.php(419): CodeIgniter\Database\MySQLi\Connection->connect(false)
#2 C:\xampp\htdocs\lab11_ci\ci4\system\Database\BaseConnection.php(654): CodeIgniter\Database\BaseConnection->initialize()
#3 C:\xampp\htdocs\lab11_ci\ci4\system\Database\BaseBuilder.php(1649): CodeIgniter\Database\BaseConnection->query('SELECT *\nFROM `...', Array, false)
#4 C:\xampp\htdocs\lab11_ci\ci4\system\Model.php(254): CodeIgniter\Database\BaseBuilder->get()
#5 C:\xampp\htdocs\lab11_ci\ci4\system\BaseModel.php(675): CodeIgniter\Model->doFindAll(0, 0)
#6 C:\xampp\htdocs\lab11_ci\ci4\app\Controllers\Artikel.php(13): CodeIgniter\BaseModel->findAll()
#7 C:\xampp\htdocs\lab11_ci\ci4\system\CodeIgniter.php(951): App\Controllers\Artikel->index()
#8 C:\xampp\htdocs\lab11_ci\ci4\system\CodeIgniter.php(497): CodeIgniter\CodeIgniter->runController(Object(App\Controllers\Artikel))
#9 C:\xampp\htdocs\lab11_ci\ci4\system\CodeIgniter.php(340): CodeIgniter\CodeIgniter->handleRequest(NULL, Object(Config\Cache), false)
#10 C:\xampp\htdocs\lab11_ci\ci4\system\Boot.php(417): CodeIgniter\CodeIgniter->run()
#11 C:\xampp\htdocs\lab11_ci\ci4\system\Boot.php(68): CodeIgniter\Boot::runCodeIgniter(Object(CodeIgniter\CodeIgniter))
#12 C:\xampp\htdocs\lab11_ci\ci4\public\index.php(59): CodeIgniter\Boot::bootWeb(Object(Config\Paths))
#13 C:\xampp\htdocs\lab11_ci\ci4\system\rewrite.php(44): require_once('C:\\xampp\\htdocs...')
#14 {main}

Next CodeIgniter\Database\Exceptions\DatabaseException: Access denied for user ''@'localhost' (using password: NO) in C:\xampp\htdocs\lab11_ci\ci4\system\Database\MySQLi\Connection.php:231
Stack trace:
#0 C:\xampp\htdocs\lab11_ci\ci4\system\Database\BaseConnection.php(419): CodeIgniter\Database\MySQLi\Connection->connect(false)
#1 C:\xampp\htdocs\lab11_ci\ci4\system\Database\BaseConnection.php(654): CodeIgniter\Database\BaseConnection->initialize()
#2 C:\xampp\htdocs\lab11_ci\ci4\system\Database\BaseBuilder.php(1649): CodeIgniter\Database\BaseConnection->query('SELECT *\nFROM `...', Array, false)
#3 C:\xampp\htdocs\lab11_ci\ci4\system\Model.php(254): CodeIgniter\Database\BaseBuilder->get()
#4 C:\xampp\htdocs\lab11_ci\ci4\system\BaseModel.php(675): CodeIgniter\Model->doFindAll(0, 0)
#5 C:\xampp\htdocs\lab11_ci\ci4\app\Controllers\Artikel.php(13): CodeIgniter\BaseModel->findAll()
#6 C:\xampp\htdocs\lab11_ci\ci4\system\CodeIgniter.php(951): App\Controllers\Artikel->index()
#7 C:\xampp\htdocs\lab11_ci\ci4\system\CodeIgniter.php(497): CodeIgniter\CodeIgniter->runController(Object(App\Controllers\Artikel))
#8 C:\xampp\htdocs\lab11_ci\ci4\system\CodeIgniter.php(340): CodeIgniter\CodeIgniter->handleRequest(NULL, Object(Config\Cache), false)
#9 C:\xampp\htdocs\lab11_ci\ci4\system\Boot.php(417): CodeIgniter\CodeIgniter->run()
#10 C:\xampp\htdocs\lab11_ci\ci4\system\Boot.php(68): CodeIgniter\Boot::runCodeIgniter(Object(CodeIgniter\CodeIgniter))
#11 C:\xampp\htdocs\lab11_ci\ci4\public\index.php(59): CodeIgniter\Boot::bootWeb(Object(Config\Paths))
#12 C:\xampp\htdocs\lab11_ci\ci4\system\rewrite.php(44): require_once('C:\\xampp\\htdocs...')
#13 {main}
CRITICAL - 2026-03-08 03:02:58 --> CodeIgniter\Database\Exceptions\DatabaseException: Unable to connect to the database.
Main connection [MySQLi]: Access denied for user ''@'localhost' (using password: NO)
[Method: GET, Route: artikel]
in SYSTEMPATH\Database\BaseConnection.php on line 465.
 1 SYSTEMPATH\Database\BaseConnection.php(654): CodeIgniter\Database\BaseConnection->initialize()
 2 SYSTEMPATH\Database\BaseBuilder.php(1649): CodeIgniter\Database\BaseConnection->query('SELECT *
FROM `artikel`', [], false)
 3 SYSTEMPATH\Model.php(254): CodeIgniter\Database\BaseBuilder->get()
 4 SYSTEMPATH\BaseModel.php(675): CodeIgniter\Model->doFindAll(0, 0)
 5 APPPATH\Controllers\Artikel.php(13): CodeIgniter\BaseModel->findAll()
 6 SYSTEMPATH\CodeIgniter.php(951): App\Controllers\Artikel->index()
 7 SYSTEMPATH\CodeIgniter.php(497): CodeIgniter\CodeIgniter->runController(Object(App\Controllers\Artikel))
 8 SYSTEMPATH\CodeIgniter.php(340): CodeIgniter\CodeIgniter->handleRequest(null, Object(Config\Cache), false)
 9 SYSTEMPATH\Boot.php(417): CodeIgniter\CodeIgniter->run()
10 SYSTEMPATH\Boot.php(68): CodeIgniter\Boot::runCodeIgniter(Object(CodeIgniter\CodeIgniter))
11 FCPATH\index.php(59): CodeIgniter\Boot::bootWeb(Object(Config\Paths))
12 SYSTEMPATH\rewrite.php(44): require_once('C:\\xampp\\htdocs\\lab11_ci\\ci4\\public\\index.php')
ERROR - 2026-03-08 03:02:58 --> Error connecting to the database: mysqli_sql_exception: Access denied for user ''@'localhost' (using password: NO) in C:\xampp\htdocs\lab11_ci\ci4\system\Database\MySQLi\Connection.php:201
Stack trace:
#0 C:\xampp\htdocs\lab11_ci\ci4\system\Database\MySQLi\Connection.php(201): mysqli->real_connect('localhost', '', Object(SensitiveParameterValue), '', 3306, '', 0)
#1 C:\xampp\htdocs\lab11_ci\ci4\system\Database\BaseConnection.php(419): CodeIgniter\Database\MySQLi\Connection->connect(false)
#2 C:\xampp\htdocs\lab11_ci\ci4\system\Database\BaseConnection.php(654): CodeIgniter\Database\BaseConnection->initialize()
#3 C:\xampp\htdocs\lab11_ci\ci4\system\Database\BaseBuilder.php(1649): CodeIgniter\Database\BaseConnection->query('SELECT *\nFROM `...', Array, false)
#4 C:\xampp\htdocs\lab11_ci\ci4\system\Model.php(254): CodeIgniter\Database\BaseBuilder->get()
#5 C:\xampp\htdocs\lab11_ci\ci4\system\BaseModel.php(675): CodeIgniter\Model->doFindAll(0, 0)
#6 C:\xampp\htdocs\lab11_ci\ci4\app\Controllers\Artikel.php(13): CodeIgniter\BaseModel->findAll()
#7 C:\xampp\htdocs\lab11_ci\ci4\system\CodeIgniter.php(951): App\Controllers\Artikel->index()
#8 C:\xampp\htdocs\lab11_ci\ci4\system\CodeIgniter.php(497): CodeIgniter\CodeIgniter->runController(Object(App\Controllers\Artikel))
#9 C:\xampp\htdocs\lab11_ci\ci4\system\CodeIgniter.php(340): CodeIgniter\CodeIgniter->handleRequest(NULL, Object(Config\Cache), false)
#10 C:\xampp\htdocs\lab11_ci\ci4\system\Boot.php(417): CodeIgniter\CodeIgniter->run()
#11 C:\xampp\htdocs\lab11_ci\ci4\system\Boot.php(68): CodeIgniter\Boot::runCodeIgniter(Object(CodeIgniter\CodeIgniter))
#12 C:\xampp\htdocs\lab11_ci\ci4\public\index.php(59): CodeIgniter\Boot::bootWeb(Object(Config\Paths))
#13 C:\xampp\htdocs\lab11_ci\ci4\system\rewrite.php(44): require_once('C:\\xampp\\htdocs...')
#14 {main}

Next CodeIgniter\Database\Exceptions\DatabaseException: Access denied for user ''@'localhost' (using password: NO) in C:\xampp\htdocs\lab11_ci\ci4\system\Database\MySQLi\Connection.php:231
Stack trace:
#0 C:\xampp\htdocs\lab11_ci\ci4\system\Database\BaseConnection.php(419): CodeIgniter\Database\MySQLi\Connection->connect(false)
#1 C:\xampp\htdocs\lab11_ci\ci4\system\Database\BaseConnection.php(654): CodeIgniter\Database\BaseConnection->initialize()
#2 C:\xampp\htdocs\lab11_ci\ci4\system\Database\BaseBuilder.php(1649): CodeIgniter\Database\BaseConnection->query('SELECT *\nFROM `...', Array, false)
#3 C:\xampp\htdocs\lab11_ci\ci4\system\Model.php(254): CodeIgniter\Database\BaseBuilder->get()
#4 C:\xampp\htdocs\lab11_ci\ci4\system\BaseModel.php(675): CodeIgniter\Model->doFindAll(0, 0)
#5 C:\xampp\htdocs\lab11_ci\ci4\app\Controllers\Artikel.php(13): CodeIgniter\BaseModel->findAll()
#6 C:\xampp\htdocs\lab11_ci\ci4\system\CodeIgniter.php(951): App\Controllers\Artikel->index()
#7 C:\xampp\htdocs\lab11_ci\ci4\system\CodeIgniter.php(497): CodeIgniter\CodeIgniter->runController(Object(App\Controllers\Artikel))
#8 C:\xampp\htdocs\lab11_ci\ci4\system\CodeIgniter.php(340): CodeIgniter\CodeIgniter->handleRequest(NULL, Object(Config\Cache), false)
#9 C:\xampp\htdocs\lab11_ci\ci4\system\Boot.php(417): CodeIgniter\CodeIgniter->run()
#10 C:\xampp\htdocs\lab11_ci\ci4\system\Boot.php(68): CodeIgniter\Boot::runCodeIgniter(Object(CodeIgniter\CodeIgniter))
#11 C:\xampp\htdocs\lab11_ci\ci4\public\index.php(59): CodeIgniter\Boot::bootWeb(Object(Config\Paths))
#12 C:\xampp\htdocs\lab11_ci\ci4\system\rewrite.php(44): require_once('C:\\xampp\\htdocs...')
#13 {main}
CRITICAL - 2026-03-08 03:02:58 --> CodeIgniter\Database\Exceptions\DatabaseException: Unable to connect to the database.
Main connection [MySQLi]: Access denied for user ''@'localhost' (using password: NO)
[Method: GET, Route: artikel]
in SYSTEMPATH\Database\BaseConnection.php on line 465.
 1 SYSTEMPATH\Database\BaseConnection.php(654): CodeIgniter\Database\BaseConnection->initialize()
 2 SYSTEMPATH\Database\BaseBuilder.php(1649): CodeIgniter\Database\BaseConnection->query('SELECT *
FROM `artikel`', [], false)
 3 SYSTEMPATH\Model.php(254): CodeIgniter\Database\BaseBuilder->get()
 4 SYSTEMPATH\BaseModel.php(675): CodeIgniter\Model->doFindAll(0, 0)
 5 APPPATH\Controllers\Artikel.php(13): CodeIgniter\BaseModel->findAll()
 6 SYSTEMPATH\CodeIgniter.php(951): App\Controllers\Artikel->index()
 7 SYSTEMPATH\CodeIgniter.php(497): CodeIgniter\CodeIgniter->runController(Object(App\Controllers\Artikel))
 8 SYSTEMPATH\CodeIgniter.php(340): CodeIgniter\CodeIgniter->handleRequest(null, Object(Config\Cache), false)
 9 SYSTEMPATH\Boot.php(417): CodeIgniter\CodeIgniter->run()
10 SYSTEMPATH\Boot.php(68): CodeIgniter\Boot::runCodeIgniter(Object(CodeIgniter\CodeIgniter))
11 FCPATH\index.php(59): CodeIgniter\Boot::bootWeb(Object(Config\Paths))
12 SYSTEMPATH\rewrite.php(44): require_once('C:\\xampp\\htdocs\\lab11_ci\\ci4\\public\\index.php')
ERROR - 2026-03-08 03:02:58 --> Error connecting to the database: mysqli_sql_exception: Access denied for user ''@'localhost' (using password: NO) in C:\xampp\htdocs\lab11_ci\ci4\system\Database\MySQLi\Connection.php:201
Stack trace:
#0 C:\xampp\htdocs\lab11_ci\ci4\system\Database\MySQLi\Connection.php(201): mysqli->real_connect('localhost', '', Object(SensitiveParameterValue), '', 3306, '', 0)
#1 C:\xampp\htdocs\lab11_ci\ci4\system\Database\BaseConnection.php(419): CodeIgniter\Database\MySQLi\Connection->connect(false)
#2 C:\xampp\htdocs\lab11_ci\ci4\system\Database\BaseConnection.php(654): CodeIgniter\Database\BaseConnection->initialize()
#3 C:\xampp\htdocs\lab11_ci\ci4\system\Database\BaseBuilder.php(1649): CodeIgniter\Database\BaseConnection->query('SELECT *\nFROM `...', Array, false)
#4 C:\xampp\htdocs\lab11_ci\ci4\system\Model.php(254): CodeIgniter\Database\BaseBuilder->get()
#5 C:\xampp\htdocs\lab11_ci\ci4\system\BaseModel.php(675): CodeIgniter\Model->doFindAll(0, 0)
#6 C:\xampp\htdocs\lab11_ci\ci4\app\Controllers\Artikel.php(13): CodeIgniter\BaseModel->findAll()
#7 C:\xampp\htdocs\lab11_ci\ci4\system\CodeIgniter.php(951): App\Controllers\Artikel->index()
#8 C:\xampp\htdocs\lab11_ci\ci4\system\CodeIgniter.php(497): CodeIgniter\CodeIgniter->runController(Object(App\Controllers\Artikel))
#9 C:\xampp\htdocs\lab11_ci\ci4\system\CodeIgniter.php(340): CodeIgniter\CodeIgniter->handleRequest(NULL, Object(Config\Cache), false)
#10 C:\xampp\htdocs\lab11_ci\ci4\system\Boot.php(417): CodeIgniter\CodeIgniter->run()
#11 C:\xampp\htdocs\lab11_ci\ci4\system\Boot.php(68): CodeIgniter\Boot::runCodeIgniter(Object(CodeIgniter\CodeIgniter))
#12 C:\xampp\htdocs\lab11_ci\ci4\public\index.php(59): CodeIgniter\Boot::bootWeb(Object(Config\Paths))
#13 C:\xampp\htdocs\lab11_ci\ci4\system\rewrite.php(44): require_once('C:\\xampp\\htdocs...')
#14 {main}

Next CodeIgniter\Database\Exceptions\DatabaseException: Access denied for user ''@'localhost' (using password: NO) in C:\xampp\htdocs\lab11_ci\ci4\system\Database\MySQLi\Connection.php:231
Stack trace:
#0 C:\xampp\htdocs\lab11_ci\ci4\system\Database\BaseConnection.php(419): CodeIgniter\Database\MySQLi\Connection->connect(false)
#1 C:\xampp\htdocs\lab11_ci\ci4\system\Database\BaseConnection.php(654): CodeIgniter\Database\BaseConnection->initialize()
#2 C:\xampp\htdocs\lab11_ci\ci4\system\Database\BaseBuilder.php(1649): CodeIgniter\Database\BaseConnection->query('SELECT *\nFROM `...', Array, false)
#3 C:\xampp\htdocs\lab11_ci\ci4\system\Model.php(254): CodeIgniter\Database\BaseBuilder->get()
#4 C:\xampp\htdocs\lab11_ci\ci4\system\BaseModel.php(675): CodeIgniter\Model->doFindAll(0, 0)
#5 C:\xampp\htdocs\lab11_ci\ci4\app\Controllers\Artikel.php(13): CodeIgniter\BaseModel->findAll()
#6 C:\xampp\htdocs\lab11_ci\ci4\system\CodeIgniter.php(951): App\Controllers\Artikel->index()
#7 C:\xampp\htdocs\lab11_ci\ci4\system\CodeIgniter.php(497): CodeIgniter\CodeIgniter->runController(Object(App\Controllers\Artikel))
#8 C:\xampp\htdocs\lab11_ci\ci4\system\CodeIgniter.php(340): CodeIgniter\CodeIgniter->handleRequest(NULL, Object(Config\Cache), false)
#9 C:\xampp\htdocs\lab11_ci\ci4\system\Boot.php(417): CodeIgniter\CodeIgniter->run()
#10 C:\xampp\htdocs\lab11_ci\ci4\system\Boot.php(68): CodeIgniter\Boot::runCodeIgniter(Object(CodeIgniter\CodeIgniter))
#11 C:\xampp\htdocs\lab11_ci\ci4\public\index.php(59): CodeIgniter\Boot::bootWeb(Object(Config\Paths))
#12 C:\xampp\htdocs\lab11_ci\ci4\system\rewrite.php(44): require_once('C:\\xampp\\htdocs...')
#13 {main}
CRITICAL - 2026-03-08 03:02:58 --> CodeIgniter\Database\Exceptions\DatabaseException: Unable to connect to the database.
Main connection [MySQLi]: Access denied for user ''@'localhost' (using password: NO)
[Method: GET, Route: artikel]
in SYSTEMPATH\Database\BaseConnection.php on line 465.
 1 SYSTEMPATH\Database\BaseConnection.php(654): CodeIgniter\Database\BaseConnection->initialize()
 2 SYSTEMPATH\Database\BaseBuilder.php(1649): CodeIgniter\Database\BaseConnection->query('SELECT *
FROM `artikel`', [], false)
 3 SYSTEMPATH\Model.php(254): CodeIgniter\Database\BaseBuilder->get()
 4 SYSTEMPATH\BaseModel.php(675): CodeIgniter\Model->doFindAll(0, 0)
 5 APPPATH\Controllers\Artikel.php(13): CodeIgniter\BaseModel->findAll()
 6 SYSTEMPATH\CodeIgniter.php(951): App\Controllers\Artikel->index()
 7 SYSTEMPATH\CodeIgniter.php(497): CodeIgniter\CodeIgniter->runController(Object(App\Controllers\Artikel))
 8 SYSTEMPATH\CodeIgniter.php(340): CodeIgniter\CodeIgniter->handleRequest(null, Object(Config\Cache), false)
 9 SYSTEMPATH\Boot.php(417): CodeIgniter\CodeIgniter->run()
10 SYSTEMPATH\Boot.php(68): CodeIgniter\Boot::runCodeIgniter(Object(CodeIgniter\CodeIgniter))
11 FCPATH\index.php(59): CodeIgniter\Boot::bootWeb(Object(Config\Paths))
12 SYSTEMPATH\rewrite.php(44): require_once('C:\\xampp\\htdocs\\lab11_ci\\ci4\\public\\index.php')
ERROR - 2026-03-08 03:02:59 --> Error connecting to the database: mysqli_sql_exception: Access denied for user ''@'localhost' (using password: NO) in C:\xampp\htdocs\lab11_ci\ci4\system\Database\MySQLi\Connection.php:201
Stack trace:
#0 C:\xampp\htdocs\lab11_ci\ci4\system\Database\MySQLi\Connection.php(201): mysqli->real_connect('localhost', '', Object(SensitiveParameterValue), '', 3306, '', 0)
#1 C:\xampp\htdocs\lab11_ci\ci4\system\Database\BaseConnection.php(419): CodeIgniter\Database\MySQLi\Connection->connect(false)
#2 C:\xampp\htdocs\lab11_ci\ci4\system\Database\BaseConnection.php(654): CodeIgniter\Database\BaseConnection->initialize()
#3 C:\xampp\htdocs\lab11_ci\ci4\system\Database\BaseBuilder.php(1649): CodeIgniter\Database\BaseConnection->query('SELECT *\nFROM `...', Array, false)
#4 C:\xampp\htdocs\lab11_ci\ci4\system\Model.php(254): CodeIgniter\Database\BaseBuilder->get()
#5 C:\xampp\htdocs\lab11_ci\ci4\system\BaseModel.php(675): CodeIgniter\Model->doFindAll(0, 0)
#6 C:\xampp\htdocs\lab11_ci\ci4\app\Controllers\Artikel.php(13): CodeIgniter\BaseModel->findAll()
#7 C:\xampp\htdocs\lab11_ci\ci4\system\CodeIgniter.php(951): App\Controllers\Artikel->index()
#8 C:\xampp\htdocs\lab11_ci\ci4\system\CodeIgniter.php(497): CodeIgniter\CodeIgniter->runController(Object(App\Controllers\Artikel))
#9 C:\xampp\htdocs\lab11_ci\ci4\system\CodeIgniter.php(340): CodeIgniter\CodeIgniter->handleRequest(NULL, Object(Config\Cache), false)
#10 C:\xampp\htdocs\lab11_ci\ci4\system\Boot.php(417): CodeIgniter\CodeIgniter->run()
#11 C:\xampp\htdocs\lab11_ci\ci4\system\Boot.php(68): CodeIgniter\Boot::runCodeIgniter(Object(CodeIgniter\CodeIgniter))
#12 C:\xampp\htdocs\lab11_ci\ci4\public\index.php(59): CodeIgniter\Boot::bootWeb(Object(Config\Paths))
#13 C:\xampp\htdocs\lab11_ci\ci4\system\rewrite.php(44): require_once('C:\\xampp\\htdocs...')
#14 {main}

Next CodeIgniter\Database\Exceptions\DatabaseException: Access denied for user ''@'localhost' (using password: NO) in C:\xampp\htdocs\lab11_ci\ci4\system\Database\MySQLi\Connection.php:231
Stack trace:
#0 C:\xampp\htdocs\lab11_ci\ci4\system\Database\BaseConnection.php(419): CodeIgniter\Database\MySQLi\Connection->connect(false)
#1 C:\xampp\htdocs\lab11_ci\ci4\system\Database\BaseConnection.php(654): CodeIgniter\Database\BaseConnection->initialize()
#2 C:\xampp\htdocs\lab11_ci\ci4\system\Database\BaseBuilder.php(1649): CodeIgniter\Database\BaseConnection->query('SELECT *\nFROM `...', Array, false)
#3 C:\xampp\htdocs\lab11_ci\ci4\system\Model.php(254): CodeIgniter\Database\BaseBuilder->get()
#4 C:\xampp\htdocs\lab11_ci\ci4\system\BaseModel.php(675): CodeIgniter\Model->doFindAll(0, 0)
#5 C:\xampp\htdocs\lab11_ci\ci4\app\Controllers\Artikel.php(13): CodeIgniter\BaseModel->findAll()
#6 C:\xampp\htdocs\lab11_ci\ci4\system\CodeIgniter.php(951): App\Controllers\Artikel->index()
#7 C:\xampp\htdocs\lab11_ci\ci4\system\CodeIgniter.php(497): CodeIgniter\CodeIgniter->runController(Object(App\Controllers\Artikel))
#8 C:\xampp\htdocs\lab11_ci\ci4\system\CodeIgniter.php(340): CodeIgniter\CodeIgniter->handleRequest(NULL, Object(Config\Cache), false)
#9 C:\xampp\htdocs\lab11_ci\ci4\system\Boot.php(417): CodeIgniter\CodeIgniter->run()
#10 C:\xampp\htdocs\lab11_ci\ci4\system\Boot.php(68): CodeIgniter\Boot::runCodeIgniter(Object(CodeIgniter\CodeIgniter))
#11 C:\xampp\htdocs\lab11_ci\ci4\public\index.php(59): CodeIgniter\Boot::bootWeb(Object(Config\Paths))
#12 C:\xampp\htdocs\lab11_ci\ci4\system\rewrite.php(44): require_once('C:\\xampp\\htdocs...')
#13 {main}
CRITICAL - 2026-03-08 03:02:59 --> CodeIgniter\Database\Exceptions\DatabaseException: Unable to connect to the database.
Main connection [MySQLi]: Access denied for user ''@'localhost' (using password: NO)
[Method: GET, Route: artikel]
in SYSTEMPATH\Database\BaseConnection.php on line 465.
 1 SYSTEMPATH\Database\BaseConnection.php(654): CodeIgniter\Database\BaseConnection->initialize()
 2 SYSTEMPATH\Database\BaseBuilder.php(1649): CodeIgniter\Database\BaseConnection->query('SELECT *
FROM `artikel`', [], false)
 3 SYSTEMPATH\Model.php(254): CodeIgniter\Database\BaseBuilder->get()
 4 SYSTEMPATH\BaseModel.php(675): CodeIgniter\Model->doFindAll(0, 0)
 5 APPPATH\Controllers\Artikel.php(13): CodeIgniter\BaseModel->findAll()
 6 SYSTEMPATH\CodeIgniter.php(951): App\Controllers\Artikel->index()
 7 SYSTEMPATH\CodeIgniter.php(497): CodeIgniter\CodeIgniter->runController(Object(App\Controllers\Artikel))
 8 SYSTEMPATH\CodeIgniter.php(340): CodeIgniter\CodeIgniter->handleRequest(null, Object(Config\Cache), false)
 9 SYSTEMPATH\Boot.php(417): CodeIgniter\CodeIgniter->run()
10 SYSTEMPATH\Boot.php(68): CodeIgniter\Boot::runCodeIgniter(Object(CodeIgniter\CodeIgniter))
11 FCPATH\index.php(59): CodeIgniter\Boot::bootWeb(Object(Config\Paths))
12 SYSTEMPATH\rewrite.php(44): require_once('C:\\xampp\\htdocs\\lab11_ci\\ci4\\public\\index.php')
ERROR - 2026-03-08 03:02:59 --> Error connecting to the database: mysqli_sql_exception: Access denied for user ''@'localhost' (using password: NO) in C:\xampp\htdocs\lab11_ci\ci4\system\Database\MySQLi\Connection.php:201
Stack trace:
#0 C:\xampp\htdocs\lab11_ci\ci4\system\Database\MySQLi\Connection.php(201): mysqli->real_connect('localhost', '', Object(SensitiveParameterValue), '', 3306, '', 0)
#1 C:\xampp\htdocs\lab11_ci\ci4\system\Database\BaseConnection.php(419): CodeIgniter\Database\MySQLi\Connection->connect(false)
#2 C:\xampp\htdocs\lab11_ci\ci4\system\Database\BaseConnection.php(654): CodeIgniter\Database\BaseConnection->initialize()
#3 C:\xampp\htdocs\lab11_ci\ci4\system\Database\BaseBuilder.php(1649): CodeIgniter\Database\BaseConnection->query('SELECT *\nFROM `...', Array, false)
#4 C:\xampp\htdocs\lab11_ci\ci4\system\Model.php(254): CodeIgniter\Database\BaseBuilder->get()
#5 C:\xampp\htdocs\lab11_ci\ci4\system\BaseModel.php(675): CodeIgniter\Model->doFindAll(0, 0)
#6 C:\xampp\htdocs\lab11_ci\ci4\app\Controllers\Artikel.php(13): CodeIgniter\BaseModel->findAll()
#7 C:\xampp\htdocs\lab11_ci\ci4\system\CodeIgniter.php(951): App\Controllers\Artikel->index()
#8 C:\xampp\htdocs\lab11_ci\ci4\system\CodeIgniter.php(497): CodeIgniter\CodeIgniter->runController(Object(App\Controllers\Artikel))
#9 C:\xampp\htdocs\lab11_ci\ci4\system\CodeIgniter.php(340): CodeIgniter\CodeIgniter->handleRequest(NULL, Object(Config\Cache), false)
#10 C:\xampp\htdocs\lab11_ci\ci4\system\Boot.php(417): CodeIgniter\CodeIgniter->run()
#11 C:\xampp\htdocs\lab11_ci\ci4\system\Boot.php(68): CodeIgniter\Boot::runCodeIgniter(Object(CodeIgniter\CodeIgniter))
#12 C:\xampp\htdocs\lab11_ci\ci4\public\index.php(59): CodeIgniter\Boot::bootWeb(Object(Config\Paths))
#13 C:\xampp\htdocs\lab11_ci\ci4\system\rewrite.php(44): require_once('C:\\xampp\\htdocs...')
#14 {main}

Next CodeIgniter\Database\Exceptions\DatabaseException: Access denied for user ''@'localhost' (using password: NO) in C:\xampp\htdocs\lab11_ci\ci4\system\Database\MySQLi\Connection.php:231
Stack trace:
#0 C:\xampp\htdocs\lab11_ci\ci4\system\Database\BaseConnection.php(419): CodeIgniter\Database\MySQLi\Connection->connect(false)
#1 C:\xampp\htdocs\lab11_ci\ci4\system\Database\BaseConnection.php(654): CodeIgniter\Database\BaseConnection->initialize()
#2 C:\xampp\htdocs\lab11_ci\ci4\system\Database\BaseBuilder.php(1649): CodeIgniter\Database\BaseConnection->query('SELECT *\nFROM `...', Array, false)
#3 C:\xampp\htdocs\lab11_ci\ci4\system\Model.php(254): CodeIgniter\Database\BaseBuilder->get()
#4 C:\xampp\htdocs\lab11_ci\ci4\system\BaseModel.php(675): CodeIgniter\Model->doFindAll(0, 0)
#5 C:\xampp\htdocs\lab11_ci\ci4\app\Controllers\Artikel.php(13): CodeIgniter\BaseModel->findAll()
#6 C:\xampp\htdocs\lab11_ci\ci4\system\CodeIgniter.php(951): App\Controllers\Artikel->index()
#7 C:\xampp\htdocs\lab11_ci\ci4\system\CodeIgniter.php(497): CodeIgniter\CodeIgniter->runController(Object(App\Controllers\Artikel))
#8 C:\xampp\htdocs\lab11_ci\ci4\system\CodeIgniter.php(340): CodeIgniter\CodeIgniter->handleRequest(NULL, Object(Config\Cache), false)
#9 C:\xampp\htdocs\lab11_ci\ci4\system\Boot.php(417): CodeIgniter\CodeIgniter->run()
#10 C:\xampp\htdocs\lab11_ci\ci4\system\Boot.php(68): CodeIgniter\Boot::runCodeIgniter(Object(CodeIgniter\CodeIgniter))
#11 C:\xampp\htdocs\lab11_ci\ci4\public\index.php(59): CodeIgniter\Boot::bootWeb(Object(Config\Paths))
#12 C:\xampp\htdocs\lab11_ci\ci4\system\rewrite.php(44): require_once('C:\\xampp\\htdocs...')
#13 {main}
CRITICAL - 2026-03-08 03:02:59 --> CodeIgniter\Database\Exceptions\DatabaseException: Unable to connect to the database.
Main connection [MySQLi]: Access denied for user ''@'localhost' (using password: NO)
[Method: GET, Route: artikel]
in SYSTEMPATH\Database\BaseConnection.php on line 465.
 1 SYSTEMPATH\Database\BaseConnection.php(654): CodeIgniter\Database\BaseConnection->initialize()
 2 SYSTEMPATH\Database\BaseBuilder.php(1649): CodeIgniter\Database\BaseConnection->query('SELECT *
FROM `artikel`', [], false)
 3 SYSTEMPATH\Model.php(254): CodeIgniter\Database\BaseBuilder->get()
 4 SYSTEMPATH\BaseModel.php(675): CodeIgniter\Model->doFindAll(0, 0)
 5 APPPATH\Controllers\Artikel.php(13): CodeIgniter\BaseModel->findAll()
 6 SYSTEMPATH\CodeIgniter.php(951): App\Controllers\Artikel->index()
 7 SYSTEMPATH\CodeIgniter.php(497): CodeIgniter\CodeIgniter->runController(Object(App\Controllers\Artikel))
 8 SYSTEMPATH\CodeIgniter.php(340): CodeIgniter\CodeIgniter->handleRequest(null, Object(Config\Cache), false)
 9 SYSTEMPATH\Boot.php(417): CodeIgniter\CodeIgniter->run()
10 SYSTEMPATH\Boot.php(68): CodeIgniter\Boot::runCodeIgniter(Object(CodeIgniter\CodeIgniter))
11 FCPATH\index.php(59): CodeIgniter\Boot::bootWeb(Object(Config\Paths))
12 SYSTEMPATH\rewrite.php(44): require_once('C:\\xampp\\htdocs\\lab11_ci\\ci4\\public\\index.php')
ERROR - 2026-03-08 03:02:59 --> Error connecting to the database: mysqli_sql_exception: Access denied for user ''@'localhost' (using password: NO) in C:\xampp\htdocs\lab11_ci\ci4\system\Database\MySQLi\Connection.php:201
Stack trace:
#0 C:\xampp\htdocs\lab11_ci\ci4\system\Database\MySQLi\Connection.php(201): mysqli->real_connect('localhost', '', Object(SensitiveParameterValue), '', 3306, '', 0)
#1 C:\xampp\htdocs\lab11_ci\ci4\system\Database\BaseConnection.php(419): CodeIgniter\Database\MySQLi\Connection->connect(false)
#2 C:\xampp\htdocs\lab11_ci\ci4\system\Database\BaseConnection.php(654): CodeIgniter\Database\BaseConnection->initialize()
#3 C:\xampp\htdocs\lab11_ci\ci4\system\Database\BaseBuilder.php(1649): CodeIgniter\Database\BaseConnection->query('SELECT *\nFROM `...', Array, false)
#4 C:\xampp\htdocs\lab11_ci\ci4\system\Model.php(254): CodeIgniter\Database\BaseBuilder->get()
#5 C:\xampp\htdocs\lab11_ci\ci4\system\BaseModel.php(675): CodeIgniter\Model->doFindAll(0, 0)
#6 C:\xampp\htdocs\lab11_ci\ci4\app\Controllers\Artikel.php(13): CodeIgniter\BaseModel->findAll()
#7 C:\xampp\htdocs\lab11_ci\ci4\system\CodeIgniter.php(951): App\Controllers\Artikel->index()
#8 C:\xampp\htdocs\lab11_ci\ci4\system\CodeIgniter.php(497): CodeIgniter\CodeIgniter->runController(Object(App\Controllers\Artikel))
#9 C:\xampp\htdocs\lab11_ci\ci4\system\CodeIgniter.php(340): CodeIgniter\CodeIgniter->handleRequest(NULL, Object(Config\Cache), false)
#10 C:\xampp\htdocs\lab11_ci\ci4\system\Boot.php(417): CodeIgniter\CodeIgniter->run()
#11 C:\xampp\htdocs\lab11_ci\ci4\system\Boot.php(68): CodeIgniter\Boot::runCodeIgniter(Object(CodeIgniter\CodeIgniter))
#12 C:\xampp\htdocs\lab11_ci\ci4\public\index.php(59): CodeIgniter\Boot::bootWeb(Object(Config\Paths))
#13 C:\xampp\htdocs\lab11_ci\ci4\system\rewrite.php(44): require_once('C:\\xampp\\htdocs...')
#14 {main}

Next CodeIgniter\Database\Exceptions\DatabaseException: Access denied for user ''@'localhost' (using password: NO) in C:\xampp\htdocs\lab11_ci\ci4\system\Database\MySQLi\Connection.php:231
Stack trace:
#0 C:\xampp\htdocs\lab11_ci\ci4\system\Database\BaseConnection.php(419): CodeIgniter\Database\MySQLi\Connection->connect(false)
#1 C:\xampp\htdocs\lab11_ci\ci4\system\Database\BaseConnection.php(654): CodeIgniter\Database\BaseConnection->initialize()
#2 C:\xampp\htdocs\lab11_ci\ci4\system\Database\BaseBuilder.php(1649): CodeIgniter\Database\BaseConnection->query('SELECT *\nFROM `...', Array, false)
#3 C:\xampp\htdocs\lab11_ci\ci4\system\Model.php(254): CodeIgniter\Database\BaseBuilder->get()
#4 C:\xampp\htdocs\lab11_ci\ci4\system\BaseModel.php(675): CodeIgniter\Model->doFindAll(0, 0)
#5 C:\xampp\htdocs\lab11_ci\ci4\app\Controllers\Artikel.php(13): CodeIgniter\BaseModel->findAll()
#6 C:\xampp\htdocs\lab11_ci\ci4\system\CodeIgniter.php(951): App\Controllers\Artikel->index()
#7 C:\xampp\htdocs\lab11_ci\ci4\system\CodeIgniter.php(497): CodeIgniter\CodeIgniter->runController(Object(App\Controllers\Artikel))
#8 C:\xampp\htdocs\lab11_ci\ci4\system\CodeIgniter.php(340): CodeIgniter\CodeIgniter->handleRequest(NULL, Object(Config\Cache), false)
#9 C:\xampp\htdocs\lab11_ci\ci4\system\Boot.php(417): CodeIgniter\CodeIgniter->run()
#10 C:\xampp\htdocs\lab11_ci\ci4\system\Boot.php(68): CodeIgniter\Boot::runCodeIgniter(Object(CodeIgniter\CodeIgniter))
#11 C:\xampp\htdocs\lab11_ci\ci4\public\index.php(59): CodeIgniter\Boot::bootWeb(Object(Config\Paths))
#12 C:\xampp\htdocs\lab11_ci\ci4\system\rewrite.php(44): require_once('C:\\xampp\\htdocs...')
#13 {main}
CRITICAL - 2026-03-08 03:02:59 --> CodeIgniter\Database\Exceptions\DatabaseException: Unable to connect to the database.
Main connection [MySQLi]: Access denied for user ''@'localhost' (using password: NO)
[Method: GET, Route: artikel]
in SYSTEMPATH\Database\BaseConnection.php on line 465.
 1 SYSTEMPATH\Database\BaseConnection.php(654): CodeIgniter\Database\BaseConnection->initialize()
 2 SYSTEMPATH\Database\BaseBuilder.php(1649): CodeIgniter\Database\BaseConnection->query('SELECT *
FROM `artikel`', [], false)
 3 SYSTEMPATH\Model.php(254): CodeIgniter\Database\BaseBuilder->get()
 4 SYSTEMPATH\BaseModel.php(675): CodeIgniter\Model->doFindAll(0, 0)
 5 APPPATH\Controllers\Artikel.php(13): CodeIgniter\BaseModel->findAll()
 6 SYSTEMPATH\CodeIgniter.php(951): App\Controllers\Artikel->index()
 7 SYSTEMPATH\CodeIgniter.php(497): CodeIgniter\CodeIgniter->runController(Object(App\Controllers\Artikel))
 8 SYSTEMPATH\CodeIgniter.php(340): CodeIgniter\CodeIgniter->handleRequest(null, Object(Config\Cache), false)
 9 SYSTEMPATH\Boot.php(417): CodeIgniter\CodeIgniter->run()
10 SYSTEMPATH\Boot.php(68): CodeIgniter\Boot::runCodeIgniter(Object(CodeIgniter\CodeIgniter))
11 FCPATH\index.php(59): CodeIgniter\Boot::bootWeb(Object(Config\Paths))
12 SYSTEMPATH\rewrite.php(44): require_once('C:\\xampp\\htdocs\\lab11_ci\\ci4\\public\\index.php')
ERROR - 2026-03-08 03:04:40 --> Error connecting to the database: mysqli_sql_exception: Access denied for user ''@'localhost' (using password: NO) in C:\xampp\htdocs\lab11_ci\ci4\system\Database\MySQLi\Connection.php:201
Stack trace:
#0 C:\xampp\htdocs\lab11_ci\ci4\system\Database\MySQLi\Connection.php(201): mysqli->real_connect('localhost', '', Object(SensitiveParameterValue), '', 3306, '', 0)
#1 C:\xampp\htdocs\lab11_ci\ci4\system\Database\BaseConnection.php(419): CodeIgniter\Database\MySQLi\Connection->connect(false)
#2 C:\xampp\htdocs\lab11_ci\ci4\system\Database\BaseConnection.php(654): CodeIgniter\Database\BaseConnection->initialize()
#3 C:\xampp\htdocs\lab11_ci\ci4\system\Database\BaseBuilder.php(1649): CodeIgniter\Database\BaseConnection->query('SELECT *\nFROM `...', Array, false)
#4 C:\xampp\htdocs\lab11_ci\ci4\system\Model.php(254): CodeIgniter\Database\BaseBuilder->get()
#5 C:\xampp\htdocs\lab11_ci\ci4\system\BaseModel.php(675): CodeIgniter\Model->doFindAll(0, 0)
#6 C:\xampp\htdocs\lab11_ci\ci4\app\Controllers\Artikel.php(13): CodeIgniter\BaseModel->findAll()
#7 C:\xampp\htdocs\lab11_ci\ci4\system\CodeIgniter.php(951): App\Controllers\Artikel->index()
#8 C:\xampp\htdocs\lab11_ci\ci4\system\CodeIgniter.php(497): CodeIgniter\CodeIgniter->runController(Object(App\Controllers\Artikel))
#9 C:\xampp\htdocs\lab11_ci\ci4\system\CodeIgniter.php(340): CodeIgniter\CodeIgniter->handleRequest(NULL, Object(Config\Cache), false)
#10 C:\xampp\htdocs\lab11_ci\ci4\system\Boot.php(417): CodeIgniter\CodeIgniter->run()
#11 C:\xampp\htdocs\lab11_ci\ci4\system\Boot.php(68): CodeIgniter\Boot::runCodeIgniter(Object(CodeIgniter\CodeIgniter))
#12 C:\xampp\htdocs\lab11_ci\ci4\public\index.php(59): CodeIgniter\Boot::bootWeb(Object(Config\Paths))
#13 C:\xampp\htdocs\lab11_ci\ci4\system\rewrite.php(44): require_once('C:\\xampp\\htdocs...')
#14 {main}

Next CodeIgniter\Database\Exceptions\DatabaseException: Access denied for user ''@'localhost' (using password: NO) in C:\xampp\htdocs\lab11_ci\ci4\system\Database\MySQLi\Connection.php:231
Stack trace:
#0 C:\xampp\htdocs\lab11_ci\ci4\system\Database\BaseConnection.php(419): CodeIgniter\Database\MySQLi\Connection->connect(false)
#1 C:\xampp\htdocs\lab11_ci\ci4\system\Database\BaseConnection.php(654): CodeIgniter\Database\BaseConnection->initialize()
#2 C:\xampp\htdocs\lab11_ci\ci4\system\Database\BaseBuilder.php(1649): CodeIgniter\Database\BaseConnection->query('SELECT *\nFROM `...', Array, false)
#3 C:\xampp\htdocs\lab11_ci\ci4\system\Model.php(254): CodeIgniter\Database\BaseBuilder->get()
#4 C:\xampp\htdocs\lab11_ci\ci4\system\BaseModel.php(675): CodeIgniter\Model->doFindAll(0, 0)
#5 C:\xampp\htdocs\lab11_ci\ci4\app\Controllers\Artikel.php(13): CodeIgniter\BaseModel->findAll()
#6 C:\xampp\htdocs\lab11_ci\ci4\system\CodeIgniter.php(951): App\Controllers\Artikel->index()
#7 C:\xampp\htdocs\lab11_ci\ci4\system\CodeIgniter.php(497): CodeIgniter\CodeIgniter->runController(Object(App\Controllers\Artikel))
#8 C:\xampp\htdocs\lab11_ci\ci4\system\CodeIgniter.php(340): CodeIgniter\CodeIgniter->handleRequest(NULL, Object(Config\Cache), false)
#9 C:\xampp\htdocs\lab11_ci\ci4\system\Boot.php(417): CodeIgniter\CodeIgniter->run()
#10 C:\xampp\htdocs\lab11_ci\ci4\system\Boot.php(68): CodeIgniter\Boot::runCodeIgniter(Object(CodeIgniter\CodeIgniter))
#11 C:\xampp\htdocs\lab11_ci\ci4\public\index.php(59): CodeIgniter\Boot::bootWeb(Object(Config\Paths))
#12 C:\xampp\htdocs\lab11_ci\ci4\system\rewrite.php(44): require_once('C:\\xampp\\htdocs...')
#13 {main}
CRITICAL - 2026-03-08 03:04:40 --> CodeIgniter\Database\Exceptions\DatabaseException: Unable to connect to the database.
Main connection [MySQLi]: Access denied for user ''@'localhost' (using password: NO)
[Method: GET, Route: artikel]
in SYSTEMPATH\Database\BaseConnection.php on line 465.
 1 SYSTEMPATH\Database\BaseConnection.php(654): CodeIgniter\Database\BaseConnection->initialize()
 2 SYSTEMPATH\Database\BaseBuilder.php(1649): CodeIgniter\Database\BaseConnection->query('SELECT *
FROM `artikel`', [], false)
 3 SYSTEMPATH\Model.php(254): CodeIgniter\Database\BaseBuilder->get()
 4 SYSTEMPATH\BaseModel.php(675): CodeIgniter\Model->doFindAll(0, 0)
 5 APPPATH\Controllers\Artikel.php(13): CodeIgniter\BaseModel->findAll()
 6 SYSTEMPATH\CodeIgniter.php(951): App\Controllers\Artikel->index()
 7 SYSTEMPATH\CodeIgniter.php(497): CodeIgniter\CodeIgniter->runController(Object(App\Controllers\Artikel))
 8 SYSTEMPATH\CodeIgniter.php(340): CodeIgniter\CodeIgniter->handleRequest(null, Object(Config\Cache), false)
 9 SYSTEMPATH\Boot.php(417): CodeIgniter\CodeIgniter->run()
10 SYSTEMPATH\Boot.php(68): CodeIgniter\Boot::runCodeIgniter(Object(CodeIgniter\CodeIgniter))
11 FCPATH\index.php(59): CodeIgniter\Boot::bootWeb(Object(Config\Paths))
12 SYSTEMPATH\rewrite.php(44): require_once('C:\\xampp\\htdocs\\lab11_ci\\ci4\\public\\index.php')
ERROR - 2026-03-08 03:04:40 --> Error connecting to the database: mysqli_sql_exception: Access denied for user ''@'localhost' (using password: NO) in C:\xampp\htdocs\lab11_ci\ci4\system\Database\MySQLi\Connection.php:201
Stack trace:
#0 C:\xampp\htdocs\lab11_ci\ci4\system\Database\MySQLi\Connection.php(201): mysqli->real_connect('localhost', '', Object(SensitiveParameterValue), '', 3306, '', 0)
#1 C:\xampp\htdocs\lab11_ci\ci4\system\Database\BaseConnection.php(419): CodeIgniter\Database\MySQLi\Connection->connect(false)
#2 C:\xampp\htdocs\lab11_ci\ci4\system\Database\BaseConnection.php(654): CodeIgniter\Database\BaseConnection->initialize()
#3 C:\xampp\htdocs\lab11_ci\ci4\system\Database\BaseBuilder.php(1649): CodeIgniter\Database\BaseConnection->query('SELECT *\nFROM `...', Array, false)
#4 C:\xampp\htdocs\lab11_ci\ci4\system\Model.php(254): CodeIgniter\Database\BaseBuilder->get()
#5 C:\xampp\htdocs\lab11_ci\ci4\system\BaseModel.php(675): CodeIgniter\Model->doFindAll(0, 0)
#6 C:\xampp\htdocs\lab11_ci\ci4\app\Controllers\Artikel.php(13): CodeIgniter\BaseModel->findAll()
#7 C:\xampp\htdocs\lab11_ci\ci4\system\CodeIgniter.php(951): App\Controllers\Artikel->index()
#8 C:\xampp\htdocs\lab11_ci\ci4\system\CodeIgniter.php(497): CodeIgniter\CodeIgniter->runController(Object(App\Controllers\Artikel))
#9 C:\xampp\htdocs\lab11_ci\ci4\system\CodeIgniter.php(340): CodeIgniter\CodeIgniter->handleRequest(NULL, Object(Config\Cache), false)
#10 C:\xampp\htdocs\lab11_ci\ci4\system\Boot.php(417): CodeIgniter\CodeIgniter->run()
#11 C:\xampp\htdocs\lab11_ci\ci4\system\Boot.php(68): CodeIgniter\Boot::runCodeIgniter(Object(CodeIgniter\CodeIgniter))
#12 C:\xampp\htdocs\lab11_ci\ci4\public\index.php(59): CodeIgniter\Boot::bootWeb(Object(Config\Paths))
#13 C:\xampp\htdocs\lab11_ci\ci4\system\rewrite.php(44): require_once('C:\\xampp\\htdocs...')
#14 {main}

Next CodeIgniter\Database\Exceptions\DatabaseException: Access denied for user ''@'localhost' (using password: NO) in C:\xampp\htdocs\lab11_ci\ci4\system\Database\MySQLi\Connection.php:231
Stack trace:
#0 C:\xampp\htdocs\lab11_ci\ci4\system\Database\BaseConnection.php(419): CodeIgniter\Database\MySQLi\Connection->connect(false)
#1 C:\xampp\htdocs\lab11_ci\ci4\system\Database\BaseConnection.php(654): CodeIgniter\Database\BaseConnection->initialize()
#2 C:\xampp\htdocs\lab11_ci\ci4\system\Database\BaseBuilder.php(1649): CodeIgniter\Database\BaseConnection->query('SELECT *\nFROM `...', Array, false)
#3 C:\xampp\htdocs\lab11_ci\ci4\system\Model.php(254): CodeIgniter\Database\BaseBuilder->get()
#4 C:\xampp\htdocs\lab11_ci\ci4\system\BaseModel.php(675): CodeIgniter\Model->doFindAll(0, 0)
#5 C:\xampp\htdocs\lab11_ci\ci4\app\Controllers\Artikel.php(13): CodeIgniter\BaseModel->findAll()
#6 C:\xampp\htdocs\lab11_ci\ci4\system\CodeIgniter.php(951): App\Controllers\Artikel->index()
#7 C:\xampp\htdocs\lab11_ci\ci4\system\CodeIgniter.php(497): CodeIgniter\CodeIgniter->runController(Object(App\Controllers\Artikel))
#8 C:\xampp\htdocs\lab11_ci\ci4\system\CodeIgniter.php(340): CodeIgniter\CodeIgniter->handleRequest(NULL, Object(Config\Cache), false)
#9 C:\xampp\htdocs\lab11_ci\ci4\system\Boot.php(417): CodeIgniter\CodeIgniter->run()
#10 C:\xampp\htdocs\lab11_ci\ci4\system\Boot.php(68): CodeIgniter\Boot::runCodeIgniter(Object(CodeIgniter\CodeIgniter))
#11 C:\xampp\htdocs\lab11_ci\ci4\public\index.php(59): CodeIgniter\Boot::bootWeb(Object(Config\Paths))
#12 C:\xampp\htdocs\lab11_ci\ci4\system\rewrite.php(44): require_once('C:\\xampp\\htdocs...')
#13 {main}
CRITICAL - 2026-03-08 03:04:40 --> CodeIgniter\Database\Exceptions\DatabaseException: Unable to connect to the database.
Main connection [MySQLi]: Access denied for user ''@'localhost' (using password: NO)
[Method: GET, Route: artikel]
in SYSTEMPATH\Database\BaseConnection.php on line 465.
 1 SYSTEMPATH\Database\BaseConnection.php(654): CodeIgniter\Database\BaseConnection->initialize()
 2 SYSTEMPATH\Database\BaseBuilder.php(1649): CodeIgniter\Database\BaseConnection->query('SELECT *
FROM `artikel`', [], false)
 3 SYSTEMPATH\Model.php(254): CodeIgniter\Database\BaseBuilder->get()
 4 SYSTEMPATH\BaseModel.php(675): CodeIgniter\Model->doFindAll(0, 0)
 5 APPPATH\Controllers\Artikel.php(13): CodeIgniter\BaseModel->findAll()
 6 SYSTEMPATH\CodeIgniter.php(951): App\Controllers\Artikel->index()
 7 SYSTEMPATH\CodeIgniter.php(497): CodeIgniter\CodeIgniter->runController(Object(App\Controllers\Artikel))
 8 SYSTEMPATH\CodeIgniter.php(340): CodeIgniter\CodeIgniter->handleRequest(null, Object(Config\Cache), false)
 9 SYSTEMPATH\Boot.php(417): CodeIgniter\CodeIgniter->run()
10 SYSTEMPATH\Boot.php(68): CodeIgniter\Boot::runCodeIgniter(Object(CodeIgniter\CodeIgniter))
11 FCPATH\index.php(59): CodeIgniter\Boot::bootWeb(Object(Config\Paths))
12 SYSTEMPATH\rewrite.php(44): require_once('C:\\xampp\\htdocs\\lab11_ci\\ci4\\public\\index.php')
ERROR - 2026-03-08 03:04:51 --> Error connecting to the database: mysqli_sql_exception: Access denied for user ''@'localhost' (using password: NO) in C:\xampp\htdocs\lab11_ci\ci4\system\Database\MySQLi\Connection.php:201
Stack trace:
#0 C:\xampp\htdocs\lab11_ci\ci4\system\Database\MySQLi\Connection.php(201): mysqli->real_connect('localhost', '', Object(SensitiveParameterValue), '', 3306, '', 0)
#1 C:\xampp\htdocs\lab11_ci\ci4\system\Database\BaseConnection.php(419): CodeIgniter\Database\MySQLi\Connection->connect(false)
#2 C:\xampp\htdocs\lab11_ci\ci4\system\Database\BaseConnection.php(654): CodeIgniter\Database\BaseConnection->initialize()
#3 C:\xampp\htdocs\lab11_ci\ci4\system\Database\BaseBuilder.php(1649): CodeIgniter\Database\BaseConnection->query('SELECT *\nFROM `...', Array, false)
#4 C:\xampp\htdocs\lab11_ci\ci4\system\Model.php(254): CodeIgniter\Database\BaseBuilder->get()
#5 C:\xampp\htdocs\lab11_ci\ci4\system\BaseModel.php(675): CodeIgniter\Model->doFindAll(0, 0)
#6 C:\xampp\htdocs\lab11_ci\ci4\app\Controllers\Artikel.php(13): CodeIgniter\BaseModel->findAll()
#7 C:\xampp\htdocs\lab11_ci\ci4\system\CodeIgniter.php(951): App\Controllers\Artikel->index()
#8 C:\xampp\htdocs\lab11_ci\ci4\system\CodeIgniter.php(497): CodeIgniter\CodeIgniter->runController(Object(App\Controllers\Artikel))
#9 C:\xampp\htdocs\lab11_ci\ci4\system\CodeIgniter.php(340): CodeIgniter\CodeIgniter->handleRequest(NULL, Object(Config\Cache), false)
#10 C:\xampp\htdocs\lab11_ci\ci4\system\Boot.php(417): CodeIgniter\CodeIgniter->run()
#11 C:\xampp\htdocs\lab11_ci\ci4\system\Boot.php(68): CodeIgniter\Boot::runCodeIgniter(Object(CodeIgniter\CodeIgniter))
#12 C:\xampp\htdocs\lab11_ci\ci4\public\index.php(59): CodeIgniter\Boot::bootWeb(Object(Config\Paths))
#13 C:\xampp\htdocs\lab11_ci\ci4\system\rewrite.php(44): require_once('C:\\xampp\\htdocs...')
#14 {main}

Next CodeIgniter\Database\Exceptions\DatabaseException: Access denied for user ''@'localhost' (using password: NO) in C:\xampp\htdocs\lab11_ci\ci4\system\Database\MySQLi\Connection.php:231
Stack trace:
#0 C:\xampp\htdocs\lab11_ci\ci4\system\Database\BaseConnection.php(419): CodeIgniter\Database\MySQLi\Connection->connect(false)
#1 C:\xampp\htdocs\lab11_ci\ci4\system\Database\BaseConnection.php(654): CodeIgniter\Database\BaseConnection->initialize()
#2 C:\xampp\htdocs\lab11_ci\ci4\system\Database\BaseBuilder.php(1649): CodeIgniter\Database\BaseConnection->query('SELECT *\nFROM `...', Array, false)
#3 C:\xampp\htdocs\lab11_ci\ci4\system\Model.php(254): CodeIgniter\Database\BaseBuilder->get()
#4 C:\xampp\htdocs\lab11_ci\ci4\system\BaseModel.php(675): CodeIgniter\Model->doFindAll(0, 0)
#5 C:\xampp\htdocs\lab11_ci\ci4\app\Controllers\Artikel.php(13): CodeIgniter\BaseModel->findAll()
#6 C:\xampp\htdocs\lab11_ci\ci4\system\CodeIgniter.php(951): App\Controllers\Artikel->index()
#7 C:\xampp\htdocs\lab11_ci\ci4\system\CodeIgniter.php(497): CodeIgniter\CodeIgniter->runController(Object(App\Controllers\Artikel))
#8 C:\xampp\htdocs\lab11_ci\ci4\system\CodeIgniter.php(340): CodeIgniter\CodeIgniter->handleRequest(NULL, Object(Config\Cache), false)
#9 C:\xampp\htdocs\lab11_ci\ci4\system\Boot.php(417): CodeIgniter\CodeIgniter->run()
#10 C:\xampp\htdocs\lab11_ci\ci4\system\Boot.php(68): CodeIgniter\Boot::runCodeIgniter(Object(CodeIgniter\CodeIgniter))
#11 C:\xampp\htdocs\lab11_ci\ci4\public\index.php(59): CodeIgniter\Boot::bootWeb(Object(Config\Paths))
#12 C:\xampp\htdocs\lab11_ci\ci4\system\rewrite.php(44): require_once('C:\\xampp\\htdocs...')
#13 {main}
CRITICAL - 2026-03-08 03:04:51 --> CodeIgniter\Database\Exceptions\DatabaseException: Unable to connect to the database.
Main connection [MySQLi]: Access denied for user ''@'localhost' (using password: NO)
[Method: GET, Route: artikel]
in SYSTEMPATH\Database\BaseConnection.php on line 465.
 1 SYSTEMPATH\Database\BaseConnection.php(654): CodeIgniter\Database\BaseConnection->initialize()
 2 SYSTEMPATH\Database\BaseBuilder.php(1649): CodeIgniter\Database\BaseConnection->query('SELECT *
FROM `artikel`', [], false)
 3 SYSTEMPATH\Model.php(254): CodeIgniter\Database\BaseBuilder->get()
 4 SYSTEMPATH\BaseModel.php(675): CodeIgniter\Model->doFindAll(0, 0)
 5 APPPATH\Controllers\Artikel.php(13): CodeIgniter\BaseModel->findAll()
 6 SYSTEMPATH\CodeIgniter.php(951): App\Controllers\Artikel->index()
 7 SYSTEMPATH\CodeIgniter.php(497): CodeIgniter\CodeIgniter->runController(Object(App\Controllers\Artikel))
 8 SYSTEMPATH\CodeIgniter.php(340): CodeIgniter\CodeIgniter->handleRequest(null, Object(Config\Cache), false)
 9 SYSTEMPATH\Boot.php(417): CodeIgniter\CodeIgniter->run()
10 SYSTEMPATH\Boot.php(68): CodeIgniter\Boot::runCodeIgniter(Object(CodeIgniter\CodeIgniter))
11 FCPATH\index.php(59): CodeIgniter\Boot::bootWeb(Object(Config\Paths))
12 SYSTEMPATH\rewrite.php(44): require_once('C:\\xampp\\htdocs\\lab11_ci\\ci4\\public\\index.php')
ERROR - 2026-03-08 03:06:51 --> Error connecting to the database: mysqli_sql_exception: Access denied for user ''@'localhost' (using password: NO) in C:\xampp\htdocs\lab11_ci\ci4\system\Database\MySQLi\Connection.php:201
Stack trace:
#0 C:\xampp\htdocs\lab11_ci\ci4\system\Database\MySQLi\Connection.php(201): mysqli->real_connect('localhost', '', Object(SensitiveParameterValue), '', 3306, '', 0)
#1 C:\xampp\htdocs\lab11_ci\ci4\system\Database\BaseConnection.php(419): CodeIgniter\Database\MySQLi\Connection->connect(false)
#2 C:\xampp\htdocs\lab11_ci\ci4\system\Database\BaseConnection.php(654): CodeIgniter\Database\BaseConnection->initialize()
#3 C:\xampp\htdocs\lab11_ci\ci4\system\Database\BaseBuilder.php(1649): CodeIgniter\Database\BaseConnection->query('SELECT *\nFROM `...', Array, false)
#4 C:\xampp\htdocs\lab11_ci\ci4\system\Model.php(254): CodeIgniter\Database\BaseBuilder->get()
#5 C:\xampp\htdocs\lab11_ci\ci4\system\BaseModel.php(675): CodeIgniter\Model->doFindAll(0, 0)
#6 C:\xampp\htdocs\lab11_ci\ci4\app\Controllers\Artikel.php(14): CodeIgniter\BaseModel->findAll()
#7 C:\xampp\htdocs\lab11_ci\ci4\system\CodeIgniter.php(951): App\Controllers\Artikel->index()
#8 C:\xampp\htdocs\lab11_ci\ci4\system\CodeIgniter.php(497): CodeIgniter\CodeIgniter->runController(Object(App\Controllers\Artikel))
#9 C:\xampp\htdocs\lab11_ci\ci4\system\CodeIgniter.php(340): CodeIgniter\CodeIgniter->handleRequest(NULL, Object(Config\Cache), false)
#10 C:\xampp\htdocs\lab11_ci\ci4\system\Boot.php(417): CodeIgniter\CodeIgniter->run()
#11 C:\xampp\htdocs\lab11_ci\ci4\system\Boot.php(68): CodeIgniter\Boot::runCodeIgniter(Object(CodeIgniter\CodeIgniter))
#12 C:\xampp\htdocs\lab11_ci\ci4\public\index.php(59): CodeIgniter\Boot::bootWeb(Object(Config\Paths))
#13 C:\xampp\htdocs\lab11_ci\ci4\system\rewrite.php(44): require_once('C:\\xampp\\htdocs...')
#14 {main}

Next CodeIgniter\Database\Exceptions\DatabaseException: Access denied for user ''@'localhost' (using password: NO) in C:\xampp\htdocs\lab11_ci\ci4\system\Database\MySQLi\Connection.php:231
Stack trace:
#0 C:\xampp\htdocs\lab11_ci\ci4\system\Database\BaseConnection.php(419): CodeIgniter\Database\MySQLi\Connection->connect(false)
#1 C:\xampp\htdocs\lab11_ci\ci4\system\Database\BaseConnection.php(654): CodeIgniter\Database\BaseConnection->initialize()
#2 C:\xampp\htdocs\lab11_ci\ci4\system\Database\BaseBuilder.php(1649): CodeIgniter\Database\BaseConnection->query('SELECT *\nFROM `...', Array, false)
#3 C:\xampp\htdocs\lab11_ci\ci4\system\Model.php(254): CodeIgniter\Database\BaseBuilder->get()
#4 C:\xampp\htdocs\lab11_ci\ci4\system\BaseModel.php(675): CodeIgniter\Model->doFindAll(0, 0)
#5 C:\xampp\htdocs\lab11_ci\ci4\app\Controllers\Artikel.php(14): CodeIgniter\BaseModel->findAll()
#6 C:\xampp\htdocs\lab11_ci\ci4\system\CodeIgniter.php(951): App\Controllers\Artikel->index()
#7 C:\xampp\htdocs\lab11_ci\ci4\system\CodeIgniter.php(497): CodeIgniter\CodeIgniter->runController(Object(App\Controllers\Artikel))
#8 C:\xampp\htdocs\lab11_ci\ci4\system\CodeIgniter.php(340): CodeIgniter\CodeIgniter->handleRequest(NULL, Object(Config\Cache), false)
#9 C:\xampp\htdocs\lab11_ci\ci4\system\Boot.php(417): CodeIgniter\CodeIgniter->run()
#10 C:\xampp\htdocs\lab11_ci\ci4\system\Boot.php(68): CodeIgniter\Boot::runCodeIgniter(Object(CodeIgniter\CodeIgniter))
#11 C:\xampp\htdocs\lab11_ci\ci4\public\index.php(59): CodeIgniter\Boot::bootWeb(Object(Config\Paths))
#12 C:\xampp\htdocs\lab11_ci\ci4\system\rewrite.php(44): require_once('C:\\xampp\\htdocs...')
#13 {main}
CRITICAL - 2026-03-08 03:06:51 --> CodeIgniter\Database\Exceptions\DatabaseException: Unable to connect to the database.
Main connection [MySQLi]: Access denied for user ''@'localhost' (using password: NO)
[Method: GET, Route: artikel]
in SYSTEMPATH\Database\BaseConnection.php on line 465.
 1 SYSTEMPATH\Database\BaseConnection.php(654): CodeIgniter\Database\BaseConnection->initialize()
 2 SYSTEMPATH\Database\BaseBuilder.php(1649): CodeIgniter\Database\BaseConnection->query('SELECT *
FROM `artikel`', [], false)
 3 SYSTEMPATH\Model.php(254): CodeIgniter\Database\BaseBuilder->get()
 4 SYSTEMPATH\BaseModel.php(675): CodeIgniter\Model->doFindAll(0, 0)
 5 APPPATH\Controllers\Artikel.php(14): CodeIgniter\BaseModel->findAll()
 6 SYSTEMPATH\CodeIgniter.php(951): App\Controllers\Artikel->index()
 7 SYSTEMPATH\CodeIgniter.php(497): CodeIgniter\CodeIgniter->runController(Object(App\Controllers\Artikel))
 8 SYSTEMPATH\CodeIgniter.php(340): CodeIgniter\CodeIgniter->handleRequest(null, Object(Config\Cache), false)
 9 SYSTEMPATH\Boot.php(417): CodeIgniter\CodeIgniter->run()
10 SYSTEMPATH\Boot.php(68): CodeIgniter\Boot::runCodeIgniter(Object(CodeIgniter\CodeIgniter))
11 FCPATH\index.php(59): CodeIgniter\Boot::bootWeb(Object(Config\Paths))
12 SYSTEMPATH\rewrite.php(44): require_once('C:\\xampp\\htdocs\\lab11_ci\\ci4\\public\\index.php')
ERROR - 2026-03-08 03:12:32 --> Error connecting to the database: mysqli_sql_exception: Access denied for user ''@'localhost' (using password: NO) in C:\xampp\htdocs\lab11_ci\ci4\system\Database\MySQLi\Connection.php:201
Stack trace:
#0 C:\xampp\htdocs\lab11_ci\ci4\system\Database\MySQLi\Connection.php(201): mysqli->real_connect('localhost', '', Object(SensitiveParameterValue), '', 3306, '', 0)
#1 C:\xampp\htdocs\lab11_ci\ci4\system\Database\BaseConnection.php(419): CodeIgniter\Database\MySQLi\Connection->connect(false)
#2 C:\xampp\htdocs\lab11_ci\ci4\system\Database\BaseConnection.php(654): CodeIgniter\Database\BaseConnection->initialize()
#3 C:\xampp\htdocs\lab11_ci\ci4\system\Database\BaseBuilder.php(1649): CodeIgniter\Database\BaseConnection->query('SELECT *\nFROM `...', Array, false)
#4 C:\xampp\htdocs\lab11_ci\ci4\system\Model.php(254): CodeIgniter\Database\BaseBuilder->get()
#5 C:\xampp\htdocs\lab11_ci\ci4\system\BaseModel.php(675): CodeIgniter\Model->doFindAll(0, 0)
#6 C:\xampp\htdocs\lab11_ci\ci4\app\Controllers\Artikel.php(12): CodeIgniter\BaseModel->findAll()
#7 C:\xampp\htdocs\lab11_ci\ci4\system\CodeIgniter.php(951): App\Controllers\Artikel->index()
#8 C:\xampp\htdocs\lab11_ci\ci4\system\CodeIgniter.php(497): CodeIgniter\CodeIgniter->runController(Object(App\Controllers\Artikel))
#9 C:\xampp\htdocs\lab11_ci\ci4\system\CodeIgniter.php(340): CodeIgniter\CodeIgniter->handleRequest(NULL, Object(Config\Cache), false)
#10 C:\xampp\htdocs\lab11_ci\ci4\system\Boot.php(417): CodeIgniter\CodeIgniter->run()
#11 C:\xampp\htdocs\lab11_ci\ci4\system\Boot.php(68): CodeIgniter\Boot::runCodeIgniter(Object(CodeIgniter\CodeIgniter))
#12 C:\xampp\htdocs\lab11_ci\ci4\public\index.php(59): CodeIgniter\Boot::bootWeb(Object(Config\Paths))
#13 C:\xampp\htdocs\lab11_ci\ci4\system\rewrite.php(44): require_once('C:\\xampp\\htdocs...')
#14 {main}

Next CodeIgniter\Database\Exceptions\DatabaseException: Access denied for user ''@'localhost' (using password: NO) in C:\xampp\htdocs\lab11_ci\ci4\system\Database\MySQLi\Connection.php:231
Stack trace:
#0 C:\xampp\htdocs\lab11_ci\ci4\system\Database\BaseConnection.php(419): CodeIgniter\Database\MySQLi\Connection->connect(false)
#1 C:\xampp\htdocs\lab11_ci\ci4\system\Database\BaseConnection.php(654): CodeIgniter\Database\BaseConnection->initialize()
#2 C:\xampp\htdocs\lab11_ci\ci4\system\Database\BaseBuilder.php(1649): CodeIgniter\Database\BaseConnection->query('SELECT *\nFROM `...', Array, false)
#3 C:\xampp\htdocs\lab11_ci\ci4\system\Model.php(254): CodeIgniter\Database\BaseBuilder->get()
#4 C:\xampp\htdocs\lab11_ci\ci4\system\BaseModel.php(675): CodeIgniter\Model->doFindAll(0, 0)
#5 C:\xampp\htdocs\lab11_ci\ci4\app\Controllers\Artikel.php(12): CodeIgniter\BaseModel->findAll()
#6 C:\xampp\htdocs\lab11_ci\ci4\system\CodeIgniter.php(951): App\Controllers\Artikel->index()
#7 C:\xampp\htdocs\lab11_ci\ci4\system\CodeIgniter.php(497): CodeIgniter\CodeIgniter->runController(Object(App\Controllers\Artikel))
#8 C:\xampp\htdocs\lab11_ci\ci4\system\CodeIgniter.php(340): CodeIgniter\CodeIgniter->handleRequest(NULL, Object(Config\Cache), false)
#9 C:\xampp\htdocs\lab11_ci\ci4\system\Boot.php(417): CodeIgniter\CodeIgniter->run()
#10 C:\xampp\htdocs\lab11_ci\ci4\system\Boot.php(68): CodeIgniter\Boot::runCodeIgniter(Object(CodeIgniter\CodeIgniter))
#11 C:\xampp\htdocs\lab11_ci\ci4\public\index.php(59): CodeIgniter\Boot::bootWeb(Object(Config\Paths))
#12 C:\xampp\htdocs\lab11_ci\ci4\system\rewrite.php(44): require_once('C:\\xampp\\htdocs...')
#13 {main}
CRITICAL - 2026-03-08 03:12:32 --> CodeIgniter\Database\Exceptions\DatabaseException: Unable to connect to the database.
Main connection [MySQLi]: Access denied for user ''@'localhost' (using password: NO)
[Method: GET, Route: artikel]
in SYSTEMPATH\Database\BaseConnection.php on line 465.
 1 SYSTEMPATH\Database\BaseConnection.php(654): CodeIgniter\Database\BaseConnection->initialize()
 2 SYSTEMPATH\Database\BaseBuilder.php(1649): CodeIgniter\Database\BaseConnection->query('SELECT *
FROM `artikel`', [], false)
 3 SYSTEMPATH\Model.php(254): CodeIgniter\Database\BaseBuilder->get()
 4 SYSTEMPATH\BaseModel.php(675): CodeIgniter\Model->doFindAll(0, 0)
 5 APPPATH\Controllers\Artikel.php(12): CodeIgniter\BaseModel->findAll()
 6 SYSTEMPATH\CodeIgniter.php(951): App\Controllers\Artikel->index()
 7 SYSTEMPATH\CodeIgniter.php(497): CodeIgniter\CodeIgniter->runController(Object(App\Controllers\Artikel))
 8 SYSTEMPATH\CodeIgniter.php(340): CodeIgniter\CodeIgniter->handleRequest(null, Object(Config\Cache), false)
 9 SYSTEMPATH\Boot.php(417): CodeIgniter\CodeIgniter->run()
10 SYSTEMPATH\Boot.php(68): CodeIgniter\Boot::runCodeIgniter(Object(CodeIgniter\CodeIgniter))
11 FCPATH\index.php(59): CodeIgniter\Boot::bootWeb(Object(Config\Paths))
12 SYSTEMPATH\rewrite.php(44): require_once('C:\\xampp\\htdocs\\lab11_ci\\ci4\\public\\index.php')
ERROR - 2026-03-08 03:30:14 --> Error connecting to the database: mysqli_sql_exception: Access denied for user ''@'localhost' (using password: NO) in C:\xampp\htdocs\lab11_ci\ci4\system\Database\MySQLi\Connection.php:201
Stack trace:
#0 C:\xampp\htdocs\lab11_ci\ci4\system\Database\MySQLi\Connection.php(201): mysqli->real_connect('localhost', '', Object(SensitiveParameterValue), '', 3306, '', 0)
#1 C:\xampp\htdocs\lab11_ci\ci4\system\Database\BaseConnection.php(419): CodeIgniter\Database\MySQLi\Connection->connect(false)
#2 C:\xampp\htdocs\lab11_ci\ci4\system\Database\BaseConnection.php(654): CodeIgniter\Database\BaseConnection->initialize()
#3 C:\xampp\htdocs\lab11_ci\ci4\system\Database\BaseBuilder.php(1649): CodeIgniter\Database\BaseConnection->query('SELECT *\nFROM `...', Array, false)
#4 C:\xampp\htdocs\lab11_ci\ci4\system\Model.php(254): CodeIgniter\Database\BaseBuilder->get()
#5 C:\xampp\htdocs\lab11_ci\ci4\system\BaseModel.php(675): CodeIgniter\Model->doFindAll(0, 0)
#6 C:\xampp\htdocs\lab11_ci\ci4\app\Controllers\Artikel.php(12): CodeIgniter\BaseModel->findAll()
#7 C:\xampp\htdocs\lab11_ci\ci4\system\CodeIgniter.php(951): App\Controllers\Artikel->index()
#8 C:\xampp\htdocs\lab11_ci\ci4\system\CodeIgniter.php(497): CodeIgniter\CodeIgniter->runController(Object(App\Controllers\Artikel))
#9 C:\xampp\htdocs\lab11_ci\ci4\system\CodeIgniter.php(340): CodeIgniter\CodeIgniter->handleRequest(NULL, Object(Config\Cache), false)
#10 C:\xampp\htdocs\lab11_ci\ci4\system\Boot.php(417): CodeIgniter\CodeIgniter->run()
#11 C:\xampp\htdocs\lab11_ci\ci4\system\Boot.php(68): CodeIgniter\Boot::runCodeIgniter(Object(CodeIgniter\CodeIgniter))
#12 C:\xampp\htdocs\lab11_ci\ci4\public\index.php(59): CodeIgniter\Boot::bootWeb(Object(Config\Paths))
#13 C:\xampp\htdocs\lab11_ci\ci4\system\rewrite.php(44): require_once('C:\\xampp\\htdocs...')
#14 {main}

Next CodeIgniter\Database\Exceptions\DatabaseException: Access denied for user ''@'localhost' (using password: NO) in C:\xampp\htdocs\lab11_ci\ci4\system\Database\MySQLi\Connection.php:231
Stack trace:
#0 C:\xampp\htdocs\lab11_ci\ci4\system\Database\BaseConnection.php(419): CodeIgniter\Database\MySQLi\Connection->connect(false)
#1 C:\xampp\htdocs\lab11_ci\ci4\system\Database\BaseConnection.php(654): CodeIgniter\Database\BaseConnection->initialize()
#2 C:\xampp\htdocs\lab11_ci\ci4\system\Database\BaseBuilder.php(1649): CodeIgniter\Database\BaseConnection->query('SELECT *\nFROM `...', Array, false)
#3 C:\xampp\htdocs\lab11_ci\ci4\system\Model.php(254): CodeIgniter\Database\BaseBuilder->get()
#4 C:\xampp\htdocs\lab11_ci\ci4\system\BaseModel.php(675): CodeIgniter\Model->doFindAll(0, 0)
#5 C:\xampp\htdocs\lab11_ci\ci4\app\Controllers\Artikel.php(12): CodeIgniter\BaseModel->findAll()
#6 C:\xampp\htdocs\lab11_ci\ci4\system\CodeIgniter.php(951): App\Controllers\Artikel->index()
#7 C:\xampp\htdocs\lab11_ci\ci4\system\CodeIgniter.php(497): CodeIgniter\CodeIgniter->runController(Object(App\Controllers\Artikel))
#8 C:\xampp\htdocs\lab11_ci\ci4\system\CodeIgniter.php(340): CodeIgniter\CodeIgniter->handleRequest(NULL, Object(Config\Cache), false)
#9 C:\xampp\htdocs\lab11_ci\ci4\system\Boot.php(417): CodeIgniter\CodeIgniter->run()
#10 C:\xampp\htdocs\lab11_ci\ci4\system\Boot.php(68): CodeIgniter\Boot::runCodeIgniter(Object(CodeIgniter\CodeIgniter))
#11 C:\xampp\htdocs\lab11_ci\ci4\public\index.php(59): CodeIgniter\Boot::bootWeb(Object(Config\Paths))
#12 C:\xampp\htdocs\lab11_ci\ci4\system\rewrite.php(44): require_once('C:\\xampp\\htdocs...')
#13 {main}
CRITICAL - 2026-03-08 03:30:14 --> CodeIgniter\Database\Exceptions\DatabaseException: Unable to connect to the database.
Main connection [MySQLi]: Access denied for user ''@'localhost' (using password: NO)
[Method: GET, Route: artikel]
in SYSTEMPATH\Database\BaseConnection.php on line 465.
 1 SYSTEMPATH\Database\BaseConnection.php(654): CodeIgniter\Database\BaseConnection->initialize()
 2 SYSTEMPATH\Database\BaseBuilder.php(1649): CodeIgniter\Database\BaseConnection->query('SELECT *
FROM `artikel`', [], false)
 3 SYSTEMPATH\Model.php(254): CodeIgniter\Database\BaseBuilder->get()
 4 SYSTEMPATH\BaseModel.php(675): CodeIgniter\Model->doFindAll(0, 0)
 5 APPPATH\Controllers\Artikel.php(12): CodeIgniter\BaseModel->findAll()
 6 SYSTEMPATH\CodeIgniter.php(951): App\Controllers\Artikel->index()
 7 SYSTEMPATH\CodeIgniter.php(497): CodeIgniter\CodeIgniter->runController(Object(App\Controllers\Artikel))
 8 SYSTEMPATH\CodeIgniter.php(340): CodeIgniter\CodeIgniter->handleRequest(null, Object(Config\Cache), false)
 9 SYSTEMPATH\Boot.php(417): CodeIgniter\CodeIgniter->run()
10 SYSTEMPATH\Boot.php(68): CodeIgniter\Boot::runCodeIgniter(Object(CodeIgniter\CodeIgniter))
11 FCPATH\index.php(59): CodeIgniter\Boot::bootWeb(Object(Config\Paths))
12 SYSTEMPATH\rewrite.php(44): require_once('C:\\xampp\\htdocs\\lab11_ci\\ci4\\public\\index.php')
ERROR - 2026-03-08 03:30:16 --> Error connecting to the database: mysqli_sql_exception: Access denied for user ''@'localhost' (using password: NO) in C:\xampp\htdocs\lab11_ci\ci4\system\Database\MySQLi\Connection.php:201
Stack trace:
#0 C:\xampp\htdocs\lab11_ci\ci4\system\Database\MySQLi\Connection.php(201): mysqli->real_connect('localhost', '', Object(SensitiveParameterValue), '', 3306, '', 0)
#1 C:\xampp\htdocs\lab11_ci\ci4\system\Database\BaseConnection.php(419): CodeIgniter\Database\MySQLi\Connection->connect(false)
#2 C:\xampp\htdocs\lab11_ci\ci4\system\Database\BaseConnection.php(654): CodeIgniter\Database\BaseConnection->initialize()
#3 C:\xampp\htdocs\lab11_ci\ci4\system\Database\BaseBuilder.php(1649): CodeIgniter\Database\BaseConnection->query('SELECT *\nFROM `...', Array, false)
#4 C:\xampp\htdocs\lab11_ci\ci4\system\Model.php(254): CodeIgniter\Database\BaseBuilder->get()
#5 C:\xampp\htdocs\lab11_ci\ci4\system\BaseModel.php(675): CodeIgniter\Model->doFindAll(0, 0)
#6 C:\xampp\htdocs\lab11_ci\ci4\app\Controllers\Artikel.php(12): CodeIgniter\BaseModel->findAll()
#7 C:\xampp\htdocs\lab11_ci\ci4\system\CodeIgniter.php(951): App\Controllers\Artikel->index()
#8 C:\xampp\htdocs\lab11_ci\ci4\system\CodeIgniter.php(497): CodeIgniter\CodeIgniter->runController(Object(App\Controllers\Artikel))
#9 C:\xampp\htdocs\lab11_ci\ci4\system\CodeIgniter.php(340): CodeIgniter\CodeIgniter->handleRequest(NULL, Object(Config\Cache), false)
#10 C:\xampp\htdocs\lab11_ci\ci4\system\Boot.php(417): CodeIgniter\CodeIgniter->run()
#11 C:\xampp\htdocs\lab11_ci\ci4\system\Boot.php(68): CodeIgniter\Boot::runCodeIgniter(Object(CodeIgniter\CodeIgniter))
#12 C:\xampp\htdocs\lab11_ci\ci4\public\index.php(59): CodeIgniter\Boot::bootWeb(Object(Config\Paths))
#13 C:\xampp\htdocs\lab11_ci\ci4\system\rewrite.php(44): require_once('C:\\xampp\\htdocs...')
#14 {main}

Next CodeIgniter\Database\Exceptions\DatabaseException: Access denied for user ''@'localhost' (using password: NO) in C:\xampp\htdocs\lab11_ci\ci4\system\Database\MySQLi\Connection.php:231
Stack trace:
#0 C:\xampp\htdocs\lab11_ci\ci4\system\Database\BaseConnection.php(419): CodeIgniter\Database\MySQLi\Connection->connect(false)
#1 C:\xampp\htdocs\lab11_ci\ci4\system\Database\BaseConnection.php(654): CodeIgniter\Database\BaseConnection->initialize()
#2 C:\xampp\htdocs\lab11_ci\ci4\system\Database\BaseBuilder.php(1649): CodeIgniter\Database\BaseConnection->query('SELECT *\nFROM `...', Array, false)
#3 C:\xampp\htdocs\lab11_ci\ci4\system\Model.php(254): CodeIgniter\Database\BaseBuilder->get()
#4 C:\xampp\htdocs\lab11_ci\ci4\system\BaseModel.php(675): CodeIgniter\Model->doFindAll(0, 0)
#5 C:\xampp\htdocs\lab11_ci\ci4\app\Controllers\Artikel.php(12): CodeIgniter\BaseModel->findAll()
#6 C:\xampp\htdocs\lab11_ci\ci4\system\CodeIgniter.php(951): App\Controllers\Artikel->index()
#7 C:\xampp\htdocs\lab11_ci\ci4\system\CodeIgniter.php(497): CodeIgniter\CodeIgniter->runController(Object(App\Controllers\Artikel))
#8 C:\xampp\htdocs\lab11_ci\ci4\system\CodeIgniter.php(340): CodeIgniter\CodeIgniter->handleRequest(NULL, Object(Config\Cache), false)
#9 C:\xampp\htdocs\lab11_ci\ci4\system\Boot.php(417): CodeIgniter\CodeIgniter->run()
#10 C:\xampp\htdocs\lab11_ci\ci4\system\Boot.php(68): CodeIgniter\Boot::runCodeIgniter(Object(CodeIgniter\CodeIgniter))
#11 C:\xampp\htdocs\lab11_ci\ci4\public\index.php(59): CodeIgniter\Boot::bootWeb(Object(Config\Paths))
#12 C:\xampp\htdocs\lab11_ci\ci4\system\rewrite.php(44): require_once('C:\\xampp\\htdocs...')
#13 {main}
CRITICAL - 2026-03-08 03:30:16 --> CodeIgniter\Database\Exceptions\DatabaseException: Unable to connect to the database.
Main connection [MySQLi]: Access denied for user ''@'localhost' (using password: NO)
[Method: GET, Route: artikel]
in SYSTEMPATH\Database\BaseConnection.php on line 465.
 1 SYSTEMPATH\Database\BaseConnection.php(654): CodeIgniter\Database\BaseConnection->initialize()
 2 SYSTEMPATH\Database\BaseBuilder.php(1649): CodeIgniter\Database\BaseConnection->query('SELECT *
FROM `artikel`', [], false)
 3 SYSTEMPATH\Model.php(254): CodeIgniter\Database\BaseBuilder->get()
 4 SYSTEMPATH\BaseModel.php(675): CodeIgniter\Model->doFindAll(0, 0)
 5 APPPATH\Controllers\Artikel.php(12): CodeIgniter\BaseModel->findAll()
 6 SYSTEMPATH\CodeIgniter.php(951): App\Controllers\Artikel->index()
 7 SYSTEMPATH\CodeIgniter.php(497): CodeIgniter\CodeIgniter->runController(Object(App\Controllers\Artikel))
 8 SYSTEMPATH\CodeIgniter.php(340): CodeIgniter\CodeIgniter->handleRequest(null, Object(Config\Cache), false)
 9 SYSTEMPATH\Boot.php(417): CodeIgniter\CodeIgniter->run()
10 SYSTEMPATH\Boot.php(68): CodeIgniter\Boot::runCodeIgniter(Object(CodeIgniter\CodeIgniter))
11 FCPATH\index.php(59): CodeIgniter\Boot::bootWeb(Object(Config\Paths))
12 SYSTEMPATH\rewrite.php(44): require_once('C:\\xampp\\htdocs\\lab11_ci\\ci4\\public\\index.php')
ERROR - 2026-03-08 03:30:17 --> Error connecting to the database: mysqli_sql_exception: Access denied for user ''@'localhost' (using password: NO) in C:\xampp\htdocs\lab11_ci\ci4\system\Database\MySQLi\Connection.php:201
Stack trace:
#0 C:\xampp\htdocs\lab11_ci\ci4\system\Database\MySQLi\Connection.php(201): mysqli->real_connect('localhost', '', Object(SensitiveParameterValue), '', 3306, '', 0)
#1 C:\xampp\htdocs\lab11_ci\ci4\system\Database\BaseConnection.php(419): CodeIgniter\Database\MySQLi\Connection->connect(false)
#2 C:\xampp\htdocs\lab11_ci\ci4\system\Database\BaseConnection.php(654): CodeIgniter\Database\BaseConnection->initialize()
#3 C:\xampp\htdocs\lab11_ci\ci4\system\Database\BaseBuilder.php(1649): CodeIgniter\Database\BaseConnection->query('SELECT *\nFROM `...', Array, false)
#4 C:\xampp\htdocs\lab11_ci\ci4\system\Model.php(254): CodeIgniter\Database\BaseBuilder->get()
#5 C:\xampp\htdocs\lab11_ci\ci4\system\BaseModel.php(675): CodeIgniter\Model->doFindAll(0, 0)
#6 C:\xampp\htdocs\lab11_ci\ci4\app\Controllers\Artikel.php(12): CodeIgniter\BaseModel->findAll()
#7 C:\xampp\htdocs\lab11_ci\ci4\system\CodeIgniter.php(951): App\Controllers\Artikel->index()
#8 C:\xampp\htdocs\lab11_ci\ci4\system\CodeIgniter.php(497): CodeIgniter\CodeIgniter->runController(Object(App\Controllers\Artikel))
#9 C:\xampp\htdocs\lab11_ci\ci4\system\CodeIgniter.php(340): CodeIgniter\CodeIgniter->handleRequest(NULL, Object(Config\Cache), false)
#10 C:\xampp\htdocs\lab11_ci\ci4\system\Boot.php(417): CodeIgniter\CodeIgniter->run()
#11 C:\xampp\htdocs\lab11_ci\ci4\system\Boot.php(68): CodeIgniter\Boot::runCodeIgniter(Object(CodeIgniter\CodeIgniter))
#12 C:\xampp\htdocs\lab11_ci\ci4\public\index.php(59): CodeIgniter\Boot::bootWeb(Object(Config\Paths))
#13 C:\xampp\htdocs\lab11_ci\ci4\system\rewrite.php(44): require_once('C:\\xampp\\htdocs...')
#14 {main}

Next CodeIgniter\Database\Exceptions\DatabaseException: Access denied for user ''@'localhost' (using password: NO) in C:\xampp\htdocs\lab11_ci\ci4\system\Database\MySQLi\Connection.php:231
Stack trace:
#0 C:\xampp\htdocs\lab11_ci\ci4\system\Database\BaseConnection.php(419): CodeIgniter\Database\MySQLi\Connection->connect(false)
#1 C:\xampp\htdocs\lab11_ci\ci4\system\Database\BaseConnection.php(654): CodeIgniter\Database\BaseConnection->initialize()
#2 C:\xampp\htdocs\lab11_ci\ci4\system\Database\BaseBuilder.php(1649): CodeIgniter\Database\BaseConnection->query('SELECT *\nFROM `...', Array, false)
#3 C:\xampp\htdocs\lab11_ci\ci4\system\Model.php(254): CodeIgniter\Database\BaseBuilder->get()
#4 C:\xampp\htdocs\lab11_ci\ci4\system\BaseModel.php(675): CodeIgniter\Model->doFindAll(0, 0)
#5 C:\xampp\htdocs\lab11_ci\ci4\app\Controllers\Artikel.php(12): CodeIgniter\BaseModel->findAll()
#6 C:\xampp\htdocs\lab11_ci\ci4\system\CodeIgniter.php(951): App\Controllers\Artikel->index()
#7 C:\xampp\htdocs\lab11_ci\ci4\system\CodeIgniter.php(497): CodeIgniter\CodeIgniter->runController(Object(App\Controllers\Artikel))
#8 C:\xampp\htdocs\lab11_ci\ci4\system\CodeIgniter.php(340): CodeIgniter\CodeIgniter->handleRequest(NULL, Object(Config\Cache), false)
#9 C:\xampp\htdocs\lab11_ci\ci4\system\Boot.php(417): CodeIgniter\CodeIgniter->run()
#10 C:\xampp\htdocs\lab11_ci\ci4\system\Boot.php(68): CodeIgniter\Boot::runCodeIgniter(Object(CodeIgniter\CodeIgniter))
#11 C:\xampp\htdocs\lab11_ci\ci4\public\index.php(59): CodeIgniter\Boot::bootWeb(Object(Config\Paths))
#12 C:\xampp\htdocs\lab11_ci\ci4\system\rewrite.php(44): require_once('C:\\xampp\\htdocs...')
#13 {main}
CRITICAL - 2026-03-08 03:30:17 --> CodeIgniter\Database\Exceptions\DatabaseException: Unable to connect to the database.
Main connection [MySQLi]: Access denied for user ''@'localhost' (using password: NO)
[Method: GET, Route: artikel]
in SYSTEMPATH\Database\BaseConnection.php on line 465.
 1 SYSTEMPATH\Database\BaseConnection.php(654): CodeIgniter\Database\BaseConnection->initialize()
 2 SYSTEMPATH\Database\BaseBuilder.php(1649): CodeIgniter\Database\BaseConnection->query('SELECT *
FROM `artikel`', [], false)
 3 SYSTEMPATH\Model.php(254): CodeIgniter\Database\BaseBuilder->get()
 4 SYSTEMPATH\BaseModel.php(675): CodeIgniter\Model->doFindAll(0, 0)
 5 APPPATH\Controllers\Artikel.php(12): CodeIgniter\BaseModel->findAll()
 6 SYSTEMPATH\CodeIgniter.php(951): App\Controllers\Artikel->index()
 7 SYSTEMPATH\CodeIgniter.php(497): CodeIgniter\CodeIgniter->runController(Object(App\Controllers\Artikel))
 8 SYSTEMPATH\CodeIgniter.php(340): CodeIgniter\CodeIgniter->handleRequest(null, Object(Config\Cache), false)
 9 SYSTEMPATH\Boot.php(417): CodeIgniter\CodeIgniter->run()
10 SYSTEMPATH\Boot.php(68): CodeIgniter\Boot::runCodeIgniter(Object(CodeIgniter\CodeIgniter))
11 FCPATH\index.php(59): CodeIgniter\Boot::bootWeb(Object(Config\Paths))
12 SYSTEMPATH\rewrite.php(44): require_once('C:\\xampp\\htdocs\\lab11_ci\\ci4\\public\\index.php')
ERROR - 2026-03-08 03:30:17 --> Error connecting to the database: mysqli_sql_exception: Access denied for user ''@'localhost' (using password: NO) in C:\xampp\htdocs\lab11_ci\ci4\system\Database\MySQLi\Connection.php:201
Stack trace:
#0 C:\xampp\htdocs\lab11_ci\ci4\system\Database\MySQLi\Connection.php(201): mysqli->real_connect('localhost', '', Object(SensitiveParameterValue), '', 3306, '', 0)
#1 C:\xampp\htdocs\lab11_ci\ci4\system\Database\BaseConnection.php(419): CodeIgniter\Database\MySQLi\Connection->connect(false)
#2 C:\xampp\htdocs\lab11_ci\ci4\system\Database\BaseConnection.php(654): CodeIgniter\Database\BaseConnection->initialize()
#3 C:\xampp\htdocs\lab11_ci\ci4\system\Database\BaseBuilder.php(1649): CodeIgniter\Database\BaseConnection->query('SELECT *\nFROM `...', Array, false)
#4 C:\xampp\htdocs\lab11_ci\ci4\system\Model.php(254): CodeIgniter\Database\BaseBuilder->get()
#5 C:\xampp\htdocs\lab11_ci\ci4\system\BaseModel.php(675): CodeIgniter\Model->doFindAll(0, 0)
#6 C:\xampp\htdocs\lab11_ci\ci4\app\Controllers\Artikel.php(12): CodeIgniter\BaseModel->findAll()
#7 C:\xampp\htdocs\lab11_ci\ci4\system\CodeIgniter.php(951): App\Controllers\Artikel->index()
#8 C:\xampp\htdocs\lab11_ci\ci4\system\CodeIgniter.php(497): CodeIgniter\CodeIgniter->runController(Object(App\Controllers\Artikel))
#9 C:\xampp\htdocs\lab11_ci\ci4\system\CodeIgniter.php(340): CodeIgniter\CodeIgniter->handleRequest(NULL, Object(Config\Cache), false)
#10 C:\xampp\htdocs\lab11_ci\ci4\system\Boot.php(417): CodeIgniter\CodeIgniter->run()
#11 C:\xampp\htdocs\lab11_ci\ci4\system\Boot.php(68): CodeIgniter\Boot::runCodeIgniter(Object(CodeIgniter\CodeIgniter))
#12 C:\xampp\htdocs\lab11_ci\ci4\public\index.php(59): CodeIgniter\Boot::bootWeb(Object(Config\Paths))
#13 C:\xampp\htdocs\lab11_ci\ci4\system\rewrite.php(44): require_once('C:\\xampp\\htdocs...')
#14 {main}

Next CodeIgniter\Database\Exceptions\DatabaseException: Access denied for user ''@'localhost' (using password: NO) in C:\xampp\htdocs\lab11_ci\ci4\system\Database\MySQLi\Connection.php:231
Stack trace:
#0 C:\xampp\htdocs\lab11_ci\ci4\system\Database\BaseConnection.php(419): CodeIgniter\Database\MySQLi\Connection->connect(false)
#1 C:\xampp\htdocs\lab11_ci\ci4\system\Database\BaseConnection.php(654): CodeIgniter\Database\BaseConnection->initialize()
#2 C:\xampp\htdocs\lab11_ci\ci4\system\Database\BaseBuilder.php(1649): CodeIgniter\Database\BaseConnection->query('SELECT *\nFROM `...', Array, false)
#3 C:\xampp\htdocs\lab11_ci\ci4\system\Model.php(254): CodeIgniter\Database\BaseBuilder->get()
#4 C:\xampp\htdocs\lab11_ci\ci4\system\BaseModel.php(675): CodeIgniter\Model->doFindAll(0, 0)
#5 C:\xampp\htdocs\lab11_ci\ci4\app\Controllers\Artikel.php(12): CodeIgniter\BaseModel->findAll()
#6 C:\xampp\htdocs\lab11_ci\ci4\system\CodeIgniter.php(951): App\Controllers\Artikel->index()
#7 C:\xampp\htdocs\lab11_ci\ci4\system\CodeIgniter.php(497): CodeIgniter\CodeIgniter->runController(Object(App\Controllers\Artikel))
#8 C:\xampp\htdocs\lab11_ci\ci4\system\CodeIgniter.php(340): CodeIgniter\CodeIgniter->handleRequest(NULL, Object(Config\Cache), false)
#9 C:\xampp\htdocs\lab11_ci\ci4\system\Boot.php(417): CodeIgniter\CodeIgniter->run()
#10 C:\xampp\htdocs\lab11_ci\ci4\system\Boot.php(68): CodeIgniter\Boot::runCodeIgniter(Object(CodeIgniter\CodeIgniter))
#11 C:\xampp\htdocs\lab11_ci\ci4\public\index.php(59): CodeIgniter\Boot::bootWeb(Object(Config\Paths))
#12 C:\xampp\htdocs\lab11_ci\ci4\system\rewrite.php(44): require_once('C:\\xampp\\htdocs...')
#13 {main}
CRITICAL - 2026-03-08 03:30:17 --> CodeIgniter\Database\Exceptions\DatabaseException: Unable to connect to the database.
Main connection [MySQLi]: Access denied for user ''@'localhost' (using password: NO)
[Method: GET, Route: artikel]
in SYSTEMPATH\Database\BaseConnection.php on line 465.
 1 SYSTEMPATH\Database\BaseConnection.php(654): CodeIgniter\Database\BaseConnection->initialize()
 2 SYSTEMPATH\Database\BaseBuilder.php(1649): CodeIgniter\Database\BaseConnection->query('SELECT *
FROM `artikel`', [], false)
 3 SYSTEMPATH\Model.php(254): CodeIgniter\Database\BaseBuilder->get()
 4 SYSTEMPATH\BaseModel.php(675): CodeIgniter\Model->doFindAll(0, 0)
 5 APPPATH\Controllers\Artikel.php(12): CodeIgniter\BaseModel->findAll()
 6 SYSTEMPATH\CodeIgniter.php(951): App\Controllers\Artikel->index()
 7 SYSTEMPATH\CodeIgniter.php(497): CodeIgniter\CodeIgniter->runController(Object(App\Controllers\Artikel))
 8 SYSTEMPATH\CodeIgniter.php(340): CodeIgniter\CodeIgniter->handleRequest(null, Object(Config\Cache), false)
 9 SYSTEMPATH\Boot.php(417): CodeIgniter\CodeIgniter->run()
10 SYSTEMPATH\Boot.php(68): CodeIgniter\Boot::runCodeIgniter(Object(CodeIgniter\CodeIgniter))
11 FCPATH\index.php(59): CodeIgniter\Boot::bootWeb(Object(Config\Paths))
12 SYSTEMPATH\rewrite.php(44): require_once('C:\\xampp\\htdocs\\lab11_ci\\ci4\\public\\index.php')
ERROR - 2026-03-08 03:30:17 --> Error connecting to the database: mysqli_sql_exception: Access denied for user ''@'localhost' (using password: NO) in C:\xampp\htdocs\lab11_ci\ci4\system\Database\MySQLi\Connection.php:201
Stack trace:
#0 C:\xampp\htdocs\lab11_ci\ci4\system\Database\MySQLi\Connection.php(201): mysqli->real_connect('localhost', '', Object(SensitiveParameterValue), '', 3306, '', 0)
#1 C:\xampp\htdocs\lab11_ci\ci4\system\Database\BaseConnection.php(419): CodeIgniter\Database\MySQLi\Connection->connect(false)
#2 C:\xampp\htdocs\lab11_ci\ci4\system\Database\BaseConnection.php(654): CodeIgniter\Database\BaseConnection->initialize()
#3 C:\xampp\htdocs\lab11_ci\ci4\system\Database\BaseBuilder.php(1649): CodeIgniter\Database\BaseConnection->query('SELECT *\nFROM `...', Array, false)
#4 C:\xampp\htdocs\lab11_ci\ci4\system\Model.php(254): CodeIgniter\Database\BaseBuilder->get()
#5 C:\xampp\htdocs\lab11_ci\ci4\system\BaseModel.php(675): CodeIgniter\Model->doFindAll(0, 0)
#6 C:\xampp\htdocs\lab11_ci\ci4\app\Controllers\Artikel.php(12): CodeIgniter\BaseModel->findAll()
#7 C:\xampp\htdocs\lab11_ci\ci4\system\CodeIgniter.php(951): App\Controllers\Artikel->index()
#8 C:\xampp\htdocs\lab11_ci\ci4\system\CodeIgniter.php(497): CodeIgniter\CodeIgniter->runController(Object(App\Controllers\Artikel))
#9 C:\xampp\htdocs\lab11_ci\ci4\system\CodeIgniter.php(340): CodeIgniter\CodeIgniter->handleRequest(NULL, Object(Config\Cache), false)
#10 C:\xampp\htdocs\lab11_ci\ci4\system\Boot.php(417): CodeIgniter\CodeIgniter->run()
#11 C:\xampp\htdocs\lab11_ci\ci4\system\Boot.php(68): CodeIgniter\Boot::runCodeIgniter(Object(CodeIgniter\CodeIgniter))
#12 C:\xampp\htdocs\lab11_ci\ci4\public\index.php(59): CodeIgniter\Boot::bootWeb(Object(Config\Paths))
#13 C:\xampp\htdocs\lab11_ci\ci4\system\rewrite.php(44): require_once('C:\\xampp\\htdocs...')
#14 {main}

Next CodeIgniter\Database\Exceptions\DatabaseException: Access denied for user ''@'localhost' (using password: NO) in C:\xampp\htdocs\lab11_ci\ci4\system\Database\MySQLi\Connection.php:231
Stack trace:
#0 C:\xampp\htdocs\lab11_ci\ci4\system\Database\BaseConnection.php(419): CodeIgniter\Database\MySQLi\Connection->connect(false)
#1 C:\xampp\htdocs\lab11_ci\ci4\system\Database\BaseConnection.php(654): CodeIgniter\Database\BaseConnection->initialize()
#2 C:\xampp\htdocs\lab11_ci\ci4\system\Database\BaseBuilder.php(1649): CodeIgniter\Database\BaseConnection->query('SELECT *\nFROM `...', Array, false)
#3 C:\xampp\htdocs\lab11_ci\ci4\system\Model.php(254): CodeIgniter\Database\BaseBuilder->get()
#4 C:\xampp\htdocs\lab11_ci\ci4\system\BaseModel.php(675): CodeIgniter\Model->doFindAll(0, 0)
#5 C:\xampp\htdocs\lab11_ci\ci4\app\Controllers\Artikel.php(12): CodeIgniter\BaseModel->findAll()
#6 C:\xampp\htdocs\lab11_ci\ci4\system\CodeIgniter.php(951): App\Controllers\Artikel->index()
#7 C:\xampp\htdocs\lab11_ci\ci4\system\CodeIgniter.php(497): CodeIgniter\CodeIgniter->runController(Object(App\Controllers\Artikel))
#8 C:\xampp\htdocs\lab11_ci\ci4\system\CodeIgniter.php(340): CodeIgniter\CodeIgniter->handleRequest(NULL, Object(Config\Cache), false)
#9 C:\xampp\htdocs\lab11_ci\ci4\system\Boot.php(417): CodeIgniter\CodeIgniter->run()
#10 C:\xampp\htdocs\lab11_ci\ci4\system\Boot.php(68): CodeIgniter\Boot::runCodeIgniter(Object(CodeIgniter\CodeIgniter))
#11 C:\xampp\htdocs\lab11_ci\ci4\public\index.php(59): CodeIgniter\Boot::bootWeb(Object(Config\Paths))
#12 C:\xampp\htdocs\lab11_ci\ci4\system\rewrite.php(44): require_once('C:\\xampp\\htdocs...')
#13 {main}
CRITICAL - 2026-03-08 03:30:17 --> CodeIgniter\Database\Exceptions\DatabaseException: Unable to connect to the database.
Main connection [MySQLi]: Access denied for user ''@'localhost' (using password: NO)
[Method: GET, Route: artikel]
in SYSTEMPATH\Database\BaseConnection.php on line 465.
 1 SYSTEMPATH\Database\BaseConnection.php(654): CodeIgniter\Database\BaseConnection->initialize()
 2 SYSTEMPATH\Database\BaseBuilder.php(1649): CodeIgniter\Database\BaseConnection->query('SELECT *
FROM `artikel`', [], false)
 3 SYSTEMPATH\Model.php(254): CodeIgniter\Database\BaseBuilder->get()
 4 SYSTEMPATH\BaseModel.php(675): CodeIgniter\Model->doFindAll(0, 0)
 5 APPPATH\Controllers\Artikel.php(12): CodeIgniter\BaseModel->findAll()
 6 SYSTEMPATH\CodeIgniter.php(951): App\Controllers\Artikel->index()
 7 SYSTEMPATH\CodeIgniter.php(497): CodeIgniter\CodeIgniter->runController(Object(App\Controllers\Artikel))
 8 SYSTEMPATH\CodeIgniter.php(340): CodeIgniter\CodeIgniter->handleRequest(null, Object(Config\Cache), false)
 9 SYSTEMPATH\Boot.php(417): CodeIgniter\CodeIgniter->run()
10 SYSTEMPATH\Boot.php(68): CodeIgniter\Boot::runCodeIgniter(Object(CodeIgniter\CodeIgniter))
11 FCPATH\index.php(59): CodeIgniter\Boot::bootWeb(Object(Config\Paths))
12 SYSTEMPATH\rewrite.php(44): require_once('C:\\xampp\\htdocs\\lab11_ci\\ci4\\public\\index.php')
ERROR - 2026-03-08 03:30:17 --> Error connecting to the database: mysqli_sql_exception: Access denied for user ''@'localhost' (using password: NO) in C:\xampp\htdocs\lab11_ci\ci4\system\Database\MySQLi\Connection.php:201
Stack trace:
#0 C:\xampp\htdocs\lab11_ci\ci4\system\Database\MySQLi\Connection.php(201): mysqli->real_connect('localhost', '', Object(SensitiveParameterValue), '', 3306, '', 0)
#1 C:\xampp\htdocs\lab11_ci\ci4\system\Database\BaseConnection.php(419): CodeIgniter\Database\MySQLi\Connection->connect(false)
#2 C:\xampp\htdocs\lab11_ci\ci4\system\Database\BaseConnection.php(654): CodeIgniter\Database\BaseConnection->initialize()
#3 C:\xampp\htdocs\lab11_ci\ci4\system\Database\BaseBuilder.php(1649): CodeIgniter\Database\BaseConnection->query('SELECT *\nFROM `...', Array, false)
#4 C:\xampp\htdocs\lab11_ci\ci4\system\Model.php(254): CodeIgniter\Database\BaseBuilder->get()
#5 C:\xampp\htdocs\lab11_ci\ci4\system\BaseModel.php(675): CodeIgniter\Model->doFindAll(0, 0)
#6 C:\xampp\htdocs\lab11_ci\ci4\app\Controllers\Artikel.php(12): CodeIgniter\BaseModel->findAll()
#7 C:\xampp\htdocs\lab11_ci\ci4\system\CodeIgniter.php(951): App\Controllers\Artikel->index()
#8 C:\xampp\htdocs\lab11_ci\ci4\system\CodeIgniter.php(497): CodeIgniter\CodeIgniter->runController(Object(App\Controllers\Artikel))
#9 C:\xampp\htdocs\lab11_ci\ci4\system\CodeIgniter.php(340): CodeIgniter\CodeIgniter->handleRequest(NULL, Object(Config\Cache), false)
#10 C:\xampp\htdocs\lab11_ci\ci4\system\Boot.php(417): CodeIgniter\CodeIgniter->run()
#11 C:\xampp\htdocs\lab11_ci\ci4\system\Boot.php(68): CodeIgniter\Boot::runCodeIgniter(Object(CodeIgniter\CodeIgniter))
#12 C:\xampp\htdocs\lab11_ci\ci4\public\index.php(59): CodeIgniter\Boot::bootWeb(Object(Config\Paths))
#13 C:\xampp\htdocs\lab11_ci\ci4\system\rewrite.php(44): require_once('C:\\xampp\\htdocs...')
#14 {main}

Next CodeIgniter\Database\Exceptions\DatabaseException: Access denied for user ''@'localhost' (using password: NO) in C:\xampp\htdocs\lab11_ci\ci4\system\Database\MySQLi\Connection.php:231
Stack trace:
#0 C:\xampp\htdocs\lab11_ci\ci4\system\Database\BaseConnection.php(419): CodeIgniter\Database\MySQLi\Connection->connect(false)
#1 C:\xampp\htdocs\lab11_ci\ci4\system\Database\BaseConnection.php(654): CodeIgniter\Database\BaseConnection->initialize()
#2 C:\xampp\htdocs\lab11_ci\ci4\system\Database\BaseBuilder.php(1649): CodeIgniter\Database\BaseConnection->query('SELECT *\nFROM `...', Array, false)
#3 C:\xampp\htdocs\lab11_ci\ci4\system\Model.php(254): CodeIgniter\Database\BaseBuilder->get()
#4 C:\xampp\htdocs\lab11_ci\ci4\system\BaseModel.php(675): CodeIgniter\Model->doFindAll(0, 0)
#5 C:\xampp\htdocs\lab11_ci\ci4\app\Controllers\Artikel.php(12): CodeIgniter\BaseModel->findAll()
#6 C:\xampp\htdocs\lab11_ci\ci4\system\CodeIgniter.php(951): App\Controllers\Artikel->index()
#7 C:\xampp\htdocs\lab11_ci\ci4\system\CodeIgniter.php(497): CodeIgniter\CodeIgniter->runController(Object(App\Controllers\Artikel))
#8 C:\xampp\htdocs\lab11_ci\ci4\system\CodeIgniter.php(340): CodeIgniter\CodeIgniter->handleRequest(NULL, Object(Config\Cache), false)
#9 C:\xampp\htdocs\lab11_ci\ci4\system\Boot.php(417): CodeIgniter\CodeIgniter->run()
#10 C:\xampp\htdocs\lab11_ci\ci4\system\Boot.php(68): CodeIgniter\Boot::runCodeIgniter(Object(CodeIgniter\CodeIgniter))
#11 C:\xampp\htdocs\lab11_ci\ci4\public\index.php(59): CodeIgniter\Boot::bootWeb(Object(Config\Paths))
#12 C:\xampp\htdocs\lab11_ci\ci4\system\rewrite.php(44): require_once('C:\\xampp\\htdocs...')
#13 {main}
CRITICAL - 2026-03-08 03:30:17 --> CodeIgniter\Database\Exceptions\DatabaseException: Unable to connect to the database.
Main connection [MySQLi]: Access denied for user ''@'localhost' (using password: NO)
[Method: GET, Route: artikel]
in SYSTEMPATH\Database\BaseConnection.php on line 465.
 1 SYSTEMPATH\Database\BaseConnection.php(654): CodeIgniter\Database\BaseConnection->initialize()
 2 SYSTEMPATH\Database\BaseBuilder.php(1649): CodeIgniter\Database\BaseConnection->query('SELECT *
FROM `artikel`', [], false)
 3 SYSTEMPATH\Model.php(254): CodeIgniter\Database\BaseBuilder->get()
 4 SYSTEMPATH\BaseModel.php(675): CodeIgniter\Model->doFindAll(0, 0)
 5 APPPATH\Controllers\Artikel.php(12): CodeIgniter\BaseModel->findAll()
 6 SYSTEMPATH\CodeIgniter.php(951): App\Controllers\Artikel->index()
 7 SYSTEMPATH\CodeIgniter.php(497): CodeIgniter\CodeIgniter->runController(Object(App\Controllers\Artikel))
 8 SYSTEMPATH\CodeIgniter.php(340): CodeIgniter\CodeIgniter->handleRequest(null, Object(Config\Cache), false)
 9 SYSTEMPATH\Boot.php(417): CodeIgniter\CodeIgniter->run()
10 SYSTEMPATH\Boot.php(68): CodeIgniter\Boot::runCodeIgniter(Object(CodeIgniter\CodeIgniter))
11 FCPATH\index.php(59): CodeIgniter\Boot::bootWeb(Object(Config\Paths))
12 SYSTEMPATH\rewrite.php(44): require_once('C:\\xampp\\htdocs\\lab11_ci\\ci4\\public\\index.php')
ERROR - 2026-03-08 03:30:17 --> Error connecting to the database: mysqli_sql_exception: Access denied for user ''@'localhost' (using password: NO) in C:\xampp\htdocs\lab11_ci\ci4\system\Database\MySQLi\Connection.php:201
Stack trace:
#0 C:\xampp\htdocs\lab11_ci\ci4\system\Database\MySQLi\Connection.php(201): mysqli->real_connect('localhost', '', Object(SensitiveParameterValue), '', 3306, '', 0)
#1 C:\xampp\htdocs\lab11_ci\ci4\system\Database\BaseConnection.php(419): CodeIgniter\Database\MySQLi\Connection->connect(false)
#2 C:\xampp\htdocs\lab11_ci\ci4\system\Database\BaseConnection.php(654): CodeIgniter\Database\BaseConnection->initialize()
#3 C:\xampp\htdocs\lab11_ci\ci4\system\Database\BaseBuilder.php(1649): CodeIgniter\Database\BaseConnection->query('SELECT *\nFROM `...', Array, false)
#4 C:\xampp\htdocs\lab11_ci\ci4\system\Model.php(254): CodeIgniter\Database\BaseBuilder->get()
#5 C:\xampp\htdocs\lab11_ci\ci4\system\BaseModel.php(675): CodeIgniter\Model->doFindAll(0, 0)
#6 C:\xampp\htdocs\lab11_ci\ci4\app\Controllers\Artikel.php(12): CodeIgniter\BaseModel->findAll()
#7 C:\xampp\htdocs\lab11_ci\ci4\system\CodeIgniter.php(951): App\Controllers\Artikel->index()
#8 C:\xampp\htdocs\lab11_ci\ci4\system\CodeIgniter.php(497): CodeIgniter\CodeIgniter->runController(Object(App\Controllers\Artikel))
#9 C:\xampp\htdocs\lab11_ci\ci4\system\CodeIgniter.php(340): CodeIgniter\CodeIgniter->handleRequest(NULL, Object(Config\Cache), false)
#10 C:\xampp\htdocs\lab11_ci\ci4\system\Boot.php(417): CodeIgniter\CodeIgniter->run()
#11 C:\xampp\htdocs\lab11_ci\ci4\system\Boot.php(68): CodeIgniter\Boot::runCodeIgniter(Object(CodeIgniter\CodeIgniter))
#12 C:\xampp\htdocs\lab11_ci\ci4\public\index.php(59): CodeIgniter\Boot::bootWeb(Object(Config\Paths))
#13 C:\xampp\htdocs\lab11_ci\ci4\system\rewrite.php(44): require_once('C:\\xampp\\htdocs...')
#14 {main}

Next CodeIgniter\Database\Exceptions\DatabaseException: Access denied for user ''@'localhost' (using password: NO) in C:\xampp\htdocs\lab11_ci\ci4\system\Database\MySQLi\Connection.php:231
Stack trace:
#0 C:\xampp\htdocs\lab11_ci\ci4\system\Database\BaseConnection.php(419): CodeIgniter\Database\MySQLi\Connection->connect(false)
#1 C:\xampp\htdocs\lab11_ci\ci4\system\Database\BaseConnection.php(654): CodeIgniter\Database\BaseConnection->initialize()
#2 C:\xampp\htdocs\lab11_ci\ci4\system\Database\BaseBuilder.php(1649): CodeIgniter\Database\BaseConnection->query('SELECT *\nFROM `...', Array, false)
#3 C:\xampp\htdocs\lab11_ci\ci4\system\Model.php(254): CodeIgniter\Database\BaseBuilder->get()
#4 C:\xampp\htdocs\lab11_ci\ci4\system\BaseModel.php(675): CodeIgniter\Model->doFindAll(0, 0)
#5 C:\xampp\htdocs\lab11_ci\ci4\app\Controllers\Artikel.php(12): CodeIgniter\BaseModel->findAll()
#6 C:\xampp\htdocs\lab11_ci\ci4\system\CodeIgniter.php(951): App\Controllers\Artikel->index()
#7 C:\xampp\htdocs\lab11_ci\ci4\system\CodeIgniter.php(497): CodeIgniter\CodeIgniter->runController(Object(App\Controllers\Artikel))
#8 C:\xampp\htdocs\lab11_ci\ci4\system\CodeIgniter.php(340): CodeIgniter\CodeIgniter->handleRequest(NULL, Object(Config\Cache), false)
#9 C:\xampp\htdocs\lab11_ci\ci4\system\Boot.php(417): CodeIgniter\CodeIgniter->run()
#10 C:\xampp\htdocs\lab11_ci\ci4\system\Boot.php(68): CodeIgniter\Boot::runCodeIgniter(Object(CodeIgniter\CodeIgniter))
#11 C:\xampp\htdocs\lab11_ci\ci4\public\index.php(59): CodeIgniter\Boot::bootWeb(Object(Config\Paths))
#12 C:\xampp\htdocs\lab11_ci\ci4\system\rewrite.php(44): require_once('C:\\xampp\\htdocs...')
#13 {main}
CRITICAL - 2026-03-08 03:30:17 --> CodeIgniter\Database\Exceptions\DatabaseException: Unable to connect to the database.
Main connection [MySQLi]: Access denied for user ''@'localhost' (using password: NO)
[Method: GET, Route: artikel]
in SYSTEMPATH\Database\BaseConnection.php on line 465.
 1 SYSTEMPATH\Database\BaseConnection.php(654): CodeIgniter\Database\BaseConnection->initialize()
 2 SYSTEMPATH\Database\BaseBuilder.php(1649): CodeIgniter\Database\BaseConnection->query('SELECT *
FROM `artikel`', [], false)
 3 SYSTEMPATH\Model.php(254): CodeIgniter\Database\BaseBuilder->get()
 4 SYSTEMPATH\BaseModel.php(675): CodeIgniter\Model->doFindAll(0, 0)
 5 APPPATH\Controllers\Artikel.php(12): CodeIgniter\BaseModel->findAll()
 6 SYSTEMPATH\CodeIgniter.php(951): App\Controllers\Artikel->index()
 7 SYSTEMPATH\CodeIgniter.php(497): CodeIgniter\CodeIgniter->runController(Object(App\Controllers\Artikel))
 8 SYSTEMPATH\CodeIgniter.php(340): CodeIgniter\CodeIgniter->handleRequest(null, Object(Config\Cache), false)
 9 SYSTEMPATH\Boot.php(417): CodeIgniter\CodeIgniter->run()
10 SYSTEMPATH\Boot.php(68): CodeIgniter\Boot::runCodeIgniter(Object(CodeIgniter\CodeIgniter))
11 FCPATH\index.php(59): CodeIgniter\Boot::bootWeb(Object(Config\Paths))
12 SYSTEMPATH\rewrite.php(44): require_once('C:\\xampp\\htdocs\\lab11_ci\\ci4\\public\\index.php')
ERROR - 2026-03-08 03:31:43 --> Error connecting to the database: mysqli_sql_exception: Access denied for user ''@'localhost' (using password: NO) in C:\xampp\htdocs\lab11_ci\ci4\system\Database\MySQLi\Connection.php:201
Stack trace:
#0 C:\xampp\htdocs\lab11_ci\ci4\system\Database\MySQLi\Connection.php(201): mysqli->real_connect('localhost', '', Object(SensitiveParameterValue), '', 3306, '', 0)
#1 C:\xampp\htdocs\lab11_ci\ci4\system\Database\BaseConnection.php(419): CodeIgniter\Database\MySQLi\Connection->connect(false)
#2 C:\xampp\htdocs\lab11_ci\ci4\system\Database\BaseConnection.php(654): CodeIgniter\Database\BaseConnection->initialize()
#3 C:\xampp\htdocs\lab11_ci\ci4\system\Database\BaseBuilder.php(1649): CodeIgniter\Database\BaseConnection->query('SELECT *\nFROM `...', Array, false)
#4 C:\xampp\htdocs\lab11_ci\ci4\system\Model.php(254): CodeIgniter\Database\BaseBuilder->get()
#5 C:\xampp\htdocs\lab11_ci\ci4\system\BaseModel.php(675): CodeIgniter\Model->doFindAll(0, 0)
#6 C:\xampp\htdocs\lab11_ci\ci4\app\Controllers\Artikel.php(12): CodeIgniter\BaseModel->findAll()
#7 C:\xampp\htdocs\lab11_ci\ci4\system\CodeIgniter.php(951): App\Controllers\Artikel->index()
#8 C:\xampp\htdocs\lab11_ci\ci4\system\CodeIgniter.php(497): CodeIgniter\CodeIgniter->runController(Object(App\Controllers\Artikel))
#9 C:\xampp\htdocs\lab11_ci\ci4\system\CodeIgniter.php(340): CodeIgniter\CodeIgniter->handleRequest(NULL, Object(Config\Cache), false)
#10 C:\xampp\htdocs\lab11_ci\ci4\system\Boot.php(417): CodeIgniter\CodeIgniter->run()
#11 C:\xampp\htdocs\lab11_ci\ci4\system\Boot.php(68): CodeIgniter\Boot::runCodeIgniter(Object(CodeIgniter\CodeIgniter))
#12 C:\xampp\htdocs\lab11_ci\ci4\public\index.php(59): CodeIgniter\Boot::bootWeb(Object(Config\Paths))
#13 C:\xampp\htdocs\lab11_ci\ci4\system\rewrite.php(44): require_once('C:\\xampp\\htdocs...')
#14 {main}

Next CodeIgniter\Database\Exceptions\DatabaseException: Access denied for user ''@'localhost' (using password: NO) in C:\xampp\htdocs\lab11_ci\ci4\system\Database\MySQLi\Connection.php:231
Stack trace:
#0 C:\xampp\htdocs\lab11_ci\ci4\system\Database\BaseConnection.php(419): CodeIgniter\Database\MySQLi\Connection->connect(false)
#1 C:\xampp\htdocs\lab11_ci\ci4\system\Database\BaseConnection.php(654): CodeIgniter\Database\BaseConnection->initialize()
#2 C:\xampp\htdocs\lab11_ci\ci4\system\Database\BaseBuilder.php(1649): CodeIgniter\Database\BaseConnection->query('SELECT *\nFROM `...', Array, false)
#3 C:\xampp\htdocs\lab11_ci\ci4\system\Model.php(254): CodeIgniter\Database\BaseBuilder->get()
#4 C:\xampp\htdocs\lab11_ci\ci4\system\BaseModel.php(675): CodeIgniter\Model->doFindAll(0, 0)
#5 C:\xampp\htdocs\lab11_ci\ci4\app\Controllers\Artikel.php(12): CodeIgniter\BaseModel->findAll()
#6 C:\xampp\htdocs\lab11_ci\ci4\system\CodeIgniter.php(951): App\Controllers\Artikel->index()
#7 C:\xampp\htdocs\lab11_ci\ci4\system\CodeIgniter.php(497): CodeIgniter\CodeIgniter->runController(Object(App\Controllers\Artikel))
#8 C:\xampp\htdocs\lab11_ci\ci4\system\CodeIgniter.php(340): CodeIgniter\CodeIgniter->handleRequest(NULL, Object(Config\Cache), false)
#9 C:\xampp\htdocs\lab11_ci\ci4\system\Boot.php(417): CodeIgniter\CodeIgniter->run()
#10 C:\xampp\htdocs\lab11_ci\ci4\system\Boot.php(68): CodeIgniter\Boot::runCodeIgniter(Object(CodeIgniter\CodeIgniter))
#11 C:\xampp\htdocs\lab11_ci\ci4\public\index.php(59): CodeIgniter\Boot::bootWeb(Object(Config\Paths))
#12 C:\xampp\htdocs\lab11_ci\ci4\system\rewrite.php(44): require_once('C:\\xampp\\htdocs...')
#13 {main}
CRITICAL - 2026-03-08 03:31:43 --> CodeIgniter\Database\Exceptions\DatabaseException: Unable to connect to the database.
Main connection [MySQLi]: Access denied for user ''@'localhost' (using password: NO)
[Method: GET, Route: artikel]
in SYSTEMPATH\Database\BaseConnection.php on line 465.
 1 SYSTEMPATH\Database\BaseConnection.php(654): CodeIgniter\Database\BaseConnection->initialize()
 2 SYSTEMPATH\Database\BaseBuilder.php(1649): CodeIgniter\Database\BaseConnection->query('SELECT *
FROM `artikel`', [], false)
 3 SYSTEMPATH\Model.php(254): CodeIgniter\Database\BaseBuilder->get()
 4 SYSTEMPATH\BaseModel.php(675): CodeIgniter\Model->doFindAll(0, 0)
 5 APPPATH\Controllers\Artikel.php(12): CodeIgniter\BaseModel->findAll()
 6 SYSTEMPATH\CodeIgniter.php(951): App\Controllers\Artikel->index()
 7 SYSTEMPATH\CodeIgniter.php(497): CodeIgniter\CodeIgniter->runController(Object(App\Controllers\Artikel))
 8 SYSTEMPATH\CodeIgniter.php(340): CodeIgniter\CodeIgniter->handleRequest(null, Object(Config\Cache), false)
 9 SYSTEMPATH\Boot.php(417): CodeIgniter\CodeIgniter->run()
10 SYSTEMPATH\Boot.php(68): CodeIgniter\Boot::runCodeIgniter(Object(CodeIgniter\CodeIgniter))
11 FCPATH\index.php(59): CodeIgniter\Boot::bootWeb(Object(Config\Paths))
12 SYSTEMPATH\rewrite.php(44): require_once('C:\\xampp\\htdocs\\lab11_ci\\ci4\\public\\index.php')
ERROR - 2026-03-08 03:31:44 --> Error connecting to the database: mysqli_sql_exception: Access denied for user ''@'localhost' (using password: NO) in C:\xampp\htdocs\lab11_ci\ci4\system\Database\MySQLi\Connection.php:201
Stack trace:
#0 C:\xampp\htdocs\lab11_ci\ci4\system\Database\MySQLi\Connection.php(201): mysqli->real_connect('localhost', '', Object(SensitiveParameterValue), '', 3306, '', 0)
#1 C:\xampp\htdocs\lab11_ci\ci4\system\Database\BaseConnection.php(419): CodeIgniter\Database\MySQLi\Connection->connect(false)
#2 C:\xampp\htdocs\lab11_ci\ci4\system\Database\BaseConnection.php(654): CodeIgniter\Database\BaseConnection->initialize()
#3 C:\xampp\htdocs\lab11_ci\ci4\system\Database\BaseBuilder.php(1649): CodeIgniter\Database\BaseConnection->query('SELECT *\nFROM `...', Array, false)
#4 C:\xampp\htdocs\lab11_ci\ci4\system\Model.php(254): CodeIgniter\Database\BaseBuilder->get()
#5 C:\xampp\htdocs\lab11_ci\ci4\system\BaseModel.php(675): CodeIgniter\Model->doFindAll(0, 0)
#6 C:\xampp\htdocs\lab11_ci\ci4\app\Controllers\Artikel.php(12): CodeIgniter\BaseModel->findAll()
#7 C:\xampp\htdocs\lab11_ci\ci4\system\CodeIgniter.php(951): App\Controllers\Artikel->index()
#8 C:\xampp\htdocs\lab11_ci\ci4\system\CodeIgniter.php(497): CodeIgniter\CodeIgniter->runController(Object(App\Controllers\Artikel))
#9 C:\xampp\htdocs\lab11_ci\ci4\system\CodeIgniter.php(340): CodeIgniter\CodeIgniter->handleRequest(NULL, Object(Config\Cache), false)
#10 C:\xampp\htdocs\lab11_ci\ci4\system\Boot.php(417): CodeIgniter\CodeIgniter->run()
#11 C:\xampp\htdocs\lab11_ci\ci4\system\Boot.php(68): CodeIgniter\Boot::runCodeIgniter(Object(CodeIgniter\CodeIgniter))
#12 C:\xampp\htdocs\lab11_ci\ci4\public\index.php(59): CodeIgniter\Boot::bootWeb(Object(Config\Paths))
#13 C:\xampp\htdocs\lab11_ci\ci4\system\rewrite.php(44): require_once('C:\\xampp\\htdocs...')
#14 {main}

Next CodeIgniter\Database\Exceptions\DatabaseException: Access denied for user ''@'localhost' (using password: NO) in C:\xampp\htdocs\lab11_ci\ci4\system\Database\MySQLi\Connection.php:231
Stack trace:
#0 C:\xampp\htdocs\lab11_ci\ci4\system\Database\BaseConnection.php(419): CodeIgniter\Database\MySQLi\Connection->connect(false)
#1 C:\xampp\htdocs\lab11_ci\ci4\system\Database\BaseConnection.php(654): CodeIgniter\Database\BaseConnection->initialize()
#2 C:\xampp\htdocs\lab11_ci\ci4\system\Database\BaseBuilder.php(1649): CodeIgniter\Database\BaseConnection->query('SELECT *\nFROM `...', Array, false)
#3 C:\xampp\htdocs\lab11_ci\ci4\system\Model.php(254): CodeIgniter\Database\BaseBuilder->get()
#4 C:\xampp\htdocs\lab11_ci\ci4\system\BaseModel.php(675): CodeIgniter\Model->doFindAll(0, 0)
#5 C:\xampp\htdocs\lab11_ci\ci4\app\Controllers\Artikel.php(12): CodeIgniter\BaseModel->findAll()
#6 C:\xampp\htdocs\lab11_ci\ci4\system\CodeIgniter.php(951): App\Controllers\Artikel->index()
#7 C:\xampp\htdocs\lab11_ci\ci4\system\CodeIgniter.php(497): CodeIgniter\CodeIgniter->runController(Object(App\Controllers\Artikel))
#8 C:\xampp\htdocs\lab11_ci\ci4\system\CodeIgniter.php(340): CodeIgniter\CodeIgniter->handleRequest(NULL, Object(Config\Cache), false)
#9 C:\xampp\htdocs\lab11_ci\ci4\system\Boot.php(417): CodeIgniter\CodeIgniter->run()
#10 C:\xampp\htdocs\lab11_ci\ci4\system\Boot.php(68): CodeIgniter\Boot::runCodeIgniter(Object(CodeIgniter\CodeIgniter))
#11 C:\xampp\htdocs\lab11_ci\ci4\public\index.php(59): CodeIgniter\Boot::bootWeb(Object(Config\Paths))
#12 C:\xampp\htdocs\lab11_ci\ci4\system\rewrite.php(44): require_once('C:\\xampp\\htdocs...')
#13 {main}
CRITICAL - 2026-03-08 03:31:44 --> CodeIgniter\Database\Exceptions\DatabaseException: Unable to connect to the database.
Main connection [MySQLi]: Access denied for user ''@'localhost' (using password: NO)
[Method: GET, Route: artikel]
in SYSTEMPATH\Database\BaseConnection.php on line 465.
 1 SYSTEMPATH\Database\BaseConnection.php(654): CodeIgniter\Database\BaseConnection->initialize()
 2 SYSTEMPATH\Database\BaseBuilder.php(1649): CodeIgniter\Database\BaseConnection->query('SELECT *
FROM `artikel`', [], false)
 3 SYSTEMPATH\Model.php(254): CodeIgniter\Database\BaseBuilder->get()
 4 SYSTEMPATH\BaseModel.php(675): CodeIgniter\Model->doFindAll(0, 0)
 5 APPPATH\Controllers\Artikel.php(12): CodeIgniter\BaseModel->findAll()
 6 SYSTEMPATH\CodeIgniter.php(951): App\Controllers\Artikel->index()
 7 SYSTEMPATH\CodeIgniter.php(497): CodeIgniter\CodeIgniter->runController(Object(App\Controllers\Artikel))
 8 SYSTEMPATH\CodeIgniter.php(340): CodeIgniter\CodeIgniter->handleRequest(null, Object(Config\Cache), false)
 9 SYSTEMPATH\Boot.php(417): CodeIgniter\CodeIgniter->run()
10 SYSTEMPATH\Boot.php(68): CodeIgniter\Boot::runCodeIgniter(Object(CodeIgniter\CodeIgniter))
11 FCPATH\index.php(59): CodeIgniter\Boot::bootWeb(Object(Config\Paths))
12 SYSTEMPATH\rewrite.php(44): require_once('C:\\xampp\\htdocs\\lab11_ci\\ci4\\public\\index.php')
ERROR - 2026-03-08 03:31:44 --> Error connecting to the database: mysqli_sql_exception: Access denied for user ''@'localhost' (using password: NO) in C:\xampp\htdocs\lab11_ci\ci4\system\Database\MySQLi\Connection.php:201
Stack trace:
#0 C:\xampp\htdocs\lab11_ci\ci4\system\Database\MySQLi\Connection.php(201): mysqli->real_connect('localhost', '', Object(SensitiveParameterValue), '', 3306, '', 0)
#1 C:\xampp\htdocs\lab11_ci\ci4\system\Database\BaseConnection.php(419): CodeIgniter\Database\MySQLi\Connection->connect(false)
#2 C:\xampp\htdocs\lab11_ci\ci4\system\Database\BaseConnection.php(654): CodeIgniter\Database\BaseConnection->initialize()
#3 C:\xampp\htdocs\lab11_ci\ci4\system\Database\BaseBuilder.php(1649): CodeIgniter\Database\BaseConnection->query('SELECT *\nFROM `...', Array, false)
#4 C:\xampp\htdocs\lab11_ci\ci4\system\Model.php(254): CodeIgniter\Database\BaseBuilder->get()
#5 C:\xampp\htdocs\lab11_ci\ci4\system\BaseModel.php(675): CodeIgniter\Model->doFindAll(0, 0)
#6 C:\xampp\htdocs\lab11_ci\ci4\app\Controllers\Artikel.php(12): CodeIgniter\BaseModel->findAll()
#7 C:\xampp\htdocs\lab11_ci\ci4\system\CodeIgniter.php(951): App\Controllers\Artikel->index()
#8 C:\xampp\htdocs\lab11_ci\ci4\system\CodeIgniter.php(497): CodeIgniter\CodeIgniter->runController(Object(App\Controllers\Artikel))
#9 C:\xampp\htdocs\lab11_ci\ci4\system\CodeIgniter.php(340): CodeIgniter\CodeIgniter->handleRequest(NULL, Object(Config\Cache), false)
#10 C:\xampp\htdocs\lab11_ci\ci4\system\Boot.php(417): CodeIgniter\CodeIgniter->run()
#11 C:\xampp\htdocs\lab11_ci\ci4\system\Boot.php(68): CodeIgniter\Boot::runCodeIgniter(Object(CodeIgniter\CodeIgniter))
#12 C:\xampp\htdocs\lab11_ci\ci4\public\index.php(59): CodeIgniter\Boot::bootWeb(Object(Config\Paths))
#13 C:\xampp\htdocs\lab11_ci\ci4\system\rewrite.php(44): require_once('C:\\xampp\\htdocs...')
#14 {main}

Next CodeIgniter\Database\Exceptions\DatabaseException: Access denied for user ''@'localhost' (using password: NO) in C:\xampp\htdocs\lab11_ci\ci4\system\Database\MySQLi\Connection.php:231
Stack trace:
#0 C:\xampp\htdocs\lab11_ci\ci4\system\Database\BaseConnection.php(419): CodeIgniter\Database\MySQLi\Connection->connect(false)
#1 C:\xampp\htdocs\lab11_ci\ci4\system\Database\BaseConnection.php(654): CodeIgniter\Database\BaseConnection->initialize()
#2 C:\xampp\htdocs\lab11_ci\ci4\system\Database\BaseBuilder.php(1649): CodeIgniter\Database\BaseConnection->query('SELECT *\nFROM `...', Array, false)
#3 C:\xampp\htdocs\lab11_ci\ci4\system\Model.php(254): CodeIgniter\Database\BaseBuilder->get()
#4 C:\xampp\htdocs\lab11_ci\ci4\system\BaseModel.php(675): CodeIgniter\Model->doFindAll(0, 0)
#5 C:\xampp\htdocs\lab11_ci\ci4\app\Controllers\Artikel.php(12): CodeIgniter\BaseModel->findAll()
#6 C:\xampp\htdocs\lab11_ci\ci4\system\CodeIgniter.php(951): App\Controllers\Artikel->index()
#7 C:\xampp\htdocs\lab11_ci\ci4\system\CodeIgniter.php(497): CodeIgniter\CodeIgniter->runController(Object(App\Controllers\Artikel))
#8 C:\xampp\htdocs\lab11_ci\ci4\system\CodeIgniter.php(340): CodeIgniter\CodeIgniter->handleRequest(NULL, Object(Config\Cache), false)
#9 C:\xampp\htdocs\lab11_ci\ci4\system\Boot.php(417): CodeIgniter\CodeIgniter->run()
#10 C:\xampp\htdocs\lab11_ci\ci4\system\Boot.php(68): CodeIgniter\Boot::runCodeIgniter(Object(CodeIgniter\CodeIgniter))
#11 C:\xampp\htdocs\lab11_ci\ci4\public\index.php(59): CodeIgniter\Boot::bootWeb(Object(Config\Paths))
#12 C:\xampp\htdocs\lab11_ci\ci4\system\rewrite.php(44): require_once('C:\\xampp\\htdocs...')
#13 {main}
CRITICAL - 2026-03-08 03:31:44 --> CodeIgniter\Database\Exceptions\DatabaseException: Unable to connect to the database.
Main connection [MySQLi]: Access denied for user ''@'localhost' (using password: NO)
[Method: GET, Route: artikel]
in SYSTEMPATH\Database\BaseConnection.php on line 465.
 1 SYSTEMPATH\Database\BaseConnection.php(654): CodeIgniter\Database\BaseConnection->initialize()
 2 SYSTEMPATH\Database\BaseBuilder.php(1649): CodeIgniter\Database\BaseConnection->query('SELECT *
FROM `artikel`', [], false)
 3 SYSTEMPATH\Model.php(254): CodeIgniter\Database\BaseBuilder->get()
 4 SYSTEMPATH\BaseModel.php(675): CodeIgniter\Model->doFindAll(0, 0)
 5 APPPATH\Controllers\Artikel.php(12): CodeIgniter\BaseModel->findAll()
 6 SYSTEMPATH\CodeIgniter.php(951): App\Controllers\Artikel->index()
 7 SYSTEMPATH\CodeIgniter.php(497): CodeIgniter\CodeIgniter->runController(Object(App\Controllers\Artikel))
 8 SYSTEMPATH\CodeIgniter.php(340): CodeIgniter\CodeIgniter->handleRequest(null, Object(Config\Cache), false)
 9 SYSTEMPATH\Boot.php(417): CodeIgniter\CodeIgniter->run()
10 SYSTEMPATH\Boot.php(68): CodeIgniter\Boot::runCodeIgniter(Object(CodeIgniter\CodeIgniter))
11 FCPATH\index.php(59): CodeIgniter\Boot::bootWeb(Object(Config\Paths))
12 SYSTEMPATH\rewrite.php(44): require_once('C:\\xampp\\htdocs\\lab11_ci\\ci4\\public\\index.php')
ERROR - 2026-03-08 03:36:42 --> Error connecting to the database: mysqli_sql_exception: Access denied for user ''@'localhost' (using password: NO) in C:\xampp\htdocs\lab11_ci\ci4\system\Database\MySQLi\Connection.php:201
Stack trace:
#0 C:\xampp\htdocs\lab11_ci\ci4\system\Database\MySQLi\Connection.php(201): mysqli->real_connect('localhost', '', Object(SensitiveParameterValue), '', 3306, '', 0)
#1 C:\xampp\htdocs\lab11_ci\ci4\system\Database\BaseConnection.php(419): CodeIgniter\Database\MySQLi\Connection->connect(false)
#2 C:\xampp\htdocs\lab11_ci\ci4\system\Database\BaseConnection.php(654): CodeIgniter\Database\BaseConnection->initialize()
#3 C:\xampp\htdocs\lab11_ci\ci4\system\Database\BaseBuilder.php(1649): CodeIgniter\Database\BaseConnection->query('SELECT *\nFROM `...', Array, false)
#4 C:\xampp\htdocs\lab11_ci\ci4\system\Model.php(254): CodeIgniter\Database\BaseBuilder->get()
#5 C:\xampp\htdocs\lab11_ci\ci4\system\BaseModel.php(675): CodeIgniter\Model->doFindAll(0, 0)
#6 C:\xampp\htdocs\lab11_ci\ci4\app\Controllers\Artikel.php(13): CodeIgniter\BaseModel->findAll()
#7 C:\xampp\htdocs\lab11_ci\ci4\system\CodeIgniter.php(951): App\Controllers\Artikel->index()
#8 C:\xampp\htdocs\lab11_ci\ci4\system\CodeIgniter.php(497): CodeIgniter\CodeIgniter->runController(Object(App\Controllers\Artikel))
#9 C:\xampp\htdocs\lab11_ci\ci4\system\CodeIgniter.php(340): CodeIgniter\CodeIgniter->handleRequest(NULL, Object(Config\Cache), false)
#10 C:\xampp\htdocs\lab11_ci\ci4\system\Boot.php(417): CodeIgniter\CodeIgniter->run()
#11 C:\xampp\htdocs\lab11_ci\ci4\system\Boot.php(68): CodeIgniter\Boot::runCodeIgniter(Object(CodeIgniter\CodeIgniter))
#12 C:\xampp\htdocs\lab11_ci\ci4\public\index.php(59): CodeIgniter\Boot::bootWeb(Object(Config\Paths))
#13 {main}

Next CodeIgniter\Database\Exceptions\DatabaseException: Access denied for user ''@'localhost' (using password: NO) in C:\xampp\htdocs\lab11_ci\ci4\system\Database\MySQLi\Connection.php:231
Stack trace:
#0 C:\xampp\htdocs\lab11_ci\ci4\system\Database\BaseConnection.php(419): CodeIgniter\Database\MySQLi\Connection->connect(false)
#1 C:\xampp\htdocs\lab11_ci\ci4\system\Database\BaseConnection.php(654): CodeIgniter\Database\BaseConnection->initialize()
#2 C:\xampp\htdocs\lab11_ci\ci4\system\Database\BaseBuilder.php(1649): CodeIgniter\Database\BaseConnection->query('SELECT *\nFROM `...', Array, false)
#3 C:\xampp\htdocs\lab11_ci\ci4\system\Model.php(254): CodeIgniter\Database\BaseBuilder->get()
#4 C:\xampp\htdocs\lab11_ci\ci4\system\BaseModel.php(675): CodeIgniter\Model->doFindAll(0, 0)
#5 C:\xampp\htdocs\lab11_ci\ci4\app\Controllers\Artikel.php(13): CodeIgniter\BaseModel->findAll()
#6 C:\xampp\htdocs\lab11_ci\ci4\system\CodeIgniter.php(951): App\Controllers\Artikel->index()
#7 C:\xampp\htdocs\lab11_ci\ci4\system\CodeIgniter.php(497): CodeIgniter\CodeIgniter->runController(Object(App\Controllers\Artikel))
#8 C:\xampp\htdocs\lab11_ci\ci4\system\CodeIgniter.php(340): CodeIgniter\CodeIgniter->handleRequest(NULL, Object(Config\Cache), false)
#9 C:\xampp\htdocs\lab11_ci\ci4\system\Boot.php(417): CodeIgniter\CodeIgniter->run()
#10 C:\xampp\htdocs\lab11_ci\ci4\system\Boot.php(68): CodeIgniter\Boot::runCodeIgniter(Object(CodeIgniter\CodeIgniter))
#11 C:\xampp\htdocs\lab11_ci\ci4\public\index.php(59): CodeIgniter\Boot::bootWeb(Object(Config\Paths))
#12 {main}
CRITICAL - 2026-03-08 03:36:42 --> CodeIgniter\Database\Exceptions\DatabaseException: Unable to connect to the database.
Main connection [MySQLi]: Access denied for user ''@'localhost' (using password: NO)
[Method: GET, Route: artikel]
in SYSTEMPATH\Database\BaseConnection.php on line 465.
 1 SYSTEMPATH\Database\BaseConnection.php(654): CodeIgniter\Database\BaseConnection->initialize()
 2 SYSTEMPATH\Database\BaseBuilder.php(1649): CodeIgniter\Database\BaseConnection->query('SELECT *
FROM `artikel`', [], false)
 3 SYSTEMPATH\Model.php(254): CodeIgniter\Database\BaseBuilder->get()
 4 SYSTEMPATH\BaseModel.php(675): CodeIgniter\Model->doFindAll(0, 0)
 5 APPPATH\Controllers\Artikel.php(13): CodeIgniter\BaseModel->findAll()
 6 SYSTEMPATH\CodeIgniter.php(951): App\Controllers\Artikel->index()
 7 SYSTEMPATH\CodeIgniter.php(497): CodeIgniter\CodeIgniter->runController(Object(App\Controllers\Artikel))
 8 SYSTEMPATH\CodeIgniter.php(340): CodeIgniter\CodeIgniter->handleRequest(null, Object(Config\Cache), false)
 9 SYSTEMPATH\Boot.php(417): CodeIgniter\CodeIgniter->run()
10 SYSTEMPATH\Boot.php(68): CodeIgniter\Boot::runCodeIgniter(Object(CodeIgniter\CodeIgniter))
11 FCPATH\index.php(59): CodeIgniter\Boot::bootWeb(Object(Config\Paths))
ERROR - 2026-03-08 03:36:48 --> Error connecting to the database: mysqli_sql_exception: Access denied for user ''@'localhost' (using password: NO) in C:\xampp\htdocs\lab11_ci\ci4\system\Database\MySQLi\Connection.php:201
Stack trace:
#0 C:\xampp\htdocs\lab11_ci\ci4\system\Database\MySQLi\Connection.php(201): mysqli->real_connect('localhost', '', Object(SensitiveParameterValue), '', 3306, '', 0)
#1 C:\xampp\htdocs\lab11_ci\ci4\system\Database\BaseConnection.php(419): CodeIgniter\Database\MySQLi\Connection->connect(false)
#2 C:\xampp\htdocs\lab11_ci\ci4\system\Database\BaseConnection.php(654): CodeIgniter\Database\BaseConnection->initialize()
#3 C:\xampp\htdocs\lab11_ci\ci4\system\Database\BaseBuilder.php(1649): CodeIgniter\Database\BaseConnection->query('SELECT *\nFROM `...', Array, false)
#4 C:\xampp\htdocs\lab11_ci\ci4\system\Model.php(296): CodeIgniter\Database\BaseBuilder->get()
#5 C:\xampp\htdocs\lab11_ci\ci4\system\BaseModel.php(713): CodeIgniter\Model->doFirst()
#6 C:\xampp\htdocs\lab11_ci\ci4\app\Controllers\Artikel.php(24): CodeIgniter\BaseModel->first()
#7 C:\xampp\htdocs\lab11_ci\ci4\system\CodeIgniter.php(951): App\Controllers\Artikel->view('artikel-pertama')
#8 C:\xampp\htdocs\lab11_ci\ci4\system\CodeIgniter.php(497): CodeIgniter\CodeIgniter->runController(Object(App\Controllers\Artikel))
#9 C:\xampp\htdocs\lab11_ci\ci4\system\CodeIgniter.php(340): CodeIgniter\CodeIgniter->handleRequest(NULL, Object(Config\Cache), false)
#10 C:\xampp\htdocs\lab11_ci\ci4\system\Boot.php(417): CodeIgniter\CodeIgniter->run()
#11 C:\xampp\htdocs\lab11_ci\ci4\system\Boot.php(68): CodeIgniter\Boot::runCodeIgniter(Object(CodeIgniter\CodeIgniter))
#12 C:\xampp\htdocs\lab11_ci\ci4\public\index.php(59): CodeIgniter\Boot::bootWeb(Object(Config\Paths))
#13 {main}

Next CodeIgniter\Database\Exceptions\DatabaseException: Access denied for user ''@'localhost' (using password: NO) in C:\xampp\htdocs\lab11_ci\ci4\system\Database\MySQLi\Connection.php:231
Stack trace:
#0 C:\xampp\htdocs\lab11_ci\ci4\system\Database\BaseConnection.php(419): CodeIgniter\Database\MySQLi\Connection->connect(false)
#1 C:\xampp\htdocs\lab11_ci\ci4\system\Database\BaseConnection.php(654): CodeIgniter\Database\BaseConnection->initialize()
#2 C:\xampp\htdocs\lab11_ci\ci4\system\Database\BaseBuilder.php(1649): CodeIgniter\Database\BaseConnection->query('SELECT *\nFROM `...', Array, false)
#3 C:\xampp\htdocs\lab11_ci\ci4\system\Model.php(296): CodeIgniter\Database\BaseBuilder->get()
#4 C:\xampp\htdocs\lab11_ci\ci4\system\BaseModel.php(713): CodeIgniter\Model->doFirst()
#5 C:\xampp\htdocs\lab11_ci\ci4\app\Controllers\Artikel.php(24): CodeIgniter\BaseModel->first()
#6 C:\xampp\htdocs\lab11_ci\ci4\system\CodeIgniter.php(951): App\Controllers\Artikel->view('artikel-pertama')
#7 C:\xampp\htdocs\lab11_ci\ci4\system\CodeIgniter.php(497): CodeIgniter\CodeIgniter->runController(Object(App\Controllers\Artikel))
#8 C:\xampp\htdocs\lab11_ci\ci4\system\CodeIgniter.php(340): CodeIgniter\CodeIgniter->handleRequest(NULL, Object(Config\Cache), false)
#9 C:\xampp\htdocs\lab11_ci\ci4\system\Boot.php(417): CodeIgniter\CodeIgniter->run()
#10 C:\xampp\htdocs\lab11_ci\ci4\system\Boot.php(68): CodeIgniter\Boot::runCodeIgniter(Object(CodeIgniter\CodeIgniter))
#11 C:\xampp\htdocs\lab11_ci\ci4\public\index.php(59): CodeIgniter\Boot::bootWeb(Object(Config\Paths))
#12 {main}
CRITICAL - 2026-03-08 03:36:48 --> CodeIgniter\Database\Exceptions\DatabaseException: Unable to connect to the database.
Main connection [MySQLi]: Access denied for user ''@'localhost' (using password: NO)
[Method: GET, Route: artikel/artikel-pertama]
in SYSTEMPATH\Database\BaseConnection.php on line 465.
 1 SYSTEMPATH\Database\BaseConnection.php(654): CodeIgniter\Database\BaseConnection->initialize()
 2 SYSTEMPATH\Database\BaseBuilder.php(1649): CodeIgniter\Database\BaseConnection->query('SELECT *
FROM `artikel`
WHERE `slug` = :slug:
 LIMIT 1', [...], false)
 3 SYSTEMPATH\Model.php(296): CodeIgniter\Database\BaseBuilder->get()
 4 SYSTEMPATH\BaseModel.php(713): CodeIgniter\Model->doFirst()
 5 APPPATH\Controllers\Artikel.php(24): CodeIgniter\BaseModel->first()
 6 SYSTEMPATH\CodeIgniter.php(951): App\Controllers\Artikel->view('artikel-pertama')
 7 SYSTEMPATH\CodeIgniter.php(497): CodeIgniter\CodeIgniter->runController(Object(App\Controllers\Artikel))
 8 SYSTEMPATH\CodeIgniter.php(340): CodeIgniter\CodeIgniter->handleRequest(null, Object(Config\Cache), false)
 9 SYSTEMPATH\Boot.php(417): CodeIgniter\CodeIgniter->run()
10 SYSTEMPATH\Boot.php(68): CodeIgniter\Boot::runCodeIgniter(Object(CodeIgniter\CodeIgniter))
11 FCPATH\index.php(59): CodeIgniter\Boot::bootWeb(Object(Config\Paths))
ERROR - 2026-03-08 03:36:55 --> Error connecting to the database: mysqli_sql_exception: Access denied for user ''@'localhost' (using password: NO) in C:\xampp\htdocs\lab11_ci\ci4\system\Database\MySQLi\Connection.php:201
Stack trace:
#0 C:\xampp\htdocs\lab11_ci\ci4\system\Database\MySQLi\Connection.php(201): mysqli->real_connect('localhost', '', Object(SensitiveParameterValue), '', 3306, '', 0)
#1 C:\xampp\htdocs\lab11_ci\ci4\system\Database\BaseConnection.php(419): CodeIgniter\Database\MySQLi\Connection->connect(false)
#2 C:\xampp\htdocs\lab11_ci\ci4\system\Database\BaseConnection.php(654): CodeIgniter\Database\BaseConnection->initialize()
#3 C:\xampp\htdocs\lab11_ci\ci4\system\Database\BaseBuilder.php(1649): CodeIgniter\Database\BaseConnection->query('SELECT *\nFROM `...', Array, false)
#4 C:\xampp\htdocs\lab11_ci\ci4\system\Model.php(254): CodeIgniter\Database\BaseBuilder->get()
#5 C:\xampp\htdocs\lab11_ci\ci4\system\BaseModel.php(675): CodeIgniter\Model->doFindAll(0, 0)
#6 C:\xampp\htdocs\lab11_ci\ci4\app\Controllers\Artikel.php(38): CodeIgniter\BaseModel->findAll()
#7 C:\xampp\htdocs\lab11_ci\ci4\system\CodeIgniter.php(951): App\Controllers\Artikel->admin_index()
#8 C:\xampp\htdocs\lab11_ci\ci4\system\CodeIgniter.php(497): CodeIgniter\CodeIgniter->runController(Object(App\Controllers\Artikel))
#9 C:\xampp\htdocs\lab11_ci\ci4\system\CodeIgniter.php(340): CodeIgniter\CodeIgniter->handleRequest(NULL, Object(Config\Cache), false)
#10 C:\xampp\htdocs\lab11_ci\ci4\system\Boot.php(417): CodeIgniter\CodeIgniter->run()
#11 C:\xampp\htdocs\lab11_ci\ci4\system\Boot.php(68): CodeIgniter\Boot::runCodeIgniter(Object(CodeIgniter\CodeIgniter))
#12 C:\xampp\htdocs\lab11_ci\ci4\public\index.php(59): CodeIgniter\Boot::bootWeb(Object(Config\Paths))
#13 {main}

Next CodeIgniter\Database\Exceptions\DatabaseException: Access denied for user ''@'localhost' (using password: NO) in C:\xampp\htdocs\lab11_ci\ci4\system\Database\MySQLi\Connection.php:231
Stack trace:
#0 C:\xampp\htdocs\lab11_ci\ci4\system\Database\BaseConnection.php(419): CodeIgniter\Database\MySQLi\Connection->connect(false)
#1 C:\xampp\htdocs\lab11_ci\ci4\system\Database\BaseConnection.php(654): CodeIgniter\Database\BaseConnection->initialize()
#2 C:\xampp\htdocs\lab11_ci\ci4\system\Database\BaseBuilder.php(1649): CodeIgniter\Database\BaseConnection->query('SELECT *\nFROM `...', Array, false)
#3 C:\xampp\htdocs\lab11_ci\ci4\system\Model.php(254): CodeIgniter\Database\BaseBuilder->get()
#4 C:\xampp\htdocs\lab11_ci\ci4\system\BaseModel.php(675): CodeIgniter\Model->doFindAll(0, 0)
#5 C:\xampp\htdocs\lab11_ci\ci4\app\Controllers\Artikel.php(38): CodeIgniter\BaseModel->findAll()
#6 C:\xampp\htdocs\lab11_ci\ci4\system\CodeIgniter.php(951): App\Controllers\Artikel->admin_index()
#7 C:\xampp\htdocs\lab11_ci\ci4\system\CodeIgniter.php(497): CodeIgniter\CodeIgniter->runController(Object(App\Controllers\Artikel))
#8 C:\xampp\htdocs\lab11_ci\ci4\system\CodeIgniter.php(340): CodeIgniter\CodeIgniter->handleRequest(NULL, Object(Config\Cache), false)
#9 C:\xampp\htdocs\lab11_ci\ci4\system\Boot.php(417): CodeIgniter\CodeIgniter->run()
#10 C:\xampp\htdocs\lab11_ci\ci4\system\Boot.php(68): CodeIgniter\Boot::runCodeIgniter(Object(CodeIgniter\CodeIgniter))
#11 C:\xampp\htdocs\lab11_ci\ci4\public\index.php(59): CodeIgniter\Boot::bootWeb(Object(Config\Paths))
#12 {main}
CRITICAL - 2026-03-08 03:36:55 --> CodeIgniter\Database\Exceptions\DatabaseException: Unable to connect to the database.
Main connection [MySQLi]: Access denied for user ''@'localhost' (using password: NO)
[Method: GET, Route: admin/artikel]
in SYSTEMPATH\Database\BaseConnection.php on line 465.
 1 SYSTEMPATH\Database\BaseConnection.php(654): CodeIgniter\Database\BaseConnection->initialize()
 2 SYSTEMPATH\Database\BaseBuilder.php(1649): CodeIgniter\Database\BaseConnection->query('SELECT *
FROM `artikel`', [], false)
 3 SYSTEMPATH\Model.php(254): CodeIgniter\Database\BaseBuilder->get()
 4 SYSTEMPATH\BaseModel.php(675): CodeIgniter\Model->doFindAll(0, 0)
 5 APPPATH\Controllers\Artikel.php(38): CodeIgniter\BaseModel->findAll()
 6 SYSTEMPATH\CodeIgniter.php(951): App\Controllers\Artikel->admin_index()
 7 SYSTEMPATH\CodeIgniter.php(497): CodeIgniter\CodeIgniter->runController(Object(App\Controllers\Artikel))
 8 SYSTEMPATH\CodeIgniter.php(340): CodeIgniter\CodeIgniter->handleRequest(null, Object(Config\Cache), false)
 9 SYSTEMPATH\Boot.php(417): CodeIgniter\CodeIgniter->run()
10 SYSTEMPATH\Boot.php(68): CodeIgniter\Boot::runCodeIgniter(Object(CodeIgniter\CodeIgniter))
11 FCPATH\index.php(59): CodeIgniter\Boot::bootWeb(Object(Config\Paths))
CRITICAL - 2026-03-08 03:37:02 --> CodeIgniter\View\Exceptions\ViewException: Invalid file: "artikel/form_add.php"
[Method: GET, Route: admin/artikel/add]
in SYSTEMPATH\Exceptions\FrameworkException.php on line 39.
 1 SYSTEMPATH\View\View.php(226): CodeIgniter\Exceptions\FrameworkException::forInvalidFile('artikel/form_add.php')
 2 SYSTEMPATH\Common.php(1250): CodeIgniter\View\View->render('artikel/form_add', [], true)
 3 APPPATH\Controllers\Artikel.php(62): view('artikel/form_add', [...])
 4 SYSTEMPATH\CodeIgniter.php(951): App\Controllers\Artikel->add()
 5 SYSTEMPATH\CodeIgniter.php(497): CodeIgniter\CodeIgniter->runController(Object(App\Controllers\Artikel))
 6 SYSTEMPATH\CodeIgniter.php(340): CodeIgniter\CodeIgniter->handleRequest(null, Object(Config\Cache), false)
 7 SYSTEMPATH\Boot.php(417): CodeIgniter\CodeIgniter->run()
 8 SYSTEMPATH\Boot.php(68): CodeIgniter\Boot::runCodeIgniter(Object(CodeIgniter\CodeIgniter))
 9 FCPATH\index.php(59): CodeIgniter\Boot::bootWeb(Object(Config\Paths))
CRITICAL - 2026-03-08 03:38:48 --> CodeIgniter\View\Exceptions\ViewException: Invalid file: "artikel/form_add.php"
[Method: GET, Route: admin/artikel/add]
in SYSTEMPATH\Exceptions\FrameworkException.php on line 39.
 1 SYSTEMPATH\View\View.php(226): CodeIgniter\Exceptions\FrameworkException::forInvalidFile('artikel/form_add.php')
 2 SYSTEMPATH\Common.php(1250): CodeIgniter\View\View->render('artikel/form_add', [], true)
 3 APPPATH\Controllers\Artikel.php(62): view('artikel/form_add', [...])
 4 SYSTEMPATH\CodeIgniter.php(951): App\Controllers\Artikel->add()
 5 SYSTEMPATH\CodeIgniter.php(497): CodeIgniter\CodeIgniter->runController(Object(App\Controllers\Artikel))
 6 SYSTEMPATH\CodeIgniter.php(340): CodeIgniter\CodeIgniter->handleRequest(null, Object(Config\Cache), false)
 7 SYSTEMPATH\Boot.php(417): CodeIgniter\CodeIgniter->run()
 8 SYSTEMPATH\Boot.php(68): CodeIgniter\Boot::runCodeIgniter(Object(CodeIgniter\CodeIgniter))
 9 FCPATH\index.php(59): CodeIgniter\Boot::bootWeb(Object(Config\Paths))
CRITICAL - 2026-03-08 03:38:53 --> CodeIgniter\View\Exceptions\ViewException: Invalid file: "artikel/admin_index.php"
[Method: GET, Route: admin/artikel]
in SYSTEMPATH\Exceptions\FrameworkException.php on line 39.
 1 SYSTEMPATH\View\View.php(226): CodeIgniter\Exceptions\FrameworkException::forInvalidFile('artikel/admin_index.php')
 2 SYSTEMPATH\Common.php(1250): CodeIgniter\View\View->render('artikel/admin_index', [], true)
 3 APPPATH\Controllers\Artikel.php(40): view('artikel/admin_index', [...])
 4 SYSTEMPATH\CodeIgniter.php(951): App\Controllers\Artikel->admin_index()
 5 SYSTEMPATH\CodeIgniter.php(497): CodeIgniter\CodeIgniter->runController(Object(App\Controllers\Artikel))
 6 SYSTEMPATH\CodeIgniter.php(340): CodeIgniter\CodeIgniter->handleRequest(null, Object(Config\Cache), false)
 7 SYSTEMPATH\Boot.php(417): CodeIgniter\CodeIgniter->run()
 8 SYSTEMPATH\Boot.php(68): CodeIgniter\Boot::runCodeIgniter(Object(CodeIgniter\CodeIgniter))
 9 FCPATH\index.php(59): CodeIgniter\Boot::bootWeb(Object(Config\Paths))
CRITICAL - 2026-03-08 03:38:55 --> CodeIgniter\View\Exceptions\ViewException: Invalid file: "artikel/detail.php"
[Method: GET, Route: artikel/artikel-pertama]
in SYSTEMPATH\Exceptions\FrameworkException.php on line 39.
 1 SYSTEMPATH\View\View.php(226): CodeIgniter\Exceptions\FrameworkException::forInvalidFile('artikel/detail.php')
 2 SYSTEMPATH\Common.php(1250): CodeIgniter\View\View->render('artikel/detail', [], true)
 3 APPPATH\Controllers\Artikel.php(31): view('artikel/detail', [...])
 4 SYSTEMPATH\CodeIgniter.php(951): App\Controllers\Artikel->view('artikel-pertama')
 5 SYSTEMPATH\CodeIgniter.php(497): CodeIgniter\CodeIgniter->runController(Object(App\Controllers\Artikel))
 6 SYSTEMPATH\CodeIgniter.php(340): CodeIgniter\CodeIgniter->handleRequest(null, Object(Config\Cache), false)
 7 SYSTEMPATH\Boot.php(417): CodeIgniter\CodeIgniter->run()
 8 SYSTEMPATH\Boot.php(68): CodeIgniter\Boot::runCodeIgniter(Object(CodeIgniter\CodeIgniter))
 9 FCPATH\index.php(59): CodeIgniter\Boot::bootWeb(Object(Config\Paths))
CRITICAL - 2026-03-08 03:41:53 --> CodeIgniter\View\Exceptions\ViewException: Invalid file: "artikel/form_add.php"
[Method: GET, Route: admin/artikel/add]
in SYSTEMPATH\Exceptions\FrameworkException.php on line 39.
 1 SYSTEMPATH\View\View.php(226): CodeIgniter\Exceptions\FrameworkException::forInvalidFile('artikel/form_add.php')
 2 SYSTEMPATH\Common.php(1250): CodeIgniter\View\View->render('artikel/form_add', [], true)
 3 APPPATH\Controllers\Artikel.php(62): view('artikel/form_add', [...])
 4 SYSTEMPATH\CodeIgniter.php(951): App\Controllers\Artikel->add()
 5 SYSTEMPATH\CodeIgniter.php(497): CodeIgniter\CodeIgniter->runController(Object(App\Controllers\Artikel))
 6 SYSTEMPATH\CodeIgniter.php(340): CodeIgniter\CodeIgniter->handleRequest(null, Object(Config\Cache), false)
 7 SYSTEMPATH\Boot.php(417): CodeIgniter\CodeIgniter->run()
 8 SYSTEMPATH\Boot.php(68): CodeIgniter\Boot::runCodeIgniter(Object(CodeIgniter\CodeIgniter))
 9 FCPATH\index.php(59): CodeIgniter\Boot::bootWeb(Object(Config\Paths))
CRITICAL - 2026-03-08 03:41:54 --> CodeIgniter\View\Exceptions\ViewException: Invalid file: "artikel/form_add.php"
[Method: GET, Route: admin/artikel/add]
in SYSTEMPATH\Exceptions\FrameworkException.php on line 39.
 1 SYSTEMPATH\View\View.php(226): CodeIgniter\Exceptions\FrameworkException::forInvalidFile('artikel/form_add.php')
 2 SYSTEMPATH\Common.php(1250): CodeIgniter\View\View->render('artikel/form_add', [], true)
 3 APPPATH\Controllers\Artikel.php(62): view('artikel/form_add', [...])
 4 SYSTEMPATH\CodeIgniter.php(951): App\Controllers\Artikel->add()
 5 SYSTEMPATH\CodeIgniter.php(497): CodeIgniter\CodeIgniter->runController(Object(App\Controllers\Artikel))
 6 SYSTEMPATH\CodeIgniter.php(340): CodeIgniter\CodeIgniter->handleRequest(null, Object(Config\Cache), false)
 7 SYSTEMPATH\Boot.php(417): CodeIgniter\CodeIgniter->run()
 8 SYSTEMPATH\Boot.php(68): CodeIgniter\Boot::runCodeIgniter(Object(CodeIgniter\CodeIgniter))
 9 FCPATH\index.php(59): CodeIgniter\Boot::bootWeb(Object(Config\Paths))
CRITICAL - 2026-03-08 03:41:54 --> CodeIgniter\View\Exceptions\ViewException: Invalid file: "artikel/form_add.php"
[Method: GET, Route: admin/artikel/add]
in SYSTEMPATH\Exceptions\FrameworkException.php on line 39.
 1 SYSTEMPATH\View\View.php(226): CodeIgniter\Exceptions\FrameworkException::forInvalidFile('artikel/form_add.php')
 2 SYSTEMPATH\Common.php(1250): CodeIgniter\View\View->render('artikel/form_add', [], true)
 3 APPPATH\Controllers\Artikel.php(62): view('artikel/form_add', [...])
 4 SYSTEMPATH\CodeIgniter.php(951): App\Controllers\Artikel->add()
 5 SYSTEMPATH\CodeIgniter.php(497): CodeIgniter\CodeIgniter->runController(Object(App\Controllers\Artikel))
 6 SYSTEMPATH\CodeIgniter.php(340): CodeIgniter\CodeIgniter->handleRequest(null, Object(Config\Cache), false)
 7 SYSTEMPATH\Boot.php(417): CodeIgniter\CodeIgniter->run()
 8 SYSTEMPATH\Boot.php(68): CodeIgniter\Boot::runCodeIgniter(Object(CodeIgniter\CodeIgniter))
 9 FCPATH\index.php(59): CodeIgniter\Boot::bootWeb(Object(Config\Paths))
CRITICAL - 2026-03-08 03:41:55 --> CodeIgniter\View\Exceptions\ViewException: Invalid file: "artikel/form_add.php"
[Method: GET, Route: admin/artikel/add]
in SYSTEMPATH\Exceptions\FrameworkException.php on line 39.
 1 SYSTEMPATH\View\View.php(226): CodeIgniter\Exceptions\FrameworkException::forInvalidFile('artikel/form_add.php')
 2 SYSTEMPATH\Common.php(1250): CodeIgniter\View\View->render('artikel/form_add', [], true)
 3 APPPATH\Controllers\Artikel.php(62): view('artikel/form_add', [...])
 4 SYSTEMPATH\CodeIgniter.php(951): App\Controllers\Artikel->add()
 5 SYSTEMPATH\CodeIgniter.php(497): CodeIgniter\CodeIgniter->runController(Object(App\Controllers\Artikel))
 6 SYSTEMPATH\CodeIgniter.php(340): CodeIgniter\CodeIgniter->handleRequest(null, Object(Config\Cache), false)
 7 SYSTEMPATH\Boot.php(417): CodeIgniter\CodeIgniter->run()
 8 SYSTEMPATH\Boot.php(68): CodeIgniter\Boot::runCodeIgniter(Object(CodeIgniter\CodeIgniter))
 9 FCPATH\index.php(59): CodeIgniter\Boot::bootWeb(Object(Config\Paths))
CRITICAL - 2026-03-08 03:42:01 --> CodeIgniter\View\Exceptions\ViewException: Invalid file: "artikel/detail.php"
[Method: GET, Route: artikel/artikel-pertama]
in SYSTEMPATH\Exceptions\FrameworkException.php on line 39.
 1 SYSTEMPATH\View\View.php(226): CodeIgniter\Exceptions\FrameworkException::forInvalidFile('artikel/detail.php')
 2 SYSTEMPATH\Common.php(1250): CodeIgniter\View\View->render('artikel/detail', [], true)
 3 APPPATH\Controllers\Artikel.php(31): view('artikel/detail', [...])
 4 SYSTEMPATH\CodeIgniter.php(951): App\Controllers\Artikel->view('artikel-pertama')
 5 SYSTEMPATH\CodeIgniter.php(497): CodeIgniter\CodeIgniter->runController(Object(App\Controllers\Artikel))
 6 SYSTEMPATH\CodeIgniter.php(340): CodeIgniter\CodeIgniter->handleRequest(null, Object(Config\Cache), false)
 7 SYSTEMPATH\Boot.php(417): CodeIgniter\CodeIgniter->run()
 8 SYSTEMPATH\Boot.php(68): CodeIgniter\Boot::runCodeIgniter(Object(CodeIgniter\CodeIgniter))
 9 FCPATH\index.php(59): CodeIgniter\Boot::bootWeb(Object(Config\Paths))
ERROR - 2026-03-08 03:49:18 --> Table 'lab_ci4.artikel' doesn't exist
in SYSTEMPATH\Database\MySQLi\Connection.php on line 300.
 1 SYSTEMPATH\Database\MySQLi\Connection.php(300): mysqli->query('SELECT *
FROM `artikel`', 0)
 2 SYSTEMPATH\Database\BaseConnection.php(769): CodeIgniter\Database\MySQLi\Connection->execute('SELECT *
FROM `artikel`')
 3 SYSTEMPATH\Database\BaseConnection.php(686): CodeIgniter\Database\BaseConnection->simpleQuery('SELECT *
FROM `artikel`')
 4 SYSTEMPATH\Database\BaseBuilder.php(1649): CodeIgniter\Database\BaseConnection->query('SELECT *
FROM `artikel`', [], false)
 5 SYSTEMPATH\Model.php(254): CodeIgniter\Database\BaseBuilder->get()
 6 SYSTEMPATH\BaseModel.php(675): CodeIgniter\Model->doFindAll(0, 0)
 7 APPPATH\Controllers\Artikel.php(13): CodeIgniter\BaseModel->findAll()
 8 SYSTEMPATH\CodeIgniter.php(951): App\Controllers\Artikel->index()
 9 SYSTEMPATH\CodeIgniter.php(497): CodeIgniter\CodeIgniter->runController(Object(App\Controllers\Artikel))
10 SYSTEMPATH\CodeIgniter.php(340): CodeIgniter\CodeIgniter->handleRequest(null, Object(Config\Cache), false)
11 SYSTEMPATH\Boot.php(417): CodeIgniter\CodeIgniter->run()
12 SYSTEMPATH\Boot.php(68): CodeIgniter\Boot::runCodeIgniter(Object(CodeIgniter\CodeIgniter))
13 FCPATH\index.php(59): CodeIgniter\Boot::bootWeb(Object(Config\Paths))
14 SYSTEMPATH\rewrite.php(44): require_once('C:\\xampp\\htdocs\\lab11_ci\\ci4\\public\\index.php')
CRITICAL - 2026-03-08 03:49:18 --> CodeIgniter\Database\Exceptions\DatabaseException: Table 'lab_ci4.artikel' doesn't exist
[Method: GET, Route: artikel]
in SYSTEMPATH\Database\BaseConnection.php on line 724.
 1 SYSTEMPATH\Database\BaseBuilder.php(1649): CodeIgniter\Database\BaseConnection->query('SELECT *
FROM `artikel`', [], false)
 2 SYSTEMPATH\Model.php(254): CodeIgniter\Database\BaseBuilder->get()
 3 SYSTEMPATH\BaseModel.php(675): CodeIgniter\Model->doFindAll(0, 0)
 4 APPPATH\Controllers\Artikel.php(13): CodeIgniter\BaseModel->findAll()
 5 SYSTEMPATH\CodeIgniter.php(951): App\Controllers\Artikel->index()
 6 SYSTEMPATH\CodeIgniter.php(497): CodeIgniter\CodeIgniter->runController(Object(App\Controllers\Artikel))
 7 SYSTEMPATH\CodeIgniter.php(340): CodeIgniter\CodeIgniter->handleRequest(null, Object(Config\Cache), false)
 8 SYSTEMPATH\Boot.php(417): CodeIgniter\CodeIgniter->run()
 9 SYSTEMPATH\Boot.php(68): CodeIgniter\Boot::runCodeIgniter(Object(CodeIgniter\CodeIgniter))
10 FCPATH\index.php(59): CodeIgniter\Boot::bootWeb(Object(Config\Paths))
11 SYSTEMPATH\rewrite.php(44): require_once('C:\\xampp\\htdocs\\lab11_ci\\ci4\\public\\index.php')
CRITICAL - 2026-03-08 03:49:18 --> [Caused by] CodeIgniter\Database\Exceptions\DatabaseException: Table 'lab_ci4.artikel' doesn't exist
in SYSTEMPATH\Database\MySQLi\Connection.php on line 310.
 1 SYSTEMPATH\Database\BaseConnection.php(769): CodeIgniter\Database\MySQLi\Connection->execute('SELECT *
FROM `artikel`')
 2 SYSTEMPATH\Database\BaseConnection.php(686): CodeIgniter\Database\BaseConnection->simpleQuery('SELECT *
FROM `artikel`')
 3 SYSTEMPATH\Database\BaseBuilder.php(1649): CodeIgniter\Database\BaseConnection->query('SELECT *
FROM `artikel`', [], false)
 4 SYSTEMPATH\Model.php(254): CodeIgniter\Database\BaseBuilder->get()
 5 SYSTEMPATH\BaseModel.php(675): CodeIgniter\Model->doFindAll(0, 0)
 6 APPPATH\Controllers\Artikel.php(13): CodeIgniter\BaseModel->findAll()
 7 SYSTEMPATH\CodeIgniter.php(951): App\Controllers\Artikel->index()
 8 SYSTEMPATH\CodeIgniter.php(497): CodeIgniter\CodeIgniter->runController(Object(App\Controllers\Artikel))
 9 SYSTEMPATH\CodeIgniter.php(340): CodeIgniter\CodeIgniter->handleRequest(null, Object(Config\Cache), false)
10 SYSTEMPATH\Boot.php(417): CodeIgniter\CodeIgniter->run()
11 SYSTEMPATH\Boot.php(68): CodeIgniter\Boot::runCodeIgniter(Object(CodeIgniter\CodeIgniter))
12 FCPATH\index.php(59): CodeIgniter\Boot::bootWeb(Object(Config\Paths))
13 SYSTEMPATH\rewrite.php(44): require_once('C:\\xampp\\htdocs\\lab11_ci\\ci4\\public\\index.php')
CRITICAL - 2026-03-08 03:49:18 --> [Caused by] mysqli_sql_exception: Table 'lab_ci4.artikel' doesn't exist
in SYSTEMPATH\Database\MySQLi\Connection.php on line 300.
 1 SYSTEMPATH\Database\MySQLi\Connection.php(300): mysqli->query('SELECT *
FROM `artikel`', 0)
 2 SYSTEMPATH\Database\BaseConnection.php(769): CodeIgniter\Database\MySQLi\Connection->execute('SELECT *
FROM `artikel`')
 3 SYSTEMPATH\Database\BaseConnection.php(686): CodeIgniter\Database\BaseConnection->simpleQuery('SELECT *
FROM `artikel`')
 4 SYSTEMPATH\Database\BaseBuilder.php(1649): CodeIgniter\Database\BaseConnection->query('SELECT *
FROM `artikel`', [], false)
 5 SYSTEMPATH\Model.php(254): CodeIgniter\Database\BaseBuilder->get()
 6 SYSTEMPATH\BaseModel.php(675): CodeIgniter\Model->doFindAll(0, 0)
 7 APPPATH\Controllers\Artikel.php(13): CodeIgniter\BaseModel->findAll()
 8 SYSTEMPATH\CodeIgniter.php(951): App\Controllers\Artikel->index()
 9 SYSTEMPATH\CodeIgniter.php(497): CodeIgniter\CodeIgniter->runController(Object(App\Controllers\Artikel))
10 SYSTEMPATH\CodeIgniter.php(340): CodeIgniter\CodeIgniter->handleRequest(null, Object(Config\Cache), false)
11 SYSTEMPATH\Boot.php(417): CodeIgniter\CodeIgniter->run()
12 SYSTEMPATH\Boot.php(68): CodeIgniter\Boot::runCodeIgniter(Object(CodeIgniter\CodeIgniter))
13 FCPATH\index.php(59): CodeIgniter\Boot::bootWeb(Object(Config\Paths))
14 SYSTEMPATH\rewrite.php(44): require_once('C:\\xampp\\htdocs\\lab11_ci\\ci4\\public\\index.php')
ERROR - 2026-03-08 03:49:23 --> Table 'lab_ci4.artikel' doesn't exist
in SYSTEMPATH\Database\MySQLi\Connection.php on line 300.
 1 SYSTEMPATH\Database\MySQLi\Connection.php(300): mysqli->query('SELECT *
FROM `artikel`', 0)
 2 SYSTEMPATH\Database\BaseConnection.php(769): CodeIgniter\Database\MySQLi\Connection->execute('SELECT *
FROM `artikel`')
 3 SYSTEMPATH\Database\BaseConnection.php(686): CodeIgniter\Database\BaseConnection->simpleQuery('SELECT *
FROM `artikel`')
 4 SYSTEMPATH\Database\BaseBuilder.php(1649): CodeIgniter\Database\BaseConnection->query('SELECT *
FROM `artikel`', [], false)
 5 SYSTEMPATH\Model.php(254): CodeIgniter\Database\BaseBuilder->get()
 6 SYSTEMPATH\BaseModel.php(675): CodeIgniter\Model->doFindAll(0, 0)
 7 APPPATH\Controllers\Artikel.php(13): CodeIgniter\BaseModel->findAll()
 8 SYSTEMPATH\CodeIgniter.php(951): App\Controllers\Artikel->index()
 9 SYSTEMPATH\CodeIgniter.php(497): CodeIgniter\CodeIgniter->runController(Object(App\Controllers\Artikel))
10 SYSTEMPATH\CodeIgniter.php(340): CodeIgniter\CodeIgniter->handleRequest(null, Object(Config\Cache), false)
11 SYSTEMPATH\Boot.php(417): CodeIgniter\CodeIgniter->run()
12 SYSTEMPATH\Boot.php(68): CodeIgniter\Boot::runCodeIgniter(Object(CodeIgniter\CodeIgniter))
13 FCPATH\index.php(59): CodeIgniter\Boot::bootWeb(Object(Config\Paths))
14 SYSTEMPATH\rewrite.php(44): require_once('C:\\xampp\\htdocs\\lab11_ci\\ci4\\public\\index.php')
CRITICAL - 2026-03-08 03:49:23 --> CodeIgniter\Database\Exceptions\DatabaseException: Table 'lab_ci4.artikel' doesn't exist
[Method: GET, Route: artikel]
in SYSTEMPATH\Database\BaseConnection.php on line 724.
 1 SYSTEMPATH\Database\BaseBuilder.php(1649): CodeIgniter\Database\BaseConnection->query('SELECT *
FROM `artikel`', [], false)
 2 SYSTEMPATH\Model.php(254): CodeIgniter\Database\BaseBuilder->get()
 3 SYSTEMPATH\BaseModel.php(675): CodeIgniter\Model->doFindAll(0, 0)
 4 APPPATH\Controllers\Artikel.php(13): CodeIgniter\BaseModel->findAll()
 5 SYSTEMPATH\CodeIgniter.php(951): App\Controllers\Artikel->index()
 6 SYSTEMPATH\CodeIgniter.php(497): CodeIgniter\CodeIgniter->runController(Object(App\Controllers\Artikel))
 7 SYSTEMPATH\CodeIgniter.php(340): CodeIgniter\CodeIgniter->handleRequest(null, Object(Config\Cache), false)
 8 SYSTEMPATH\Boot.php(417): CodeIgniter\CodeIgniter->run()
 9 SYSTEMPATH\Boot.php(68): CodeIgniter\Boot::runCodeIgniter(Object(CodeIgniter\CodeIgniter))
10 FCPATH\index.php(59): CodeIgniter\Boot::bootWeb(Object(Config\Paths))
11 SYSTEMPATH\rewrite.php(44): require_once('C:\\xampp\\htdocs\\lab11_ci\\ci4\\public\\index.php')
CRITICAL - 2026-03-08 03:49:23 --> [Caused by] CodeIgniter\Database\Exceptions\DatabaseException: Table 'lab_ci4.artikel' doesn't exist
in SYSTEMPATH\Database\MySQLi\Connection.php on line 310.
 1 SYSTEMPATH\Database\BaseConnection.php(769): CodeIgniter\Database\MySQLi\Connection->execute('SELECT *
FROM `artikel`')
 2 SYSTEMPATH\Database\BaseConnection.php(686): CodeIgniter\Database\BaseConnection->simpleQuery('SELECT *
FROM `artikel`')
 3 SYSTEMPATH\Database\BaseBuilder.php(1649): CodeIgniter\Database\BaseConnection->query('SELECT *
FROM `artikel`', [], false)
 4 SYSTEMPATH\Model.php(254): CodeIgniter\Database\BaseBuilder->get()
 5 SYSTEMPATH\BaseModel.php(675): CodeIgniter\Model->doFindAll(0, 0)
 6 APPPATH\Controllers\Artikel.php(13): CodeIgniter\BaseModel->findAll()
 7 SYSTEMPATH\CodeIgniter.php(951): App\Controllers\Artikel->index()
 8 SYSTEMPATH\CodeIgniter.php(497): CodeIgniter\CodeIgniter->runController(Object(App\Controllers\Artikel))
 9 SYSTEMPATH\CodeIgniter.php(340): CodeIgniter\CodeIgniter->handleRequest(null, Object(Config\Cache), false)
10 SYSTEMPATH\Boot.php(417): CodeIgniter\CodeIgniter->run()
11 SYSTEMPATH\Boot.php(68): CodeIgniter\Boot::runCodeIgniter(Object(CodeIgniter\CodeIgniter))
12 FCPATH\index.php(59): CodeIgniter\Boot::bootWeb(Object(Config\Paths))
13 SYSTEMPATH\rewrite.php(44): require_once('C:\\xampp\\htdocs\\lab11_ci\\ci4\\public\\index.php')
CRITICAL - 2026-03-08 03:49:23 --> [Caused by] mysqli_sql_exception: Table 'lab_ci4.artikel' doesn't exist
in SYSTEMPATH\Database\MySQLi\Connection.php on line 300.
 1 SYSTEMPATH\Database\MySQLi\Connection.php(300): mysqli->query('SELECT *
FROM `artikel`', 0)
 2 SYSTEMPATH\Database\BaseConnection.php(769): CodeIgniter\Database\MySQLi\Connection->execute('SELECT *
FROM `artikel`')
 3 SYSTEMPATH\Database\BaseConnection.php(686): CodeIgniter\Database\BaseConnection->simpleQuery('SELECT *
FROM `artikel`')
 4 SYSTEMPATH\Database\BaseBuilder.php(1649): CodeIgniter\Database\BaseConnection->query('SELECT *
FROM `artikel`', [], false)
 5 SYSTEMPATH\Model.php(254): CodeIgniter\Database\BaseBuilder->get()
 6 SYSTEMPATH\BaseModel.php(675): CodeIgniter\Model->doFindAll(0, 0)
 7 APPPATH\Controllers\Artikel.php(13): CodeIgniter\BaseModel->findAll()
 8 SYSTEMPATH\CodeIgniter.php(951): App\Controllers\Artikel->index()
 9 SYSTEMPATH\CodeIgniter.php(497): CodeIgniter\CodeIgniter->runController(Object(App\Controllers\Artikel))
10 SYSTEMPATH\CodeIgniter.php(340): CodeIgniter\CodeIgniter->handleRequest(null, Object(Config\Cache), false)
11 SYSTEMPATH\Boot.php(417): CodeIgniter\CodeIgniter->run()
12 SYSTEMPATH\Boot.php(68): CodeIgniter\Boot::runCodeIgniter(Object(CodeIgniter\CodeIgniter))
13 FCPATH\index.php(59): CodeIgniter\Boot::bootWeb(Object(Config\Paths))
14 SYSTEMPATH\rewrite.php(44): require_once('C:\\xampp\\htdocs\\lab11_ci\\ci4\\public\\index.php')
ERROR - 2026-03-08 03:49:34 --> Table 'lab_ci4.artikel' doesn't exist
in SYSTEMPATH\Database\MySQLi\Connection.php on line 300.
 1 SYSTEMPATH\Database\MySQLi\Connection.php(300): mysqli->query('SELECT *
FROM `artikel`', 0)
 2 SYSTEMPATH\Database\BaseConnection.php(769): CodeIgniter\Database\MySQLi\Connection->execute('SELECT *
FROM `artikel`')
 3 SYSTEMPATH\Database\BaseConnection.php(686): CodeIgniter\Database\BaseConnection->simpleQuery('SELECT *
FROM `artikel`')
 4 SYSTEMPATH\Database\BaseBuilder.php(1649): CodeIgniter\Database\BaseConnection->query('SELECT *
FROM `artikel`', [], false)
 5 SYSTEMPATH\Model.php(254): CodeIgniter\Database\BaseBuilder->get()
 6 SYSTEMPATH\BaseModel.php(675): CodeIgniter\Model->doFindAll(0, 0)
 7 APPPATH\Controllers\Artikel.php(13): CodeIgniter\BaseModel->findAll()
 8 SYSTEMPATH\CodeIgniter.php(951): App\Controllers\Artikel->index()
 9 SYSTEMPATH\CodeIgniter.php(497): CodeIgniter\CodeIgniter->runController(Object(App\Controllers\Artikel))
10 SYSTEMPATH\CodeIgniter.php(340): CodeIgniter\CodeIgniter->handleRequest(null, Object(Config\Cache), false)
11 SYSTEMPATH\Boot.php(417): CodeIgniter\CodeIgniter->run()
12 SYSTEMPATH\Boot.php(68): CodeIgniter\Boot::runCodeIgniter(Object(CodeIgniter\CodeIgniter))
13 FCPATH\index.php(59): CodeIgniter\Boot::bootWeb(Object(Config\Paths))
14 SYSTEMPATH\rewrite.php(44): require_once('C:\\xampp\\htdocs\\lab11_ci\\ci4\\public\\index.php')
CRITICAL - 2026-03-08 03:49:34 --> CodeIgniter\Database\Exceptions\DatabaseException: Table 'lab_ci4.artikel' doesn't exist
[Method: GET, Route: artikel]
in SYSTEMPATH\Database\BaseConnection.php on line 724.
 1 SYSTEMPATH\Database\BaseBuilder.php(1649): CodeIgniter\Database\BaseConnection->query('SELECT *
FROM `artikel`', [], false)
 2 SYSTEMPATH\Model.php(254): CodeIgniter\Database\BaseBuilder->get()
 3 SYSTEMPATH\BaseModel.php(675): CodeIgniter\Model->doFindAll(0, 0)
 4 APPPATH\Controllers\Artikel.php(13): CodeIgniter\BaseModel->findAll()
 5 SYSTEMPATH\CodeIgniter.php(951): App\Controllers\Artikel->index()
 6 SYSTEMPATH\CodeIgniter.php(497): CodeIgniter\CodeIgniter->runController(Object(App\Controllers\Artikel))
 7 SYSTEMPATH\CodeIgniter.php(340): CodeIgniter\CodeIgniter->handleRequest(null, Object(Config\Cache), false)
 8 SYSTEMPATH\Boot.php(417): CodeIgniter\CodeIgniter->run()
 9 SYSTEMPATH\Boot.php(68): CodeIgniter\Boot::runCodeIgniter(Object(CodeIgniter\CodeIgniter))
10 FCPATH\index.php(59): CodeIgniter\Boot::bootWeb(Object(Config\Paths))
11 SYSTEMPATH\rewrite.php(44): require_once('C:\\xampp\\htdocs\\lab11_ci\\ci4\\public\\index.php')
CRITICAL - 2026-03-08 03:49:34 --> [Caused by] CodeIgniter\Database\Exceptions\DatabaseException: Table 'lab_ci4.artikel' doesn't exist
in SYSTEMPATH\Database\MySQLi\Connection.php on line 310.
 1 SYSTEMPATH\Database\BaseConnection.php(769): CodeIgniter\Database\MySQLi\Connection->execute('SELECT *
FROM `artikel`')
 2 SYSTEMPATH\Database\BaseConnection.php(686): CodeIgniter\Database\BaseConnection->simpleQuery('SELECT *
FROM `artikel`')
 3 SYSTEMPATH\Database\BaseBuilder.php(1649): CodeIgniter\Database\BaseConnection->query('SELECT *
FROM `artikel`', [], false)
 4 SYSTEMPATH\Model.php(254): CodeIgniter\Database\BaseBuilder->get()
 5 SYSTEMPATH\BaseModel.php(675): CodeIgniter\Model->doFindAll(0, 0)
 6 APPPATH\Controllers\Artikel.php(13): CodeIgniter\BaseModel->findAll()
 7 SYSTEMPATH\CodeIgniter.php(951): App\Controllers\Artikel->index()
 8 SYSTEMPATH\CodeIgniter.php(497): CodeIgniter\CodeIgniter->runController(Object(App\Controllers\Artikel))
 9 SYSTEMPATH\CodeIgniter.php(340): CodeIgniter\CodeIgniter->handleRequest(null, Object(Config\Cache), false)
10 SYSTEMPATH\Boot.php(417): CodeIgniter\CodeIgniter->run()
11 SYSTEMPATH\Boot.php(68): CodeIgniter\Boot::runCodeIgniter(Object(CodeIgniter\CodeIgniter))
12 FCPATH\index.php(59): CodeIgniter\Boot::bootWeb(Object(Config\Paths))
13 SYSTEMPATH\rewrite.php(44): require_once('C:\\xampp\\htdocs\\lab11_ci\\ci4\\public\\index.php')
CRITICAL - 2026-03-08 03:49:34 --> [Caused by] mysqli_sql_exception: Table 'lab_ci4.artikel' doesn't exist
in SYSTEMPATH\Database\MySQLi\Connection.php on line 300.
 1 SYSTEMPATH\Database\MySQLi\Connection.php(300): mysqli->query('SELECT *
FROM `artikel`', 0)
 2 SYSTEMPATH\Database\BaseConnection.php(769): CodeIgniter\Database\MySQLi\Connection->execute('SELECT *
FROM `artikel`')
 3 SYSTEMPATH\Database\BaseConnection.php(686): CodeIgniter\Database\BaseConnection->simpleQuery('SELECT *
FROM `artikel`')
 4 SYSTEMPATH\Database\BaseBuilder.php(1649): CodeIgniter\Database\BaseConnection->query('SELECT *
FROM `artikel`', [], false)
 5 SYSTEMPATH\Model.php(254): CodeIgniter\Database\BaseBuilder->get()
 6 SYSTEMPATH\BaseModel.php(675): CodeIgniter\Model->doFindAll(0, 0)
 7 APPPATH\Controllers\Artikel.php(13): CodeIgniter\BaseModel->findAll()
 8 SYSTEMPATH\CodeIgniter.php(951): App\Controllers\Artikel->index()
 9 SYSTEMPATH\CodeIgniter.php(497): CodeIgniter\CodeIgniter->runController(Object(App\Controllers\Artikel))
10 SYSTEMPATH\CodeIgniter.php(340): CodeIgniter\CodeIgniter->handleRequest(null, Object(Config\Cache), false)
11 SYSTEMPATH\Boot.php(417): CodeIgniter\CodeIgniter->run()
12 SYSTEMPATH\Boot.php(68): CodeIgniter\Boot::runCodeIgniter(Object(CodeIgniter\CodeIgniter))
13 FCPATH\index.php(59): CodeIgniter\Boot::bootWeb(Object(Config\Paths))
14 SYSTEMPATH\rewrite.php(44): require_once('C:\\xampp\\htdocs\\lab11_ci\\ci4\\public\\index.php')
CRITICAL - 2026-03-08 04:00:23 --> CodeIgniter\View\Exceptions\ViewException: Invalid file: "artikel/admin_index.php"
[Method: GET, Route: admin/artikel]
in SYSTEMPATH\Exceptions\FrameworkException.php on line 39.
 1 SYSTEMPATH\View\View.php(226): CodeIgniter\Exceptions\FrameworkException::forInvalidFile('artikel/admin_index.php')
 2 SYSTEMPATH\Common.php(1250): CodeIgniter\View\View->render('artikel/admin_index', [], true)
 3 APPPATH\Controllers\Artikel.php(41): view('artikel/admin_index', [...])
 4 SYSTEMPATH\CodeIgniter.php(951): App\Controllers\Artikel->admin_index()
 5 SYSTEMPATH\CodeIgniter.php(497): CodeIgniter\CodeIgniter->runController(Object(App\Controllers\Artikel))
 6 SYSTEMPATH\CodeIgniter.php(340): CodeIgniter\CodeIgniter->handleRequest(null, Object(Config\Cache), false)
 7 SYSTEMPATH\Boot.php(417): CodeIgniter\CodeIgniter->run()
 8 SYSTEMPATH\Boot.php(68): CodeIgniter\Boot::runCodeIgniter(Object(CodeIgniter\CodeIgniter))
 9 FCPATH\index.php(59): CodeIgniter\Boot::bootWeb(Object(Config\Paths))
10 SYSTEMPATH\rewrite.php(44): require_once('C:\\xampp\\htdocs\\lab11_ci\\ci4\\public\\index.php')
CRITICAL - 2026-03-08 04:00:43 --> CodeIgniter\View\Exceptions\ViewException: Invalid file: "artikel/admin_index.php"
[Method: GET, Route: admin/artikel]
in SYSTEMPATH\Exceptions\FrameworkException.php on line 39.
 1 SYSTEMPATH\View\View.php(226): CodeIgniter\Exceptions\FrameworkException::forInvalidFile('artikel/admin_index.php')
 2 SYSTEMPATH\Common.php(1250): CodeIgniter\View\View->render('artikel/admin_index', [], true)
 3 APPPATH\Controllers\Artikel.php(41): view('artikel/admin_index', [...])
 4 SYSTEMPATH\CodeIgniter.php(951): App\Controllers\Artikel->admin_index()
 5 SYSTEMPATH\CodeIgniter.php(497): CodeIgniter\CodeIgniter->runController(Object(App\Controllers\Artikel))
 6 SYSTEMPATH\CodeIgniter.php(340): CodeIgniter\CodeIgniter->handleRequest(null, Object(Config\Cache), false)
 7 SYSTEMPATH\Boot.php(417): CodeIgniter\CodeIgniter->run()
 8 SYSTEMPATH\Boot.php(68): CodeIgniter\Boot::runCodeIgniter(Object(CodeIgniter\CodeIgniter))
 9 FCPATH\index.php(59): CodeIgniter\Boot::bootWeb(Object(Config\Paths))
10 SYSTEMPATH\rewrite.php(44): require_once('C:\\xampp\\htdocs\\lab11_ci\\ci4\\public\\index.php')
CRITICAL - 2026-03-08 04:03:12 --> CodeIgniter\View\Exceptions\ViewException: Invalid file: "artikel/admin_index.php"
[Method: GET, Route: admin/artikel]
in SYSTEMPATH\Exceptions\FrameworkException.php on line 39.
 1 SYSTEMPATH\View\View.php(226): CodeIgniter\Exceptions\FrameworkException::forInvalidFile('artikel/admin_index.php')
 2 SYSTEMPATH\Common.php(1250): CodeIgniter\View\View->render('artikel/admin_index', [], true)
 3 APPPATH\Controllers\Artikel.php(41): view('artikel/admin_index', [...])
 4 SYSTEMPATH\CodeIgniter.php(951): App\Controllers\Artikel->admin_index()
 5 SYSTEMPATH\CodeIgniter.php(497): CodeIgniter\CodeIgniter->runController(Object(App\Controllers\Artikel))
 6 SYSTEMPATH\CodeIgniter.php(340): CodeIgniter\CodeIgniter->handleRequest(null, Object(Config\Cache), false)
 7 SYSTEMPATH\Boot.php(417): CodeIgniter\CodeIgniter->run()
 8 SYSTEMPATH\Boot.php(68): CodeIgniter\Boot::runCodeIgniter(Object(CodeIgniter\CodeIgniter))
 9 FCPATH\index.php(59): CodeIgniter\Boot::bootWeb(Object(Config\Paths))
10 SYSTEMPATH\rewrite.php(44): require_once('C:\\xampp\\htdocs\\lab11_ci\\ci4\\public\\index.php')
CRITICAL - 2026-03-08 04:06:10 --> CodeIgniter\View\Exceptions\ViewException: Invalid file: "template/admin_header.php"
[Method: GET, Route: admin/artikel]
in SYSTEMPATH\Exceptions\FrameworkException.php on line 39.
 1 SYSTEMPATH\View\View.php(226): CodeIgniter\Exceptions\FrameworkException::forInvalidFile('template/admin_header.php')
 2 SYSTEMPATH\View\View.php(487): CodeIgniter\View\View->render('template/admin_header', null, true)
 3 APPPATH\Views\artikel\admin_index.php(8): CodeIgniter\View\View->include('template/admin_header')
 4 SYSTEMPATH\View\View.php(238): include('C:\\xampp\\htdocs\\lab11_ci\\ci4\\app\\Views\\artikel\\admin_index.php')
 5 SYSTEMPATH\View\View.php(241): CodeIgniter\View\View->CodeIgniter\View\{closure}()
 6 SYSTEMPATH\Common.php(1250): CodeIgniter\View\View->render('artikel/admin_index', [], true)
 7 APPPATH\Controllers\Artikel.php(41): view('artikel/admin_index', [...])
 8 SYSTEMPATH\CodeIgniter.php(951): App\Controllers\Artikel->admin_index()
 9 SYSTEMPATH\CodeIgniter.php(497): CodeIgniter\CodeIgniter->runController(Object(App\Controllers\Artikel))
10 SYSTEMPATH\CodeIgniter.php(340): CodeIgniter\CodeIgniter->handleRequest(null, Object(Config\Cache), false)
11 SYSTEMPATH\Boot.php(417): CodeIgniter\CodeIgniter->run()
12 SYSTEMPATH\Boot.php(68): CodeIgniter\Boot::runCodeIgniter(Object(CodeIgniter\CodeIgniter))
13 FCPATH\index.php(59): CodeIgniter\Boot::bootWeb(Object(Config\Paths))
14 SYSTEMPATH\rewrite.php(44): require_once('C:\\xampp\\htdocs\\lab11_ci\\ci4\\public\\index.php')
CRITICAL - 2026-03-08 04:06:11 --> CodeIgniter\View\Exceptions\ViewException: Invalid file: "template/admin_header.php"
[Method: GET, Route: admin/artikel]
in SYSTEMPATH\Exceptions\FrameworkException.php on line 39.
 1 SYSTEMPATH\View\View.php(226): CodeIgniter\Exceptions\FrameworkException::forInvalidFile('template/admin_header.php')
 2 SYSTEMPATH\View\View.php(487): CodeIgniter\View\View->render('template/admin_header', null, true)
 3 APPPATH\Views\artikel\admin_index.php(8): CodeIgniter\View\View->include('template/admin_header')
 4 SYSTEMPATH\View\View.php(238): include('C:\\xampp\\htdocs\\lab11_ci\\ci4\\app\\Views\\artikel\\admin_index.php')
 5 SYSTEMPATH\View\View.php(241): CodeIgniter\View\View->CodeIgniter\View\{closure}()
 6 SYSTEMPATH\Common.php(1250): CodeIgniter\View\View->render('artikel/admin_index', [], true)
 7 APPPATH\Controllers\Artikel.php(41): view('artikel/admin_index', [...])
 8 SYSTEMPATH\CodeIgniter.php(951): App\Controllers\Artikel->admin_index()
 9 SYSTEMPATH\CodeIgniter.php(497): CodeIgniter\CodeIgniter->runController(Object(App\Controllers\Artikel))
10 SYSTEMPATH\CodeIgniter.php(340): CodeIgniter\CodeIgniter->handleRequest(null, Object(Config\Cache), false)
11 SYSTEMPATH\Boot.php(417): CodeIgniter\CodeIgniter->run()
12 SYSTEMPATH\Boot.php(68): CodeIgniter\Boot::runCodeIgniter(Object(CodeIgniter\CodeIgniter))
13 FCPATH\index.php(59): CodeIgniter\Boot::bootWeb(Object(Config\Paths))
14 SYSTEMPATH\rewrite.php(44): require_once('C:\\xampp\\htdocs\\lab11_ci\\ci4\\public\\index.php')
CRITICAL - 2026-03-08 04:06:11 --> CodeIgniter\View\Exceptions\ViewException: Invalid file: "template/admin_header.php"
[Method: GET, Route: admin/artikel]
in SYSTEMPATH\Exceptions\FrameworkException.php on line 39.
 1 SYSTEMPATH\View\View.php(226): CodeIgniter\Exceptions\FrameworkException::forInvalidFile('template/admin_header.php')
 2 SYSTEMPATH\View\View.php(487): CodeIgniter\View\View->render('template/admin_header', null, true)
 3 APPPATH\Views\artikel\admin_index.php(8): CodeIgniter\View\View->include('template/admin_header')
 4 SYSTEMPATH\View\View.php(238): include('C:\\xampp\\htdocs\\lab11_ci\\ci4\\app\\Views\\artikel\\admin_index.php')
 5 SYSTEMPATH\View\View.php(241): CodeIgniter\View\View->CodeIgniter\View\{closure}()
 6 SYSTEMPATH\Common.php(1250): CodeIgniter\View\View->render('artikel/admin_index', [], true)
 7 APPPATH\Controllers\Artikel.php(41): view('artikel/admin_index', [...])
 8 SYSTEMPATH\CodeIgniter.php(951): App\Controllers\Artikel->admin_index()
 9 SYSTEMPATH\CodeIgniter.php(497): CodeIgniter\CodeIgniter->runController(Object(App\Controllers\Artikel))
10 SYSTEMPATH\CodeIgniter.php(340): CodeIgniter\CodeIgniter->handleRequest(null, Object(Config\Cache), false)
11 SYSTEMPATH\Boot.php(417): CodeIgniter\CodeIgniter->run()
12 SYSTEMPATH\Boot.php(68): CodeIgniter\Boot::runCodeIgniter(Object(CodeIgniter\CodeIgniter))
13 FCPATH\index.php(59): CodeIgniter\Boot::bootWeb(Object(Config\Paths))
14 SYSTEMPATH\rewrite.php(44): require_once('C:\\xampp\\htdocs\\lab11_ci\\ci4\\public\\index.php')
CRITICAL - 2026-03-08 04:06:12 --> CodeIgniter\View\Exceptions\ViewException: Invalid file: "template/admin_header.php"
[Method: GET, Route: admin/artikel]
in SYSTEMPATH\Exceptions\FrameworkException.php on line 39.
 1 SYSTEMPATH\View\View.php(226): CodeIgniter\Exceptions\FrameworkException::forInvalidFile('template/admin_header.php')
 2 SYSTEMPATH\View\View.php(487): CodeIgniter\View\View->render('template/admin_header', null, true)
 3 APPPATH\Views\artikel\admin_index.php(8): CodeIgniter\View\View->include('template/admin_header')
 4 SYSTEMPATH\View\View.php(238): include('C:\\xampp\\htdocs\\lab11_ci\\ci4\\app\\Views\\artikel\\admin_index.php')
 5 SYSTEMPATH\View\View.php(241): CodeIgniter\View\View->CodeIgniter\View\{closure}()
 6 SYSTEMPATH\Common.php(1250): CodeIgniter\View\View->render('artikel/admin_index', [], true)
 7 APPPATH\Controllers\Artikel.php(41): view('artikel/admin_index', [...])
 8 SYSTEMPATH\CodeIgniter.php(951): App\Controllers\Artikel->admin_index()
 9 SYSTEMPATH\CodeIgniter.php(497): CodeIgniter\CodeIgniter->runController(Object(App\Controllers\Artikel))
10 SYSTEMPATH\CodeIgniter.php(340): CodeIgniter\CodeIgniter->handleRequest(null, Object(Config\Cache), false)
11 SYSTEMPATH\Boot.php(417): CodeIgniter\CodeIgniter->run()
12 SYSTEMPATH\Boot.php(68): CodeIgniter\Boot::runCodeIgniter(Object(CodeIgniter\CodeIgniter))
13 FCPATH\index.php(59): CodeIgniter\Boot::bootWeb(Object(Config\Paths))
14 SYSTEMPATH\rewrite.php(44): require_once('C:\\xampp\\htdocs\\lab11_ci\\ci4\\public\\index.php')
CRITICAL - 2026-03-08 04:06:12 --> CodeIgniter\View\Exceptions\ViewException: Invalid file: "template/admin_header.php"
[Method: GET, Route: admin/artikel]
in SYSTEMPATH\Exceptions\FrameworkException.php on line 39.
 1 SYSTEMPATH\View\View.php(226): CodeIgniter\Exceptions\FrameworkException::forInvalidFile('template/admin_header.php')
 2 SYSTEMPATH\View\View.php(487): CodeIgniter\View\View->render('template/admin_header', null, true)
 3 APPPATH\Views\artikel\admin_index.php(8): CodeIgniter\View\View->include('template/admin_header')
 4 SYSTEMPATH\View\View.php(238): include('C:\\xampp\\htdocs\\lab11_ci\\ci4\\app\\Views\\artikel\\admin_index.php')
 5 SYSTEMPATH\View\View.php(241): CodeIgniter\View\View->CodeIgniter\View\{closure}()
 6 SYSTEMPATH\Common.php(1250): CodeIgniter\View\View->render('artikel/admin_index', [], true)
 7 APPPATH\Controllers\Artikel.php(41): view('artikel/admin_index', [...])
 8 SYSTEMPATH\CodeIgniter.php(951): App\Controllers\Artikel->admin_index()
 9 SYSTEMPATH\CodeIgniter.php(497): CodeIgniter\CodeIgniter->runController(Object(App\Controllers\Artikel))
10 SYSTEMPATH\CodeIgniter.php(340): CodeIgniter\CodeIgniter->handleRequest(null, Object(Config\Cache), false)
11 SYSTEMPATH\Boot.php(417): CodeIgniter\CodeIgniter->run()
12 SYSTEMPATH\Boot.php(68): CodeIgniter\Boot::runCodeIgniter(Object(CodeIgniter\CodeIgniter))
13 FCPATH\index.php(59): CodeIgniter\Boot::bootWeb(Object(Config\Paths))
14 SYSTEMPATH\rewrite.php(44): require_once('C:\\xampp\\htdocs\\lab11_ci\\ci4\\public\\index.php')
CRITICAL - 2026-03-08 04:06:12 --> CodeIgniter\View\Exceptions\ViewException: Invalid file: "template/admin_header.php"
[Method: GET, Route: admin/artikel]
in SYSTEMPATH\Exceptions\FrameworkException.php on line 39.
 1 SYSTEMPATH\View\View.php(226): CodeIgniter\Exceptions\FrameworkException::forInvalidFile('template/admin_header.php')
 2 SYSTEMPATH\View\View.php(487): CodeIgniter\View\View->render('template/admin_header', null, true)
 3 APPPATH\Views\artikel\admin_index.php(8): CodeIgniter\View\View->include('template/admin_header')
 4 SYSTEMPATH\View\View.php(238): include('C:\\xampp\\htdocs\\lab11_ci\\ci4\\app\\Views\\artikel\\admin_index.php')
 5 SYSTEMPATH\View\View.php(241): CodeIgniter\View\View->CodeIgniter\View\{closure}()
 6 SYSTEMPATH\Common.php(1250): CodeIgniter\View\View->render('artikel/admin_index', [], true)
 7 APPPATH\Controllers\Artikel.php(41): view('artikel/admin_index', [...])
 8 SYSTEMPATH\CodeIgniter.php(951): App\Controllers\Artikel->admin_index()
 9 SYSTEMPATH\CodeIgniter.php(497): CodeIgniter\CodeIgniter->runController(Object(App\Controllers\Artikel))
10 SYSTEMPATH\CodeIgniter.php(340): CodeIgniter\CodeIgniter->handleRequest(null, Object(Config\Cache), false)
11 SYSTEMPATH\Boot.php(417): CodeIgniter\CodeIgniter->run()
12 SYSTEMPATH\Boot.php(68): CodeIgniter\Boot::runCodeIgniter(Object(CodeIgniter\CodeIgniter))
13 FCPATH\index.php(59): CodeIgniter\Boot::bootWeb(Object(Config\Paths))
14 SYSTEMPATH\rewrite.php(44): require_once('C:\\xampp\\htdocs\\lab11_ci\\ci4\\public\\index.php')
CRITICAL - 2026-03-08 04:06:12 --> CodeIgniter\View\Exceptions\ViewException: Invalid file: "template/admin_header.php"
[Method: GET, Route: admin/artikel]
in SYSTEMPATH\Exceptions\FrameworkException.php on line 39.
 1 SYSTEMPATH\View\View.php(226): CodeIgniter\Exceptions\FrameworkException::forInvalidFile('template/admin_header.php')
 2 SYSTEMPATH\View\View.php(487): CodeIgniter\View\View->render('template/admin_header', null, true)
 3 APPPATH\Views\artikel\admin_index.php(8): CodeIgniter\View\View->include('template/admin_header')
 4 SYSTEMPATH\View\View.php(238): include('C:\\xampp\\htdocs\\lab11_ci\\ci4\\app\\Views\\artikel\\admin_index.php')
 5 SYSTEMPATH\View\View.php(241): CodeIgniter\View\View->CodeIgniter\View\{closure}()
 6 SYSTEMPATH\Common.php(1250): CodeIgniter\View\View->render('artikel/admin_index', [], true)
 7 APPPATH\Controllers\Artikel.php(41): view('artikel/admin_index', [...])
 8 SYSTEMPATH\CodeIgniter.php(951): App\Controllers\Artikel->admin_index()
 9 SYSTEMPATH\CodeIgniter.php(497): CodeIgniter\CodeIgniter->runController(Object(App\Controllers\Artikel))
10 SYSTEMPATH\CodeIgniter.php(340): CodeIgniter\CodeIgniter->handleRequest(null, Object(Config\Cache), false)
11 SYSTEMPATH\Boot.php(417): CodeIgniter\CodeIgniter->run()
12 SYSTEMPATH\Boot.php(68): CodeIgniter\Boot::runCodeIgniter(Object(CodeIgniter\CodeIgniter))
13 FCPATH\index.php(59): CodeIgniter\Boot::bootWeb(Object(Config\Paths))
14 SYSTEMPATH\rewrite.php(44): require_once('C:\\xampp\\htdocs\\lab11_ci\\ci4\\public\\index.php')
CRITICAL - 2026-03-08 04:06:13 --> CodeIgniter\View\Exceptions\ViewException: Invalid file: "template/admin_header.php"
[Method: GET, Route: admin/artikel]
in SYSTEMPATH\Exceptions\FrameworkException.php on line 39.
 1 SYSTEMPATH\View\View.php(226): CodeIgniter\Exceptions\FrameworkException::forInvalidFile('template/admin_header.php')
 2 SYSTEMPATH\View\View.php(487): CodeIgniter\View\View->render('template/admin_header', null, true)
 3 APPPATH\Views\artikel\admin_index.php(8): CodeIgniter\View\View->include('template/admin_header')
 4 SYSTEMPATH\View\View.php(238): include('C:\\xampp\\htdocs\\lab11_ci\\ci4\\app\\Views\\artikel\\admin_index.php')
 5 SYSTEMPATH\View\View.php(241): CodeIgniter\View\View->CodeIgniter\View\{closure}()
 6 SYSTEMPATH\Common.php(1250): CodeIgniter\View\View->render('artikel/admin_index', [], true)
 7 APPPATH\Controllers\Artikel.php(41): view('artikel/admin_index', [...])
 8 SYSTEMPATH\CodeIgniter.php(951): App\Controllers\Artikel->admin_index()
 9 SYSTEMPATH\CodeIgniter.php(497): CodeIgniter\CodeIgniter->runController(Object(App\Controllers\Artikel))
10 SYSTEMPATH\CodeIgniter.php(340): CodeIgniter\CodeIgniter->handleRequest(null, Object(Config\Cache), false)
11 SYSTEMPATH\Boot.php(417): CodeIgniter\CodeIgniter->run()
12 SYSTEMPATH\Boot.php(68): CodeIgniter\Boot::runCodeIgniter(Object(CodeIgniter\CodeIgniter))
13 FCPATH\index.php(59): CodeIgniter\Boot::bootWeb(Object(Config\Paths))
14 SYSTEMPATH\rewrite.php(44): require_once('C:\\xampp\\htdocs\\lab11_ci\\ci4\\public\\index.php')
CRITICAL - 2026-03-08 04:08:39 --> CodeIgniter\View\Exceptions\ViewException: Invalid file: "template/admin_header.php"
[Method: GET, Route: admin/artikel]
in SYSTEMPATH\Exceptions\FrameworkException.php on line 39.
 1 SYSTEMPATH\View\View.php(226): CodeIgniter\Exceptions\FrameworkException::forInvalidFile('template/admin_header.php')
 2 SYSTEMPATH\View\View.php(487): CodeIgniter\View\View->render('template/admin_header', null, true)
 3 APPPATH\Views\artikel\admin_index.php(1): CodeIgniter\View\View->include('template/admin_header')
 4 SYSTEMPATH\View\View.php(238): include('C:\\xampp\\htdocs\\lab11_ci\\ci4\\app\\Views\\artikel\\admin_index.php')
 5 SYSTEMPATH\View\View.php(241): CodeIgniter\View\View->CodeIgniter\View\{closure}()
 6 SYSTEMPATH\Common.php(1250): CodeIgniter\View\View->render('artikel/admin_index', [], true)
 7 APPPATH\Controllers\Artikel.php(40): view('artikel/admin_index', [...])
 8 SYSTEMPATH\CodeIgniter.php(951): App\Controllers\Artikel->admin_index()
 9 SYSTEMPATH\CodeIgniter.php(497): CodeIgniter\CodeIgniter->runController(Object(App\Controllers\Artikel))
10 SYSTEMPATH\CodeIgniter.php(340): CodeIgniter\CodeIgniter->handleRequest(null, Object(Config\Cache), false)
11 SYSTEMPATH\Boot.php(417): CodeIgniter\CodeIgniter->run()
12 SYSTEMPATH\Boot.php(68): CodeIgniter\Boot::runCodeIgniter(Object(CodeIgniter\CodeIgniter))
13 FCPATH\index.php(59): CodeIgniter\Boot::bootWeb(Object(Config\Paths))
14 SYSTEMPATH\rewrite.php(44): require_once('C:\\xampp\\htdocs\\lab11_ci\\ci4\\public\\index.php')
CRITICAL - 2026-03-08 04:08:40 --> CodeIgniter\View\Exceptions\ViewException: Invalid file: "template/admin_header.php"
[Method: GET, Route: admin/artikel]
in SYSTEMPATH\Exceptions\FrameworkException.php on line 39.
 1 SYSTEMPATH\View\View.php(226): CodeIgniter\Exceptions\FrameworkException::forInvalidFile('template/admin_header.php')
 2 SYSTEMPATH\View\View.php(487): CodeIgniter\View\View->render('template/admin_header', null, true)
 3 APPPATH\Views\artikel\admin_index.php(1): CodeIgniter\View\View->include('template/admin_header')
 4 SYSTEMPATH\View\View.php(238): include('C:\\xampp\\htdocs\\lab11_ci\\ci4\\app\\Views\\artikel\\admin_index.php')
 5 SYSTEMPATH\View\View.php(241): CodeIgniter\View\View->CodeIgniter\View\{closure}()
 6 SYSTEMPATH\Common.php(1250): CodeIgniter\View\View->render('artikel/admin_index', [], true)
 7 APPPATH\Controllers\Artikel.php(40): view('artikel/admin_index', [...])
 8 SYSTEMPATH\CodeIgniter.php(951): App\Controllers\Artikel->admin_index()
 9 SYSTEMPATH\CodeIgniter.php(497): CodeIgniter\CodeIgniter->runController(Object(App\Controllers\Artikel))
10 SYSTEMPATH\CodeIgniter.php(340): CodeIgniter\CodeIgniter->handleRequest(null, Object(Config\Cache), false)
11 SYSTEMPATH\Boot.php(417): CodeIgniter\CodeIgniter->run()
12 SYSTEMPATH\Boot.php(68): CodeIgniter\Boot::runCodeIgniter(Object(CodeIgniter\CodeIgniter))
13 FCPATH\index.php(59): CodeIgniter\Boot::bootWeb(Object(Config\Paths))
14 SYSTEMPATH\rewrite.php(44): require_once('C:\\xampp\\htdocs\\lab11_ci\\ci4\\public\\index.php')
CRITICAL - 2026-03-08 04:11:38 --> CodeIgniter\View\Exceptions\ViewException: Invalid file: "template/admin_header.php"
[Method: GET, Route: admin/artikel]
in SYSTEMPATH\Exceptions\FrameworkException.php on line 39.
 1 SYSTEMPATH\View\View.php(226): CodeIgniter\Exceptions\FrameworkException::forInvalidFile('template/admin_header.php')
 2 SYSTEMPATH\View\View.php(487): CodeIgniter\View\View->render('template/admin_header', null, true)
 3 APPPATH\Views\artikel\admin_index.php(1): CodeIgniter\View\View->include('template/admin_header')
 4 SYSTEMPATH\View\View.php(238): include('C:\\xampp\\htdocs\\lab11_ci\\ci4\\app\\Views\\artikel\\admin_index.php')
 5 SYSTEMPATH\View\View.php(241): CodeIgniter\View\View->CodeIgniter\View\{closure}()
 6 SYSTEMPATH\Common.php(1250): CodeIgniter\View\View->render('artikel/admin_index', [], true)
 7 APPPATH\Controllers\Artikel.php(41): view('artikel/admin_index', [...])
 8 SYSTEMPATH\CodeIgniter.php(951): App\Controllers\Artikel->admin_index()
 9 SYSTEMPATH\CodeIgniter.php(497): CodeIgniter\CodeIgniter->runController(Object(App\Controllers\Artikel))
10 SYSTEMPATH\CodeIgniter.php(340): CodeIgniter\CodeIgniter->handleRequest(null, Object(Config\Cache), false)
11 SYSTEMPATH\Boot.php(417): CodeIgniter\CodeIgniter->run()
12 SYSTEMPATH\Boot.php(68): CodeIgniter\Boot::runCodeIgniter(Object(CodeIgniter\CodeIgniter))
13 FCPATH\index.php(59): CodeIgniter\Boot::bootWeb(Object(Config\Paths))
14 SYSTEMPATH\rewrite.php(44): require_once('C:\\xampp\\htdocs\\lab11_ci\\ci4\\public\\index.php')
CRITICAL - 2026-03-08 04:11:51 --> CodeIgniter\View\Exceptions\ViewException: Invalid file: "template/admin_header.php"
[Method: GET, Route: admin/artikel]
in SYSTEMPATH\Exceptions\FrameworkException.php on line 39.
 1 SYSTEMPATH\View\View.php(226): CodeIgniter\Exceptions\FrameworkException::forInvalidFile('template/admin_header.php')
 2 SYSTEMPATH\View\View.php(487): CodeIgniter\View\View->render('template/admin_header', null, true)
 3 APPPATH\Views\artikel\admin_index.php(1): CodeIgniter\View\View->include('template/admin_header')
 4 SYSTEMPATH\View\View.php(238): include('C:\\xampp\\htdocs\\lab11_ci\\ci4\\app\\Views\\artikel\\admin_index.php')
 5 SYSTEMPATH\View\View.php(241): CodeIgniter\View\View->CodeIgniter\View\{closure}()
 6 SYSTEMPATH\Common.php(1250): CodeIgniter\View\View->render('artikel/admin_index', [], true)
 7 APPPATH\Controllers\Artikel.php(41): view('artikel/admin_index', [...])
 8 SYSTEMPATH\CodeIgniter.php(951): App\Controllers\Artikel->admin_index()
 9 SYSTEMPATH\CodeIgniter.php(497): CodeIgniter\CodeIgniter->runController(Object(App\Controllers\Artikel))
10 SYSTEMPATH\CodeIgniter.php(340): CodeIgniter\CodeIgniter->handleRequest(null, Object(Config\Cache), false)
11 SYSTEMPATH\Boot.php(417): CodeIgniter\CodeIgniter->run()
12 SYSTEMPATH\Boot.php(68): CodeIgniter\Boot::runCodeIgniter(Object(CodeIgniter\CodeIgniter))
13 FCPATH\index.php(59): CodeIgniter\Boot::bootWeb(Object(Config\Paths))
14 SYSTEMPATH\rewrite.php(44): require_once('C:\\xampp\\htdocs\\lab11_ci\\ci4\\public\\index.php')
CRITICAL - 2026-03-08 04:11:51 --> CodeIgniter\View\Exceptions\ViewException: Invalid file: "template/admin_header.php"
[Method: GET, Route: admin/artikel]
in SYSTEMPATH\Exceptions\FrameworkException.php on line 39.
 1 SYSTEMPATH\View\View.php(226): CodeIgniter\Exceptions\FrameworkException::forInvalidFile('template/admin_header.php')
 2 SYSTEMPATH\View\View.php(487): CodeIgniter\View\View->render('template/admin_header', null, true)
 3 APPPATH\Views\artikel\admin_index.php(1): CodeIgniter\View\View->include('template/admin_header')
 4 SYSTEMPATH\View\View.php(238): include('C:\\xampp\\htdocs\\lab11_ci\\ci4\\app\\Views\\artikel\\admin_index.php')
 5 SYSTEMPATH\View\View.php(241): CodeIgniter\View\View->CodeIgniter\View\{closure}()
 6 SYSTEMPATH\Common.php(1250): CodeIgniter\View\View->render('artikel/admin_index', [], true)
 7 APPPATH\Controllers\Artikel.php(41): view('artikel/admin_index', [...])
 8 SYSTEMPATH\CodeIgniter.php(951): App\Controllers\Artikel->admin_index()
 9 SYSTEMPATH\CodeIgniter.php(497): CodeIgniter\CodeIgniter->runController(Object(App\Controllers\Artikel))
10 SYSTEMPATH\CodeIgniter.php(340): CodeIgniter\CodeIgniter->handleRequest(null, Object(Config\Cache), false)
11 SYSTEMPATH\Boot.php(417): CodeIgniter\CodeIgniter->run()
12 SYSTEMPATH\Boot.php(68): CodeIgniter\Boot::runCodeIgniter(Object(CodeIgniter\CodeIgniter))
13 FCPATH\index.php(59): CodeIgniter\Boot::bootWeb(Object(Config\Paths))
14 SYSTEMPATH\rewrite.php(44): require_once('C:\\xampp\\htdocs\\lab11_ci\\ci4\\public\\index.php')
CRITICAL - 2026-03-08 04:13:24 --> CodeIgniter\View\Exceptions\ViewException: Invalid file: "template/admin_header.php"
[Method: GET, Route: admin/artikel]
in SYSTEMPATH\Exceptions\FrameworkException.php on line 39.
 1 SYSTEMPATH\View\View.php(226): CodeIgniter\Exceptions\FrameworkException::forInvalidFile('template/admin_header.php')
 2 SYSTEMPATH\View\View.php(487): CodeIgniter\View\View->render('template/admin_header', null, true)
 3 APPPATH\Views\artikel\admin_index.php(1): CodeIgniter\View\View->include('template/admin_header')
 4 SYSTEMPATH\View\View.php(238): include('C:\\xampp\\htdocs\\lab11_ci\\ci4\\app\\Views\\artikel\\admin_index.php')
 5 SYSTEMPATH\View\View.php(241): CodeIgniter\View\View->CodeIgniter\View\{closure}()
 6 SYSTEMPATH\Common.php(1250): CodeIgniter\View\View->render('artikel/admin_index', [], true)
 7 APPPATH\Controllers\Artikel.php(41): view('artikel/admin_index', [...])
 8 SYSTEMPATH\CodeIgniter.php(951): App\Controllers\Artikel->admin_index()
 9 SYSTEMPATH\CodeIgniter.php(497): CodeIgniter\CodeIgniter->runController(Object(App\Controllers\Artikel))
10 SYSTEMPATH\CodeIgniter.php(340): CodeIgniter\CodeIgniter->handleRequest(null, Object(Config\Cache), false)
11 SYSTEMPATH\Boot.php(417): CodeIgniter\CodeIgniter->run()
12 SYSTEMPATH\Boot.php(68): CodeIgniter\Boot::runCodeIgniter(Object(CodeIgniter\CodeIgniter))
13 FCPATH\index.php(59): CodeIgniter\Boot::bootWeb(Object(Config\Paths))
14 SYSTEMPATH\rewrite.php(44): require_once('C:\\xampp\\htdocs\\lab11_ci\\ci4\\public\\index.php')
CRITICAL - 2026-03-08 04:13:25 --> CodeIgniter\View\Exceptions\ViewException: Invalid file: "template/admin_header.php"
[Method: GET, Route: admin/artikel]
in SYSTEMPATH\Exceptions\FrameworkException.php on line 39.
 1 SYSTEMPATH\View\View.php(226): CodeIgniter\Exceptions\FrameworkException::forInvalidFile('template/admin_header.php')
 2 SYSTEMPATH\View\View.php(487): CodeIgniter\View\View->render('template/admin_header', null, true)
 3 APPPATH\Views\artikel\admin_index.php(1): CodeIgniter\View\View->include('template/admin_header')
 4 SYSTEMPATH\View\View.php(238): include('C:\\xampp\\htdocs\\lab11_ci\\ci4\\app\\Views\\artikel\\admin_index.php')
 5 SYSTEMPATH\View\View.php(241): CodeIgniter\View\View->CodeIgniter\View\{closure}()
 6 SYSTEMPATH\Common.php(1250): CodeIgniter\View\View->render('artikel/admin_index', [], true)
 7 APPPATH\Controllers\Artikel.php(41): view('artikel/admin_index', [...])
 8 SYSTEMPATH\CodeIgniter.php(951): App\Controllers\Artikel->admin_index()
 9 SYSTEMPATH\CodeIgniter.php(497): CodeIgniter\CodeIgniter->runController(Object(App\Controllers\Artikel))
10 SYSTEMPATH\CodeIgniter.php(340): CodeIgniter\CodeIgniter->handleRequest(null, Object(Config\Cache), false)
11 SYSTEMPATH\Boot.php(417): CodeIgniter\CodeIgniter->run()
12 SYSTEMPATH\Boot.php(68): CodeIgniter\Boot::runCodeIgniter(Object(CodeIgniter\CodeIgniter))
13 FCPATH\index.php(59): CodeIgniter\Boot::bootWeb(Object(Config\Paths))
14 SYSTEMPATH\rewrite.php(44): require_once('C:\\xampp\\htdocs\\lab11_ci\\ci4\\public\\index.php')
